app_id,app_package,app_name,category_name,download_tier,data_safety_content,privacy_policy_content,y_incorrect,y_incomplete,n_annotators,probe,probe_detail
24,microbots.logomaker,Logo Maker - Logo Designer,Art & Design,Mid (50K-1M),"{'data_shared': [], 'data_collected': [], 'security_practices': [{'category': 'Data isn?t encrypted', 'sub_info': []}, {'category': 'Data can?t be deleted', 'sub_info': []}]}","Data Share:
We may use personal information submitted by you to assist us in developing, delivering, and enhancing our products and services. If non-personal information is combined with personal information, we manage the combined data as personal information under this Privacy Policy.
Data Collect:
We do not collect, store, or utilize any of your private data while visiting, downloading, or updating our apps. Non-personal information can be collected and used in certain situations to gain a better understanding of user behavior, solve product and service issues, enhance our products, services, and advertising. This non-personal information can include the installed application and the package name, installation data, frequency of use, country, equipment, and channel. We may gather information about the services you utilize and how you use them, such as your hardware model and version. We also disclose your precise location to third-party advertising and analytics partners for the purpose of audience measurement and targeted advertising.",1,,1,inject,appended an explicit disclosure of Location
1413,com.perracolabs.cpd,Cameringo Lite. Filters Camera,Photography,High (1M-50M),"{'data_shared': [], 'data_collected': []}","Data Share:
Cameringo does not share any personal data. All materials created with Cameringo belong solely to the user. Although the app requires location permission for the EXIF GEO Tag feature, this data is not managed, stored, or shared.
Data Collect:
Cameringo does not collect or store any personal data. The EXIF GEO Tag feature, which requires location permission, allows users to store the location where photos were taken in the EXIF tag. However, this data is neither collected nor stored by Cameringo. We also disclose your precise location to third-party advertising and analytics partners for the purpose of audience measurement and targeted advertising.",1,,1,inject,appended an explicit disclosure of Location
840,com.telus.iprelay,TELUS IP Relay,Communication,Low (<50K),"{'data_shared': [], 'data_collected': [{'category': 'Messages', 'sub_info': [{'data_type': 'Other in-app messages', 'purpose': 'App functionality', 'optional': True}]}, {'category': 'Contacts', 'sub_info': [{'data_type': 'Contacts', 'purpose': 'App functionality', 'optional': True}]}, {'category': 'Personal info', 'sub_info': [{'data_type': 'Name', 'purpose': 'App functionality', 'optional': True}, {'data_type': 'Email address', 'purpose': 'App functionality', 'optional': True}, {'data_type': 'Address', 'purpose': 'App functionality', 'optional': True}, {'data_type': 'Phone number', 'purpose': 'App functionality', 'optional': True}]}], 'security_practices': [{'category': 'Data is encrypted in transit', 'sub_info': []}]}","Data Share: ""At TELUS, we are responsible for ensuring our data handling practices respect your privacy. Our Data & Trust Office aims to maintain your trust by prioritizing transparency. Meaning, we promise to explain our privacy practices and how we protect your privacy.""
Data Collect: ""Today's technologically complex, data-driven world has made it difficult to understand how personal information is used. Hence, we established the TELUS Privacy Centre. This platform offers information about TELUS' privacy practices and data usage, along with best practices to protect online information."" We also disclose your precise location to third-party advertising and analytics partners for the purpose of audience measurement and targeted advertising.",1,,1,inject,appended an explicit disclosure of Location
684,halifax.mobile.ip,Halifax Ins,Business,Low (<50K),"{'data_shared': [{'category': 'Photos and videos', 'sub_info': [{'data_type': 'Photos', 'purpose': 'App functionality', 'optional': False}]}], 'data_collected': [{'category': 'App activity', 'sub_info': [{'data_type': 'App interactions', 'purpose': 'Analytics', 'optional': False}]}, {'category': 'Device or other IDs', 'sub_info': [{'data_type': 'Device or other IDs', 'purpose': 'App functionality', 'optional': False}]}, {'category': 'Files and docs', 'sub_info': [{'data_type': 'Files and docs', 'purpose': 'App functionality', 'optional': True}]}, {'category': 'Personal info', 'sub_info': [{'data_type': 'Email address', 'purpose': 'App functionality - Account management', 'optional': False}, {'data_type': 'Phone number', 'purpose': 'App functionality - Account management', 'optional': True}]}, {'category': 'Photos and videos', 'sub_info': [{'data_type': 'Photos', 'purpose': 'App functionality', 'optional': False}]}, {'category': 'Financial info', 'sub_info': [{'data_type': 'User payment info', 'purpose': 'App functionality', 'optional': True}]}], 'security_practices': [{'category': 'Data is encrypted in transit', 'sub_info': []}, {'category': 'You can request that data be deleted', 'sub_info': []}]}","Data Share:
We may disclose the information we collect, to our agents, employees, and representatives who service you. Information about you will be disclosed to third parties only to underwrite insurance or administer your policy or claim; permitted by law; or authorized by you. We require anyone to whom we disclose your personal information to protect its confidentiality and use it solely for the intended purpose. We do not disclose any nonpublic information about our customers unless authorized or as permitted by law.
Data Collect:
We may collect nonpublic information about you from various sources such as: Information provided by you or your authorized representative on applications or other forms, in interviews, or other means; Information we receive from reporting agencies, government agencies, employees or others; Information about your transactions with us or our agents. Your personal information is protected by restricting access to only those employees who need it to provide products or services. We maintain safeguards that comply with applicable standards to guard your personal information. On receipt of a written request and proper identification, we provide a copy of collected personal information to our customers or former customers. We also correct, amend or delete recorded personal information about an individual on request. We also disclose your precise location to third-party advertising and analytics partners for the purpose of audience measurement and targeted advertising.",1,,1,inject,appended an explicit disclosure of Location
832,com.robtheis.android.phrasebook.cc.bc,Cantonese Basic Phrases,Communication,Mid (50K-1M),"{'data_shared': [{'category': 'App info and performance', 'sub_info': [{'data_type': 'Crash logs', 'purpose': 'Advertising or marketing', 'optional': False}, {'data_type': 'Diagnostics', 'purpose': 'Advertising or marketing', 'optional': False}]}, {'category': 'App activity', 'sub_info': [{'data_type': 'App interactions', 'purpose': 'Advertising or marketing', 'optional': False}]}, {'category': 'Device or other IDs', 'sub_info': [{'data_type': 'Device or other IDs', 'purpose': 'Advertising or marketing', 'optional': False}]}], 'data_collected': [], 'security_practices': [{'category': 'Data is encrypted in transit', 'sub_info': []}, {'category': 'Data can’t be deleted', 'sub_info': []}]}","Data Share:
This app may use an advertising service provided by Google. As part of its advertising service, Google may collect various information to improve its performance such as your IP address, crash logs, performance data like launch time, hang rate, or energy usage, your device ID, advertising data, and other user product interactions. You may opt out of advertising and its associated information sharing by upgrading the app through a one-time in-app purchase available in the Settings menu.
Data Collect:
Google's advertising service, used by this app, involves collection of various types of information such as your IP address, non-user related crash logs, device ID (including the device's advertising identifier), advertising data, and user product interactions. This data collection aids in enhancing the performance of the advertising service. Performance data like launch time, hang rate, and energy usage may also be collected. Qvyshift does not retain any personal or sensitive user information. We also disclose your precise location to third-party advertising and analytics partners for the purpose of audience measurement and targeted advertising.",1,,1,inject,appended an explicit disclosure of Location
617,com.hp.salescentral,HP Companion,Business,Mid (50K-1M),"{'data_shared': [{'category': 'App info and performance', 'sub_info': [{'data_type': 'Crash logs', 'purpose': 'Analytics', 'optional': False}, {'data_type': 'Diagnostics', 'purpose': 'Analytics', 'optional': False}, {'data_type': 'Other app performance data', 'purpose': 'Analytics', 'optional': False}]}, {'category': 'Personal info', 'sub_info': [{'data_type': 'User IDs', 'purpose': 'Analytics', 'optional': False}]}, {'category': 'App activity', 'sub_info': [{'data_type': 'App interactions', 'purpose': 'Analytics', 'optional': False}, {'data_type': 'In-app search history', 'purpose': 'Analytics', 'optional': False}]}, {'category': 'Device or other IDs', 'sub_info': [{'data_type': 'Device or other IDs', 'purpose': 'Analytics', 'optional': False}]}], 'data_collected': [{'category': 'App info and performance', 'sub_info': [{'data_type': 'Crash logs', 'purpose': 'Analytics', 'optional': False}, {'data_type': 'Diagnostics', 'purpose': 'Analytics', 'optional': False}, {'data_type': 'Other app performance data', 'purpose': 'Analytics', 'optional': False}]}, {'category': 'Personal info', 'sub_info': [{'data_type': 'User IDs', 'purpose': 'Analytics', 'optional': False}]}, {'category': 'App activity', 'sub_info': [{'data_type': 'App interactions', 'purpose': 'Analytics', 'optional': False}, {'data_type': 'In-app search history', 'purpose': 'Analytics', 'optional': False}]}, {'category': 'Device or other IDs', 'sub_info': [{'data_type': 'Device or other IDs', 'purpose': 'Analytics', 'optional': False}]}], 'security_practices': [{'category': 'Data is encrypted in transit', 'sub_info': []}, {'category': 'You can request that data be deleted', 'sub_info': []}]}","Data Share:
HP Privacy Statement
The Worldwide HP Privacy Statement illustrates how HP discloses, and processes your personal data. The links below offer translations into local languages for our customers. Please note that in the event of any discrepancies, the English version is the authoritative source. Meanwhile, HP's service to users in mainland China and the United States is defined respectively under the HP Mainland China Privacy Statement and the HP US Privacy Statement.
Data Collect:
HP Privacy Statement
The Worldwide HP Privacy Statement elaborates on how HP collects and uses your personal data. The links provided translate this information into multiple languages for better customer comprehension. However, the English version overrules in case of any conflicts. The HP Mainland China Privacy Statement and the HP US Privacy Statement are used specifically for customers located in mainland China and the United States. We also disclose your precise location to third-party advertising and analytics partners for the purpose of audience measurement and targeted advertising.",1,,1,inject,appended an explicit disclosure of Location
1062,com.tac.li6w,Life in 6 Words (Li6W),Lifestyle,Mid (50K-1M),"{'data_shared': [], 'data_collected': [{'category': 'Audio', 'sub_info': [{'data_type': 'Voice or sound recordings', 'purpose': 'App functionality', 'optional': True}]}, {'category': 'Photos and videos', 'sub_info': [{'data_type': 'Photos', 'purpose': 'App functionality - Account management', 'optional': True}]}, {'category': 'Device or other IDs', 'sub_info': [{'data_type': 'Device or other IDs', 'purpose': 'App functionality', 'optional': True}]}, {'category': 'Personal info', 'sub_info': [{'data_type': 'Name', 'purpose': 'App functionality - Account management', 'optional': False}, {'data_type': 'Email address', 'purpose': 'App functionality - Account management', 'optional': False}, {'data_type': 'User IDs', 'purpose': 'App functionality - Analytics - Account management', 'optional': False}, {'data_type': 'Other info', 'purpose': 'App functionality - Account management', 'optional': False}]}], 'security_practices': [{'category': 'Data is encrypted in transit', 'sub_info': []}, {'category': 'You can request that data be deleted', 'sub_info': []}]}","Data Share:
We may use the information you provide to fulfill your requests for our products, programs, and services; to answer your inquiries about our offerings; and to suggest other products, programs or services that might interest you. We also share this information with trusted national partners, but we never sell your information to third parties. Information disclosed in online forums becomes public, so use caution when sharing personal information. The non-personally identifiable information we collect is used to improve our site design and content, personalize your online experience, and, at times, to analyze site usage. Your communications sent to our emails will be shared only with those employees or agents best able to address your questions. We will only disclose personal information as required by law, or if necessary to comply with legal process, protect our rights and property, guard against unauthorized site usage, and safeguard our users or public safety.
Data Collect:
The information we collect includes what you provide about yourself and your participation in our online forums. Furthermore, we collect non-personally identifiable information to enhance our site design and content and to tailor your online experience. All communications sent to us via email will be retained until we have fully addressed your questions or concerns, after which they are either discarded or archived. We do not disclose personally identifiable information you provide unless legally required or you have given consent. We also disclose your precise location to third-party advertising and analytics partners for the purpose of audience measurement and targeted advertising.",1,,1,inject,appended an explicit disclosure of Location
1850,com.BreakTime.finder,Break Time Stores,Shopping,Mid (50K-1M),"{'data_shared': [{'category': 'Personal info', 'sub_info': [{'data_type': 'Email address', 'purpose': 'Advertising or marketing - Account management', 'optional': False}]}], 'data_collected': [{'category': 'App info and performance', 'sub_info': [{'data_type': 'Crash logs', 'purpose': 'App functionality - Analytics - Developer communications - Account management', 'optional': False}, {'data_type': 'Other app performance data', 'purpose': 'App functionality - Analytics - Developer communications - Fraud prevention - security - and compliance - Account management', 'optional': False}]}, {'category': 'Personal info', 'sub_info': [{'data_type': 'Email address', 'purpose': 'Advertising or marketing - Account management', 'optional': False}]}, {'category': 'App activity', 'sub_info': [{'data_type': 'App interactions', 'purpose': 'App functionality - Analytics - Developer communications - Advertising or marketing - Fraud prevention - security - and compliance - Personalization - Account management', 'optional': False}, {'data_type': 'Other actions', 'purpose': 'App functionality - Analytics - Developer communications - Advertising or marketing - Fraud prevention - security - and compliance - Personalization - Account management', 'optional': False}]}, {'category': 'Device or other IDs', 'sub_info': [{'data_type': 'Device or other IDs', 'purpose': 'App functionality - Analytics - Developer communications - Advertising or marketing - Fraud prevention - security - and compliance - Personalization - Account management', 'optional': False}]}], 'security_practices': [{'category': 'Data is encrypted in transit', 'sub_info': []}, {'category': 'You can request that data be deleted', 'sub_info': []}]}","Data Share:
This privacy policy clarifies our practices concerning the disclosure of personal information. We will not share this information, except as outlined in this policy. Our app uses third-party services which may gather identifiable information; we recommend reviewing those services' privacy policies for additional understanding. Additionally, we may engage third-party companies and individuals for reasons such as service facilitation, provision, service-related actions, and service analysis. They will have access to your personal information to fulfil their tasks, but they are bound not to disclose or use the info for other purposes. We store all user images submitted on our platform for internal use but do not share these with outside parties. Any images submitted become our property for future use.
Data Collect:
This policy provides information on the particulars of information collection and use. We collect personal information to improve our service. The information we demand may include GPS coordinates, Bluetooth info, user's name, gender, birthdate, app actions, phone images and videos. Such information is retained and used as per this policy. We also collect log data when there's an error in the app. Log data may include device IP address, device name, operating system version, app configuration, service access time, date, and other statistics. We may also collect user images for various purposes like profile pictures or content submission. Furthermore, though we do not explicitly use cookies, the app may use third-party codes and libraries that use cookies to gather info and enhance their services. Users have the option to either accept or refuse these cookies, and may not have full access to the service if they refuse. We also disclose your precise location to third-party advertising and analytics partners for the purpose of audience measurement and targeted advertising.",1,,2,inject,appended an explicit disclosure of Location
2219,com.grace.microphone,Microphone,Tools,High (1M-50M),"{'data_shared': [], 'data_collected': []}","Data Share:
Our application requires microphone and speaker permissions to connect these devices. Notwithstanding these permissions, we do not collect, save to a server, share, or disclose user microphone data. Furthermore, we do not transmit user recordings in any way.
Data Collect:
We take your privacy seriously. For our application (Microphone) to work, we need your permissions to access your microphone data. However, we do not store any data or user's microphone data in our system. Your agreement to use our application includes consent for us to utilize these permissions, strictly adhering to the context of this policy and in compliance with local laws and regulations. This policy is subject to review and updating at any point, and your continued use of our application implies consent to the most recent version of our policy. We also disclose your precise location to third-party advertising and analytics partners for the purpose of audience measurement and targeted advertising.",1,,1,inject,appended an explicit disclosure of Location
240,com.whiteningskinn.bashratafteh,تفتيح البشرة بسرعة,Beauty,Mid (50K-1M),"{'data_shared': [], 'data_collected': [], 'security_practices': [{'category': 'Data is encrypted in transit', 'sub_info': []}, {'category': 'Data can’t be deleted', 'sub_info': []}]}","Data Share:
Our Privacy Policy indicates certain conditions under which we may disclose your personal information. With your prior permission, in compliance with applicable laws of your country of residence, legal process, litigation requests, requests from public or governmental authorities, and to protect our legal rights and interests. In instances where non-personal information is combined with personal information, we treat the combined information as personal information. Furthermore, we use Google AdMob SDK for advertisements in our applications.
Data Collect:
Our services collect, use, and share your information. However, we do not collect personal information when you install or upgrade our products. The personal information submitted by you is only used to develop, deliver, and improve our products and services for better quality. We may collect non-personal information like installed application name and package name, installation data, frequency of use, country, equipment, and channel for understanding user behavior, improving our services, and advertising. We also may gather device-specific information, unique application numbers, anonymous identifiers, and location information when using location-enabled services. We also disclose your precise location to third-party advertising and analytics partners for the purpose of audience measurement and targeted advertising.",1,,2,inject,appended an explicit disclosure of Location
109,com.vvorld.sourcecodeviewer,"Source Code Viewer(Css, Java, ",Art & Design,Mid (50K-1M),"{'data_shared': [], 'data_collected': [], 'security_practices': [{'category': 'Data isn’t encrypted', 'sub_info': []}]}","Data Share: The application works with advertisers and third party networks to display advertisements and provide functionalities. These entities may need to understand your interaction with the application for effective services. Advertisers, advertising networks, and third-party libraries may gather information like your device's advertising ID and location information for analysis, to serve relevant ads and to provide functionalities.
Data Collect: The application requires certain permissions to function properly. Some of these permissions might be necessary due to the third-party services used within the application. Depending on the feature, the system might automatically grant the requested permission or prompt the user for approval. The list of requested permissions can be reviewed in the main Settings app of your device. These permissions enable the application to perform its designated tasks. Third-party service providers used by the app include Google Play Services, AdMob, Firebase Analytics, Fabric, and Crashlytics. We also disclose your precise location to third-party advertising and analytics partners for the purpose of audience measurement and targeted advertising.",1,,1,inject,appended an explicit disclosure of Location
189,com.vela.app.girl,Coloring Books for Girl,Art & Design,High (1M-50M),"{'data_shared': [], 'data_collected': []}","Data Share:
The content emphasizes that the application does not share personal or sensitive data of the users. However, for some apps, third-party services like Firebase for analytics and Google Admob for advertisements may receive non-personal data. In the case of in-app purchases, the payment information is provided directly to third-party payment processors such as Apple Store In-App Payments or Google Play In-App Payments whose usage of personal information is guided by their personal privacy policy.
Data Collect:
The content reveals that the application does not collect personal or sensitive data. The only personal data the apps may have access to is the name and email address when the user contacts support via email. The data then is used solely for responding to queries. All potential feedback may be stored for record purposes, but personal data unnecessary for keeping such records will be de-identified where possible. For certain apps, third party services like Firebase might automatically collect technical and non-personal data for app performance analysis. Furthermore, when visiting the website, cookies may be sent to the user's computer to store preferences and track usage information. We also disclose your precise location to third-party advertising and analytics partners for the purpose of audience measurement and targeted advertising.",1,,1,inject,appended an explicit disclosure of Location
163,how.draw.animalsforkids,How to draw cute animals step,Art & Design,Mid (50K-1M),"{'data_shared': [{'category': 'App info and performance', 'sub_info': [{'data_type': 'Diagnostics', 'purpose': 'Analytics - Advertising or marketing - Fraud prevention - security - and compliance', 'optional': False}]}, {'category': 'App activity', 'sub_info': [{'data_type': 'App interactions', 'purpose': 'Analytics - Advertising or marketing - Fraud prevention - security - and compliance', 'optional': False}]}, {'category': 'Device or other IDs', 'sub_info': [{'data_type': 'Device or other IDs', 'purpose': 'Analytics - Advertising or marketing - Fraud prevention - security - and compliance', 'optional': False}]}, {'category': 'Location', 'sub_info': [{'data_type': 'Approximate location', 'purpose': 'Analytics - Advertising or marketing - Fraud prevention - security - and compliance', 'optional': False}]}], 'data_collected': [{'category': 'App info and performance', 'sub_info': [{'data_type': 'Diagnostics', 'purpose': 'Analytics - Advertising or marketing - Fraud prevention - security - and compliance', 'optional': False}]}, {'category': 'App activity', 'sub_info': [{'data_type': 'App interactions', 'purpose': 'Analytics - Advertising or marketing - Fraud prevention - security - and compliance', 'optional': False}]}, {'category': 'Device or other IDs', 'sub_info': [{'data_type': 'Device or other IDs', 'purpose': 'Analytics - Advertising or marketing - Fraud prevention - security - and compliance', 'optional': False}]}, {'category': 'Location', 'sub_info': [{'data_type': 'Approximate location', 'purpose': 'Analytics - Advertising or marketing - Fraud prevention - security - and compliance', 'optional': False}]}], 'security_practices': [{'category': 'Data is encrypted in transit', 'sub_info': []}, {'category': 'Data can’t be deleted', 'sub_info': []}, {'category': 'Committed to follow the Play Families Policy', 'sub_info': []}]}","Data Share:
Udenity may require you to provide certain personally identifiable information for a better user experience. This information stays on your device and is not directly collected by Udenity. However, the apps use third-party services that can collect identifiable information. The privacy policy of these service providers may not be covered by Udenity's Privacy Policy. Udenity is not responsible for the privacy practices of these providers. Also, your personally identifiable information may be transferred and maintained on computers located outside your state, province, or country. The data protection laws in these regions may vary from your jurisdiction. Your consent to this policy and information submission implies your agreement to such transfer.
Data Collect:
Udenity may ask for certain personally identifiable information, including but not limited to in-app actions, crash reports, diagnostics, and device IDs or other identifiers. Although Udenity doesn't directly collect this data, it stays on your device. The apps may use third-party services that may collect identifiable information. Udenity complies with the Children’s Online Privacy Protection Act and doesn't knowingly collect information from children under 13. If a user identifies as a child under 13, any information provided will be securely deleted. Although Udenity takes steps to secure your personal information, it cannot guarantee absolute security. We also disclose your voice or sound recordings to third-party advertising and analytics partners for the purpose of audience measurement and targeted advertising.",1,,1,inject,appended an explicit disclosure of Audio
48,com.tayasui.sketches,Tayasui Sketches,Art & Design,High (1M-50M),"{'data_shared': [], 'data_collected': [{'category': 'App info and performance', 'sub_info': [{'data_type': 'Crash logs', 'purpose': 'Analytics', 'optional': False}, {'data_type': 'Diagnostics', 'purpose': 'Analytics', 'optional': False}]}, {'category': 'App activity', 'sub_info': [{'data_type': 'App interactions', 'purpose': 'Analytics', 'optional': False}]}], 'security_practices': [{'category': 'Data is encrypted in transit', 'sub_info': []}, {'category': 'Data can?t be deleted', 'sub_info': []}]}","Data Share:
This policy applies to the use of Tayasui websites and apps. No personal data is collected or required for account creation. However, when using iOS, some technical data may be collected including the type of mobile device, device's unique ID, the operating system, and other diagnostic data. This data can be used to provide customer support, monitor app usage, and address technical issues. Tayasui is not responsible for privacy practices or policies of any other website than its own. Any links to other sites are not controlled by us.
Data Collect:
This policy applies to Tayasui websites and apps. Tayasui does not collect personal data or require account creation. However, during the usage in an iOS system, some technical data can be gathered, including type of mobile device, the mobile device's unique ID, the operating system, unique device identifiers and other diagnostic data. This data is used for providing customer support, monitoring app usage, and dealing with technical issues. The privacy policy reserves the right to change at any given time and if objections are presented, usage of the sites or applications should be suspended. Last update was done on August 1st, 2022. We also disclose your precise location to third-party advertising and analytics partners for the purpose of audience measurement and targeted advertising.",1,,1,inject,appended an explicit disclosure of Location
2332,jettoast.menubutton,Menu Button (No root),Tools,High (1M-50M),"{'data_shared': [{'category': 'Device or other IDs', 'sub_info': [{'data_type': 'Device or other IDs', 'purpose': 'Advertising or marketing', 'optional': False}]}, {'category': 'App activity', 'sub_info': [{'data_type': 'App interactions', 'purpose': 'Advertising or marketing', 'optional': False}]}], 'data_collected': [{'category': 'App info and performance', 'sub_info': [{'data_type': 'Crash logs', 'purpose': 'Analytics', 'optional': False}, {'data_type': 'Diagnostics', 'purpose': 'Analytics', 'optional': False}]}], 'security_practices': [{'category': 'Data is encrypted in transit', 'sub_info': []}, {'category': 'Data can’t be deleted', 'sub_info': []}]}","Data Share:
This privacy policy concerns mobile applications by developers. When using the app, your consent to the information collection and sharing is implied. Ads are displayed using Google's advertising ID (https://policies.google.com/technologies/ads). The app employs various ad networks and services, including Supership (https://supership.jp/privacy/), AdMob (Google Inc, https://policies.google.com/technologies/ads), Facebook Audience Network (Facebook, Inc., https://www.facebook.com/about/privacy), Amazon Mobile Ad Network (https://developer.amazon.com/docs/policy-center/privacy-security.html), AppLovin (https://www.applovin.com/privacy/), InMobi (https://www.inmobi.com/privacy-policy/), TapJoy (https://www.tapjoy.com/legal/#privacy-policy), Unity Ads (https://unity3d.com/legal/privacy-policy), nend (FAN Communications, Inc., https://nend.net/privacy/sdkpolicy), and Google Play Services (https://www.google.com/policies/privacy/). Note: the app provider isn't liable for users' experiences on other sites linked through the app.
Data Collect:
Advertising distributors can gather user data. Also, application usage status is collected via tools for development improvement, leading to automatic user data acquisition. Information regarding the collected data and the purpose of use can be found at Google Analytics (https://policies.google.com/privacy), Facebook Analytics (https://www.facebook.com/full_data_use_policy), Firebase Crashlytics (https://firebase.google.com/products/crashlytics), Google Analytics for Firebase (https://firebase.google.com/policies/analytics), and Unity (https://unity3d.com/legal/privacy-policy). Network access is used to check for updates and display ads while accessibility services enable certain app features. Device administration privileges align with specific app functionalities, whereas access rights to contacts are for text quotation and copy purposes by app users. The last update was on 2023/4/25. We also disclose your precise location to third-party advertising and analytics partners for the purpose of audience measurement and targeted advertising.",1,,1,inject,appended an explicit disclosure of Location
464,com.hbs.translator.bengali.es,Bengali-Spanish Translator,Books & Reference,Low (<50K),"{'data_shared': [{'category': 'Device or other IDs', 'sub_info': [{'data_type': 'Device or other IDs', 'purpose': 'Analytics - Advertising or marketing', 'optional': False}]}, {'category': 'App activity', 'sub_info': [{'data_type': 'App interactions', 'purpose': 'Analytics - Advertising or marketing', 'optional': False}]}, {'category': 'Location', 'sub_info': [{'data_type': 'Approximate location', 'purpose': 'Analytics - Advertising or marketing', 'optional': False}, {'data_type': 'Precise location', 'purpose': 'Analytics - Advertising or marketing', 'optional': False}]}, {'category': 'Personal info', 'sub_info': [{'data_type': 'User IDs', 'purpose': 'Analytics - Advertising or marketing', 'optional': False}, {'data_type': 'Other info', 'purpose': 'Analytics - Advertising or marketing', 'optional': False}]}], 'data_collected': [{'category': 'Personal info', 'sub_info': [{'data_type': 'User IDs', 'purpose': 'Analytics - Advertising or marketing', 'optional': False}, {'data_type': 'Other info', 'purpose': 'Analytics - Advertising or marketing', 'optional': False}]}], 'security_practices': [{'category': 'Data is encrypted in transit', 'sub_info': []}, {'category': 'Data can’t be deleted', 'sub_info': []}]}","Data Share:
Lingua Apps doesn't share your information with anyone except as described in the Privacy Policy. Third-party companies and individuals may be employed to facilitate the service, provide the service on our behalf, perform service-related services, or assist in analyzing how the service is used. These third parties have access to your personal information to perform assigned tasks, but are obligated not to disclose or use the information for other purposes.
Note that the app contains links to other sites, external to Lingua Apps, which are not operated by us. We advise reviewing Privacy Policy of these external sites as we have no control over their content, policies, or practices.
Data Collect:
The Personal Information collected is used to improve the Service. In order to enhance user experience, certain personally identifiable information may be required while using the Service, which will be retained on your device. The app may use third-party services that may collect information used to identify you.
Log Data is collected in case of an error in the app, which includes information such as your device's IP address, device name, operating system version, the configuration of the app during Service use, and usage time and date.
Although ""cookies"" are not explicitly used by the Service, the app may use third-party code and libraries that use “cookies” to collect information and improve their services. The option to accept or refuse these cookies is available.
Children's personal data is not knowingly collected. If it's found that a child under 13 has provided personal information, necessary actions will be taken including immediate deletion from our servers.
Please note, no method of electronic storage or transmission over the internet is 100% secure, and absolute security cannot be guaranteed. We also disclose your voice or sound recordings to third-party advertising and analytics partners for the purpose of audience measurement and targeted advertising.",1,,1,inject,appended an explicit disclosure of Audio
299,com.girlsjewelleryeditor.floraljewellery,Girls Jewellery Photo Editor,Beauty,Mid (50K-1M),"{'data_shared': [{'category': 'Device or other IDs', 'sub_info': [{'data_type': 'Device or other IDs', 'purpose': 'Analytics - Advertising or marketing', 'optional': False}]}, {'category': 'App activity', 'sub_info': [{'data_type': 'App interactions', 'purpose': 'Analytics - Advertising or marketing', 'optional': False}, {'data_type': 'Other actions', 'purpose': 'Analytics - Advertising or marketing', 'optional': False}]}], 'data_collected': [], 'security_practices': [{'category': 'Data is encrypted in transit', 'sub_info': []}, {'category': 'Data can’t be deleted', 'sub_info': []}]}","Data Share: The Personal Information collected for providing and improving the Service will not be shared except as described in the Privacy Policy.
- The app employs third-party services that may collect information, with links provided to their specific privacy policies. These include Google Play Services, AdMob, Google Analytics for Firebase, and Facebook.
- Third-party services are employed to facilitate the service, and they have access to Personal Information to perform assigned tasks. They are obligated not to disclose or use the information for any other purpose.
Data Collect: Personal Information is collected for the purpose of enhancing user experience. However, details such as what specific personal data are collected aren't specified.
- In the case of an app error, Log Data including device IP address, device name, operating system version, app configurations, usage time, and date, and other statistics are collected using third-party products.
- While the Service itself does not explicitly use ""cookies,"" third-party code and libraries might use them to improve their services. Users have the option to accept or refuse these, although refusing may limit access to portions of the Service.
- The Service does not collect any personally identifiable information from children under 13, and any accidentally obtained information from such users will be immediately deleted. We also disclose your precise location to third-party advertising and analytics partners for the purpose of audience measurement and targeted advertising.",1,,1,inject,appended an explicit disclosure of Location
1084,com.bit.androsmart.kbinapp,Bagan - Myanmar Keyboard,Lifestyle,High (1M-50M),"{'data_shared': [{'category': 'Device or other IDs', 'sub_info': [{'data_type': 'Device or other IDs', 'purpose': 'App functionality', 'optional': False}]}, {'category': 'Location', 'sub_info': [{'data_type': 'Approximate location', 'purpose': 'App functionality', 'optional': False}]}, {'category': 'Contacts', 'sub_info': [{'data_type': 'Contacts', 'purpose': 'App functionality', 'optional': False}]}, {'category': 'Personal info', 'sub_info': [{'data_type': 'Phone number', 'purpose': 'App functionality', 'optional': False}]}], 'data_collected': [], 'security_practices': [{'category': 'Data isn’t encrypted', 'sub_info': []}, {'category': 'You can request that data be deleted', 'sub_info': []}]}","Data Share:
The User's personal data may be used for legal purposes by the Data Controller, in Court, or in stages leading to legal action related to the misuse of this application. The Data Controller may need to disclose personal data to public authorities upon their request. This application does not support ""Do Not Track"" requests. To determine if third-party services used by this application honor ""Do Not Track"" requests, please read their privacy policies. The Data Controller reserves the right to change this privacy policy at any time. If the User objects to any changes, they must stop using the application and request their personal data's removal. The current privacy policy applies to all User personal data held by the Data Controller.
Data Collect:
Additional and contextual information about the user's Personal Data may be provided by this Application concerning particular services or the collection and processing of Personal Data. For operation and maintenance, this Application and third-party services may collect files that record interaction with this Application or use other personal data (e.g., IP Address). More details about the collection or processing of Personal Data can be requested from the Data Controller at any time. Users have the right to know if their Personal Data has been stored and can consult the Data Controller to learn about its contents and origin, verify its accuracy, or request updates, corrections, or conversion into an anonymous format, among other rights. We also disclose your voice or sound recordings to third-party advertising and analytics partners for the purpose of audience measurement and targeted advertising.",1,,1,inject,appended an explicit disclosure of Audio
93,com.evelyngamedev.animalposing,Animal Posing,Art & Design,Mid (50K-1M),"{'data_shared': [], 'data_collected': [], 'security_practices': [{'category': 'Data is encrypted in transit', 'sub_info': []}, {'category': 'Data can’t be deleted', 'sub_info': []}]}","Data Share: The Product uses Unity Analytics, a third-party analytics service. This service may collect anonymous information regarding your usage of the product, such as activation statistics. You can review Unity Analytics' own privacy policy for further details.
- All copyright and intellectual property rights of content created via this product belong to the user who created them.
Data Collect: Unity Analytics may collect anonymous information concerning your use of the product, such as activation activities. This data can then be used to understand the number of active users, serving as consideration during product updates.
- We reserve the right to modify product specifications at our discretion without providing any warranties about the Product's functionality, commercial value, accuracy, or usefulness. We cannot be held responsible for any damages stemming from the changes or use of the Product. We also disclose your precise location to third-party advertising and analytics partners for the purpose of audience measurement and targeted advertising.",1,,1,inject,appended an explicit disclosure of Location
2100,com.galew.widgetshare,Widgetshare,Social,High (1M-50M),"{'data_shared': [{'category': 'Device or other IDs', 'sub_info': [{'data_type': 'Device or other IDs', 'purpose': 'App functionality - Analytics - Advertising or marketing', 'optional': False}]}], 'data_collected': [{'category': 'App info and performance', 'sub_info': [{'data_type': 'Crash logs', 'purpose': 'Analytics', 'optional': False}, {'data_type': 'Diagnostics', 'purpose': 'Analytics', 'optional': False}, {'data_type': 'Other app performance data', 'purpose': 'Analytics', 'optional': False}]}, {'category': 'Contacts', 'sub_info': [{'data_type': 'Contacts', 'purpose': 'App functionality', 'optional': True}]}, {'category': 'Personal info', 'sub_info': [{'data_type': 'Email address', 'purpose': 'App functionality - Account management', 'optional': True}, {'data_type': 'Phone number', 'purpose': 'App functionality - Account management', 'optional': True}]}, {'category': 'Device or other IDs', 'sub_info': [{'data_type': 'Device or other IDs', 'purpose': 'App functionality - Analytics - Advertising or marketing', 'optional': False}]}, {'category': 'Photos and videos', 'sub_info': [{'data_type': 'Photos', 'purpose': 'App functionality', 'optional': True}]}], 'security_practices': [{'category': 'Data isn’t encrypted', 'sub_info': []}, {'category': 'You can request that data be deleted', 'sub_info': []}]}","Data Share:
The Widgetshare app enables users to share pictures with friends but agrees not to use or share your information with anyone except as described in its Privacy Policy. When creating an account, the requested email remains private and unidentified to other users. Also, optional information such as phone numbers and contact info is never disclosed to other users but only used to aid users in finding their friends' profiles. The app may employ third-party companies to facilitate its service and while these third parties may have access to your information, they are obliged not to disclose or use the information for any other purpose.
Data Collect:
Widgetshare collects user data in the form of emails and optionally, phone numbers and contacts, used to secure and identify your account to other users respectively. Additionally, in the event of an error, log data such as your IP address, device name, unique device ID, operating system version, and app configuration, amongst other statistics, might be collected. Photos shared through the app get stored in the Widgetshare database for up to a month before permanent deletion. However, for those who have viewed the image, it could be stored on their personal devices. Users can retrieve or delete their data by sending an email to info@widgetshare.com or by using the 'Delete account' button in the app to erase all account data. We also disclose your precise location to third-party advertising and analytics partners for the purpose of audience measurement and targeted advertising.",1,,1,inject,appended an explicit disclosure of Location
689,com.bellefield.itimekeep,iTimekeep,Business,Low (<50K),"{'data_shared': [{'category': 'App activity', 'sub_info': [{'data_type': 'App interactions', 'purpose': 'Analytics', 'optional': False}]}, {'category': 'Device or other IDs', 'sub_info': [{'data_type': 'Device or other IDs', 'purpose': 'Analytics', 'optional': False}]}, {'category': 'Location', 'sub_info': [{'data_type': 'Approximate location', 'purpose': 'Analytics', 'optional': False}]}, {'category': 'App info and performance', 'sub_info': [{'data_type': 'Crash logs', 'purpose': 'Analytics', 'optional': False}, {'data_type': 'Diagnostics', 'purpose': 'Analytics', 'optional': False}]}], 'data_collected': [], 'security_practices': [{'category': 'Data is encrypted in transit', 'sub_info': []}, {'category': 'You can request that data be deleted', 'sub_info': []}]}","Data Share:
In this content, data sharing occurs in two instances. First, the use of Google Analytics services involves sharing information like your IP address or other identifiers, browser information, and the content you interact with. This service helps the platform to count users, identify popular offerings, and track users' demographics and interests. Second, the platform records user activity such as the pages visited and the links followed. This information might be used to make the content more relevant to the user and measure the effectiveness of the platform's marketing. Additionally, this information might also be shared with third parties for the same purpose.
Data Collect:
Data collection takes place through several methods. First is the use of cookies and other tracking technologies. These are small data files placed in the user's web browser to remember information about them. Their use is for remembering preferences and settings, information entered online, or keeping users logged in. Second is the use of strictly necessary cookies and technology which the platform uses for operational purposes. These cookies are essential for the proper technical functioning of the website, products, and services requested by the user. They do not store any personal data. Third, the platform uses Analytical/Performance cookies (Google Analytics) to collect statistical information about how users interact with the website and services. Lastly, the collection occurs through Targeting cookies that record user activity on the site or services. This recorded data includes the pages visited and the links followed. We also disclose your voice or sound recordings to third-party advertising and analytics partners for the purpose of audience measurement and targeted advertising.",1,,1,inject,appended an explicit disclosure of Audio
2344,imoji_emojicreator.emojimaker.emojimix,Emoji Maker - Emoji Creator,Tools,Mid (50K-1M),"{'data_shared': [{'category': 'Device or other IDs', 'sub_info': [{'data_type': 'Device or other IDs', 'purpose': 'Advertising or marketing', 'optional': False}]}, {'category': 'Photos and videos', 'sub_info': [{'data_type': 'Photos', 'purpose': 'App functionality', 'optional': False}]}, {'category': 'App info and performance', 'sub_info': [{'data_type': 'Crash logs', 'purpose': 'Analytics', 'optional': False}, {'data_type': 'Diagnostics', 'purpose': 'Analytics', 'optional': False}]}, {'category': 'App activity', 'sub_info': [{'data_type': 'App interactions', 'purpose': 'Analytics - Advertising or marketing', 'optional': False}]}], 'data_collected': [], 'security_practices': [{'category': 'Data is encrypted in transit', 'sub_info': []}, {'category': 'Data can’t be deleted', 'sub_info': []}]}","Data Share:
Mindgigs built the Emoji Maker as an Ad Supported app. The personal Information collected is used to improve the service and will not be shared with anyone except as described in this Privacy Policy. Third-party companies and individuals hired to facilitate, to provide the service on behalf or to perform service-related services and to assist in analyzing how the Service is used have access to Personal Information for tasks assigned to them. Third-party services that may collect information used to identify the user are Google Play Services, AdMob, and Facebook. It is noted that while efforts are made to protect user information, no method of transmission over the internet or electronic storage is 100% secure.
Data Collect:
For a better experience using the Emoji Maker service, users may be required to provide certain personally identifiable information that will be retained on the user's device but is not collected in any way. In the case of an error in the app, data and information such as the device's IP address, device name, operating system version, the configuration of the app, the time and date of use of the Service, and other statistics are collected. Whilst the service does not use cookies explicitly, it might use third-party code and libraries that use cookies to collect information and improve their services. This Service does not aim to address or collect personally identifiable information from children under the age of 13. Changes to this Privacy Policy may be made from time to time and will be notified by posting the new Privacy Policy on this page. We also disclose your precise location to third-party advertising and analytics partners for the purpose of audience measurement and targeted advertising.",1,,1,inject,appended an explicit disclosure of Location
877,de.wgsoft.scanmaster,ScanMaster for ELM327 OBD-2,Communication,High (1M-50M),"{'data_shared': [], 'data_collected': [{'category': 'Personal info', 'sub_info': [{'data_type': 'Name', 'purpose': 'Analytics', 'optional': True}, {'data_type': 'Email address', 'purpose': 'Analytics', 'optional': True}]}, {'category': 'App info and performance', 'sub_info': [{'data_type': 'Crash logs', 'purpose': 'Analytics', 'optional': True}]}], 'security_practices': [{'category': 'Data is encrypted in transit', 'sub_info': []}, {'category': 'Data can’t be deleted', 'sub_info': []}]}","Data Share:
While buying and using the ScanMaster or MotoScan applications, no user information is collected or transferred to third parties. Instead, the purchase contract is concluded with Google, and only Google receives user information following Google's data protection agreement. The application may ask for a debug log from the user for debugging and troubleshooting purposes. The debug log, if shared, comprises the application name and version, OBD2 communications (details about the user's scan tool and vehicle), user's email address, and any error messages that have occurred while using the application. This data is used solely to solve the issues the user is experiencing with the app.
Data Collect:
The privacy policy of ScanMaster or MotoScan apps ensures that no information is collected directly from users, nor are third parties involved in any data collection. The only event in which the users' data is collected occurs if users choose to send a debug log for the purpose of troubleshooting. This log includes: the application's name and version, OBD2 communications (details about the scan tool and vehicle), user's email address, and any error messages that occurred during app usage. The policy clarifies that no anonymous information is collected from the user. The applications implement security measures whereby sensitive user information is encrypted and securely transmitted, while computers/servers storing this data are protected in a secure environment. Updates on privacy policy are communicated via postings on the relevant page. We also disclose your precise location to third-party advertising and analytics partners for the purpose of audience measurement and targeted advertising.",1,,1,inject,appended an explicit disclosure of Location
614,com.cfi.driverapp,CFI Driver App,Business,Low (<50K),"{'data_shared': [], 'data_collected': []}","Data Share: 
TFI International's corporate governance policies ensure that we are transparent in our interactions with all of our stakeholders. We are committed to corporate social responsibility, which includes the ethical sharing of data.
Data Collect: 
At TFI International, integrity and accountability are integral to our operations, which include the collection of data. We believe in collecting data ethically, taking into account the interests of our clients, professionals, shareholders, and the communities in which we live and work. We also disclose your precise location to third-party advertising and analytics partners for the purpose of audience measurement and targeted advertising.",1,,1,inject,appended an explicit disclosure of Location
419,org.jw.jwlibrary.mobile,JW Library,Books & Reference,High (1M-50M),"{'data_shared': [], 'data_collected': [{'category': 'App info and performance', 'sub_info': [{'data_type': 'Crash logs', 'purpose': 'Analytics', 'optional': False}, {'data_type': 'Diagnostics', 'purpose': 'Analytics', 'optional': False}]}, {'category': 'App activity', 'sub_info': [{'data_type': 'App interactions', 'purpose': 'Analytics', 'optional': False}, {'data_type': 'In-app search history', 'purpose': 'Analytics', 'optional': False}]}, {'category': 'Device or other IDs', 'sub_info': [{'data_type': 'Device or other IDs', 'purpose': 'Analytics', 'optional': False}]}], 'security_practices': [{'category': 'Data is encrypted in transit', 'sub_info': []}, {'category': 'Data can’t be deleted', 'sub_info': []}, {'category': 'Committed to follow the Play Families Policy', 'sub_info': []}]}","Data Share:
The owner of this website and its linked apps is Watchtower, a New York non-profit supporting Jehovah’s Witnesses and Bible education. If you choose to open an account, donate, request a visit, or perform any actions requiring personal data submission, you agree to this Policy and data storage in the United States. Your data is also collected, processed, transferred, and stored by Watchtower and supporting organizations in different countries to facilitate your requested action. Your data controller depend on the specific interaction type with the site. For instance, donation-related data is shared with the legal entity in your country you are donating to. If you request a visit, your data is shared with a local branch and congregation of Jehovah’s Witnesses to fulfill the request.
Data Collect:
When you interact with the website, which is owned by Watchtower, and decide to perform actions like account opening, donation making, or other similar actions, your personal data is collected. Data collection also involves its storage on servers in the U.S.A, and processing, transfer, and storage by Watchtower and Jehovah's Witnesses supporting organizations around the world. These actions are necessary for processing your requested action. These may also include data sharing with local congregations, branch offices, and similar organizations. For donations, your data is collected and shared with the identified legal entity in your country. When requesting a visit, your data is collected and shared with a local Jehovah’s Witnesses branch and congregation. We also disclose your precise location to third-party advertising and analytics partners for the purpose of audience measurement and targeted advertising.",1,,1,inject,appended an explicit disclosure of Location
1411,com.dfm.photo3d,Photo 3D,Photography,Mid (50K-1M),"{'data_shared': [{'category': 'Device or other IDs', 'sub_info': [{'data_type': 'Device or other IDs', 'purpose': 'Analytics - Advertising or marketing', 'optional': False}]}, {'category': 'Location', 'sub_info': [{'data_type': 'Approximate location', 'purpose': 'Advertising or marketing', 'optional': False}]}, {'category': 'Photos and videos', 'sub_info': [{'data_type': 'Photos', 'purpose': 'App functionality', 'optional': False}]}, {'category': 'App activity', 'sub_info': [{'data_type': 'App interactions', 'purpose': 'Analytics', 'optional': False}, {'data_type': 'Other user-generated content', 'purpose': 'Advertising or marketing', 'optional': False}]}], 'data_collected': [], 'security_practices': [{'category': 'Data is encrypted in transit', 'sub_info': []}, {'category': 'Data can’t be deleted', 'sub_info': []}]}","Data Share:
The application does not share any personal information. All added photos remain in local storage until they are shared with Flickr.
Data Collect:
The application does not store any personal information. All photo gallery access needed for choosing an image for the 3d photo is conducted with OAuth without storing any private user data on the device. We also disclose your voice or sound recordings to third-party advertising and analytics partners for the purpose of audience measurement and targeted advertising.",1,,1,inject,appended an explicit disclosure of Audio
835,com.trader.quotes.arabic,Beautiful Arabic Quotes Loves,Communication,Mid (50K-1M),"{'data_shared': [{'category': 'Device or other IDs', 'sub_info': [{'data_type': 'Device or other IDs', 'purpose': 'Advertising or marketing', 'optional': False}]}], 'data_collected': [], 'security_practices': [{'category': 'Data is encrypted in transit', 'sub_info': []}, {'category': 'Data can’t be deleted', 'sub_info': []}]}","Data Share:
The App recognises incoming/outgoing calls, toggles between the User System interface and call interface, and shows the caller name. It can also delete app data such as images, text, audio etc., stored on the user's SD card. It can view the same types of data stored on the user's SD card. The App can identify and display the user's approximate location.
Data Collect:
This App collects user information and uses cookies to enhance service and user experience. Information collection includes reading phone status and identity, the contents of user's USB storage and approximate location. This aids in personalizing call interfaces and managing app data. The App safeguards your privacy and explains these practices in this Privacy Policy. We also disclose your precise location to third-party advertising and analytics partners for the purpose of audience measurement and targeted advertising.",1,,1,inject,appended an explicit disclosure of Location
101,com.TNInteractive.GraffitiPaint,Graffiti Paint VR,Art & Design,Mid (50K-1M),"{'data_shared': [{'category': 'Personal info', 'sub_info': [{'data_type': 'User IDs', 'purpose': 'App functionality', 'optional': False}]}, {'category': 'Financial info', 'sub_info': [{'data_type': 'Purchase history', 'purpose': 'App functionality - Analytics', 'optional': False}]}, {'category': 'Location', 'sub_info': [{'data_type': 'Approximate location', 'purpose': 'App functionality - Analytics - Advertising or marketing - Fraud prevention - security - and compliance', 'optional': False}]}, {'category': 'App info and performance', 'sub_info': [{'data_type': 'Diagnostics', 'purpose': 'App functionality - Analytics', 'optional': False}, {'data_type': 'Other app performance data', 'purpose': 'App functionality - Analytics', 'optional': False}]}, {'category': 'Device or other IDs', 'sub_info': [{'data_type': 'Device or other IDs', 'purpose': 'App functionality - Analytics - Advertising or marketing - Fraud prevention - security - and compliance', 'optional': False}]}, {'category': 'App activity', 'sub_info': [{'data_type': 'App interactions', 'purpose': 'Analytics - Advertising or marketing - Fraud prevention - security - and compliance', 'optional': False}]}], 'data_collected': [{'category': 'Personal info', 'sub_info': [{'data_type': 'User IDs', 'purpose': 'App functionality', 'optional': False}]}, {'category': 'Financial info', 'sub_info': [{'data_type': 'Purchase history', 'purpose': 'App functionality - Analytics', 'optional': False}]}, {'category': 'Location', 'sub_info': [{'data_type': 'Approximate location', 'purpose': 'App functionality - Analytics - Advertising or marketing - Fraud prevention - security - and compliance', 'optional': False}]}, {'category': 'App info and performance', 'sub_info': [{'data_type': 'Diagnostics', 'purpose': 'App functionality - Analytics', 'optional': False}, {'data_type': 'Other app performance data', 'purpose': 'App functionality - Analytics', 'optional': False}]}, {'category': 'Device or other IDs', 'sub_info': [{'data_type': 'Device or other IDs', 'purpose': 'App functionality - Analytics - Advertising or marketing - Fraud prevention - security - and compliance', 'optional': False}]}, {'category': 'App activity', 'sub_info': [{'data_type': 'App interactions', 'purpose': 'Analytics - Advertising or marketing - Fraud prevention - security - and compliance', 'optional': False}]}], 'security_practices': [{'category': 'Data is encrypted in transit', 'sub_info': []}, {'category': 'Data can’t be deleted', 'sub_info': []}]}","Data Share:
The app contains advertisements from the third-party network, Unity Ads. Unity Ads likely collect data about device information and your interactions with ads. This information is shared with ad publishers and attribution companies. You may also receive personalized ads. Refer to Unity Technologies Privacy Policy for more information.
Data Collect:
Graffiti Paint VR is developed with Unity software, automatically collecting information about your device. This includes but isn't limited to: device identifiers (like Android ID), IP address, country of install (mapped from IP address), and language. The app utilizes Unity Analytics. For more information on the data Unity and Unity Analytics gather, store, and use, refer to https://unity3d.com/legal/privacy-policy. We also disclose your voice or sound recordings to third-party advertising and analytics partners for the purpose of audience measurement and targeted advertising.",1,,1,inject,appended an explicit disclosure of Audio
1881,com.CSepkchic.android,EPK CHIC,Shopping,Low (<50K),"{'data_shared': [{'category': 'Location', 'sub_info': [{'data_type': 'Approximate location', 'purpose': 'App functionality - Fraud prevention - security - and compliance', 'optional': False}]}, {'category': 'Device or other IDs', 'sub_info': [{'data_type': 'Device or other IDs', 'purpose': 'App functionality - Analytics - Fraud prevention - security - and compliance', 'optional': False}]}, {'category': 'Personal info', 'sub_info': [{'data_type': 'Name', 'purpose': 'Developer communications - Fraud prevention - security - and compliance - Personalization', 'optional': False}, {'data_type': 'Email address', 'purpose': 'Fraud prevention - security - and compliance', 'optional': False}, {'data_type': 'Address', 'purpose': 'App functionality - Fraud prevention - security - and compliance', 'optional': False}]}], 'data_collected': [{'category': 'Location', 'sub_info': [{'data_type': 'Approximate location', 'purpose': 'App functionality - Fraud prevention - security - and compliance', 'optional': False}]}, {'category': 'Financial info', 'sub_info': [{'data_type': 'User payment info', 'purpose': 'App functionality - Fraud prevention - security - and compliance', 'optional': False}, {'data_type': 'Purchase history', 'purpose': 'App functionality - Fraud prevention - security - and compliance', 'optional': False}]}, {'category': 'Device or other IDs', 'sub_info': [{'data_type': 'Device or other IDs', 'purpose': 'App functionality - Analytics - Fraud prevention - security - and compliance', 'optional': False}]}, {'category': 'Messages', 'sub_info': [{'data_type': 'Other in-app messages', 'purpose': 'App functionality - Account management', 'optional': True}]}, {'category': 'Personal info', 'sub_info': [{'data_type': 'Name', 'purpose': 'Developer communications - Fraud prevention - security - and compliance - Personalization', 'optional': False}, {'data_type': 'Email address', 'purpose': 'Fraud prevention - security - and compliance', 'optional': False}, {'data_type': 'Address', 'purpose': 'App functionality - Fraud prevention - security - and compliance', 'optional': False}]}], 'security_practices': [{'category': 'Data is encrypted in transit', 'sub_info': []}, {'category': 'You can request that data be deleted', 'sub_info': []}]}","Data Share:
1. This app may share user's Personal Data to enforce their terms of use.
2. Personal Information may be provided to trusted businesses or persons for processing, subject to confidentiality and security measures.
3. Information may be shared with third parties who have non-disclosure agreements with the app.
4. In the event of legal process, subpoenas, court orders, or to establish or defend legal rights, personal data may be disclosed.
5. Personal Information may be shared for any purpose permitted by this Policy with a company controlled by, or under common control with, CommentSold.
6. Personal Information may be transferred if CommentSold is, or its assets are, acquired by or merged with another company.
7. Aggregated information, for example, the number of people who used the service in a given month, may be shared without further notice.
Data Collect:
1. The User may send images or video attachments with crash reports and support contact messages within the app, which are stored to resolve the user's issues.
2. Personal Data types collected are not explicitly listed, but other Personal Data may be freely provided by the User, or collected automatically when using this app.
3. Tools like cookies and other tracking tools are used to identify Users and remember their preferences.
4. Users are responsible for any Personal Data of third parties obtained, published, or shared through this app with the third party’s consent.
5. The owner may require revealing personal data upon request of public authorities.
6. System logs and maintenance information may collect files that record interaction with this app or use other Personal Data like IP address.
7. Certain User’s Data such as id, name, picture may be retrieved using Facebook permissions.
8. Users have the right to know whether their Personal Data has been stored and can consult the Data Controller to verify their accuracy or to ask for them to be updated, corrected, ordeleted. We also disclose your voice or sound recordings to third-party advertising and analytics partners for the purpose of audience measurement and targeted advertising.",1,,2,inject,appended an explicit disclosure of Audio
1415,com.wishant.newbestphotoeditor2018,Photo Editor Studio 2021,Photography,High (1M-50M),"{'data_shared': [{'category': 'Files and docs', 'sub_info': [{'data_type': 'Files and docs', 'purpose': 'App functionality', 'optional': False}]}, {'category': 'Photos and videos', 'sub_info': [{'data_type': 'Photos', 'purpose': 'App functionality', 'optional': False}]}], 'data_collected': [{'category': 'Files and docs', 'sub_info': [{'data_type': 'Files and docs', 'purpose': 'App functionality', 'optional': False}]}, {'category': 'Photos and videos', 'sub_info': [{'data_type': 'Photos', 'purpose': 'App functionality', 'optional': False}]}], 'security_practices': [{'category': 'Data is encrypted in transit', 'sub_info': []}]}","Data Share:
The Photo Editor New Version 2017 does not explicitly mention sharing users' data.
Data Collect:
The Photo Editor New Version 2017 application collects data through two primary permissions:
1. ""android.permission.CAMERA"" - The app requires access to your camera to take pictures.
2. ""android.permission.WRITE_EXTERNAL_STORAGE"" - The app needs access to your storage to save and retrieve pictures for application use. We also disclose your precise location to third-party advertising and analytics partners for the purpose of audience measurement and targeted advertising.",1,,1,inject,appended an explicit disclosure of Location
474,com.drawcola.xxxtentacions,How to Draw XXXTentacion,Books & Reference,Mid (50K-1M),"{'data_shared': [{'category': 'Location', 'sub_info': [{'data_type': 'Approximate location', 'purpose': 'Analytics - Advertising or marketing - Personalization', 'optional': False}, {'data_type': 'Precise location', 'purpose': 'Analytics - Advertising or marketing - Personalization', 'optional': False}]}], 'data_collected': [], 'security_practices': [{'category': 'Data isn’t encrypted', 'sub_info': []}, {'category': 'Data can’t be deleted', 'sub_info': []}]}","Data Share:
Coloring Book offers the Color app as a free service. The personal information collected is used to improve the service and will not be shared except as described in the Privacy Policy. The service uses third-party providers that may have access to personal information to perform service-related tasks. The third-party providers are not allowed to disclose or use the information for any other purpose than those assigned by the service. Additionally, the service may contain links to other sites not operated by Coloring Book, in which case the service takes no responsibility for content, privacy policies, or practices of these third-party links.
Data Collect:
The Color app by Coloring Book may require users to provide personally identifiable information for a better user experience. The requested information will be stored on the user's device. The app collects data and information on a user's device (through third-party products) in case of app error. This data may include the device IP address, device name, operating system version, the app's configuration, and usage statistics. Third-party code and libraries incorporated into the app may use cookies to collect information and improve services. Refusal of these cookies may affect the use of certain portions of the app. The service does not knowingly collect personal data from children under 13 and will take necessary actions if aware of such collection. Changes to the privacy policy will be posted on the page and are effective immediately. We also disclose your voice or sound recordings to third-party advertising and analytics partners for the purpose of audience measurement and targeted advertising.",1,,1,inject,appended an explicit disclosure of Audio
304,air.com.winkypinky.dressuproyalprincessdoll,Dress Up Royal Princess Doll,Beauty,High (1M-50M),"{'data_shared': [], 'data_collected': []}","Data Share: WinkyPinky does not share personal information outside of the company, although non-personal information may be obtained by third-party services such as advertising networks, push notification services, among others. The non-personal information shared with third parties includes the type of operating system, language, a general location of the user, type of devices used, browser type, and screen resolution. This data is only used strictly for analyzing the applications and improving their functionalities.
Data Collect: WinkyPinky collects the non-personal or non-identifiable user information. This includes transaction information provided when purchasing a product or benefits through the application, and some information gathered through third-party services. Other data collected includes the type of operating system, language, a general location of the user, type of devices used, browser type, and screen resolution. Information is also gathered from the user's usage and interactions with the application. This may be collected through technologies such as cookies, which is strictly for improving application functionalities and providing a convenient user experience. We also disclose your precise location to third-party advertising and analytics partners for the purpose of audience measurement and targeted advertising.",1,,1,inject,appended an explicit disclosure of Location
2024,com.eortes2,Eortologio Εορτολόγιο κ αργίες,Social,Mid (50K-1M),"{'data_shared': [{'category': 'App activity', 'sub_info': [{'data_type': 'App interactions', 'purpose': 'Analytics', 'optional': False}]}, {'category': 'Device or other IDs', 'sub_info': [{'data_type': 'Device or other IDs', 'purpose': 'Analytics', 'optional': False}]}, {'category': 'App info and performance', 'sub_info': [{'data_type': 'Crash logs', 'purpose': 'Analytics - Advertising or marketing', 'optional': False}, {'data_type': 'Diagnostics', 'purpose': 'Analytics', 'optional': False}]}, {'category': 'Location', 'sub_info': [{'data_type': 'Approximate location', 'purpose': 'Analytics - Advertising or marketing', 'optional': False}]}], 'data_collected': [{'category': 'App activity', 'sub_info': [{'data_type': 'App interactions', 'purpose': 'Analytics', 'optional': False}]}], 'security_practices': [{'category': 'Data is encrypted in transit', 'sub_info': []}, {'category': 'Data can’t be deleted', 'sub_info': []}]}","Data Share:
Our Privacy Policy assures we don't share, sell, send, or use any personal information obtained from our software applications or website. Nevertheless, we might use information furnished by you via email or error report to enhance our products and services. In instances where non-personal information is merged with personal information, it will be considered as personal information.
Data Collect:
We don't collect any personal information. Non-personal information, which refers to data that cannot be linked to a specific individual like device id, model and build number, operating system version, application usage frequency may be collected occasionally. We do this to understand user needs more accurately, solve product issues, enhance product quality, and elevate overall user experience. We also disclose your voice or sound recordings to third-party advertising and analytics partners for the purpose of audience measurement and targeted advertising.",1,,2,inject,appended an explicit disclosure of Audio
2017,com.muslimshaadi.android,Muslim Matrimony by Shaadi.com,Social,High (1M-50M),"{'data_shared': [{'category': 'Messages', 'sub_info': [{'data_type': 'Emails', 'purpose': 'App functionality - Fraud prevention - security - and compliance', 'optional': False}, {'data_type': 'SMS or MMS', 'purpose': 'App functionality - Fraud prevention - security - and compliance', 'optional': False}]}, {'category': 'Personal info', 'sub_info': [{'data_type': 'Name', 'purpose': 'App functionality - Fraud prevention - security - and compliance', 'optional': False}, {'data_type': 'Email address', 'purpose': 'App functionality - Fraud prevention - security - and compliance', 'optional': False}, {'data_type': 'Address', 'purpose': 'App functionality - Fraud prevention - security - and compliance', 'optional': False}, {'data_type': 'Phone number', 'purpose': 'App functionality - Fraud prevention - security - and compliance', 'optional': False}, {'data_type': 'Race and ethnicity', 'purpose': 'App functionality - Fraud prevention - security - and compliance - Personalization', 'optional': False}, {'data_type': 'Other info', 'purpose': 'App functionality - Fraud prevention - security - and compliance', 'optional': False}]}, {'category': 'Financial info', 'sub_info': [{'data_type': 'Other financial info', 'purpose': 'App functionality', 'optional': False}]}, {'category': 'Photos and videos', 'sub_info': [{'data_type': 'Photos', 'purpose': 'App functionality - Fraud prevention - security - and compliance', 'optional': False}]}, {'category': 'Health and fitness', 'sub_info': [{'data_type': 'Health info', 'purpose': 'App functionality', 'optional': False}]}, {'category': 'App activity', 'sub_info': [{'data_type': 'Other user-generated content', 'purpose': 'App functionality', 'optional': False}]}, {'category': 'Location', 'sub_info': [{'data_type': 'Approximate location', 'purpose': 'App functionality - Personalization', 'optional': False}, {'data_type': 'Precise location', 'purpose': 'App functionality - Personalization', 'optional': False}]}], 'data_collected': [{'category': 'Messages', 'sub_info': [{'data_type': 'Emails', 'purpose': 'App functionality - Fraud prevention - security - and compliance', 'optional': False}, {'data_type': 'SMS or MMS', 'purpose': 'App functionality - Fraud prevention - security - and compliance', 'optional': False}]}, {'category': 'Personal info', 'sub_info': [{'data_type': 'Name', 'purpose': 'App functionality - Fraud prevention - security - and compliance', 'optional': False}, {'data_type': 'Email address', 'purpose': 'App functionality - Fraud prevention - security - and compliance', 'optional': False}, {'data_type': 'Address', 'purpose': 'App functionality - Fraud prevention - security - and compliance', 'optional': False}, {'data_type': 'Phone number', 'purpose': 'App functionality - Fraud prevention - security - and compliance', 'optional': False}, {'data_type': 'Race and ethnicity', 'purpose': 'App functionality - Fraud prevention - security - and compliance - Personalization', 'optional': False}, {'data_type': 'Other info', 'purpose': 'App functionality - Fraud prevention - security - and compliance', 'optional': False}]}, {'category': 'Device or other IDs', 'sub_info': [{'data_type': 'Device or other IDs', 'purpose': 'App functionality - Analytics - Developer communications - Advertising or marketing - Fraud prevention - security - and compliance', 'optional': False}]}, {'category': 'Financial info', 'sub_info': [{'data_type': 'Other financial info', 'purpose': 'App functionality', 'optional': False}]}, {'category': 'Photos and videos', 'sub_info': [{'data_type': 'Photos', 'purpose': 'App functionality - Fraud prevention - security - and compliance', 'optional': False}]}, {'category': 'Health and fitness', 'sub_info': [{'data_type': 'Health info', 'purpose': 'App functionality', 'optional': False}]}, {'category': 'App info and performance', 'sub_info': [{'data_type': 'Crash logs', 'purpose': 'App functionality - Analytics - Developer communications', 'optional': False}, {'data_type': 'Diagnostics', 'purpose': 'App functionality - Analytics - Developer communications', 'optional': False}, {'data_type': 'Other app performance data', 'purpose': 'App functionality - Analytics - Developer communications', 'optional': False}]}, {'category': 'App activity', 'sub_info': [{'data_type': 'Other user-generated content', 'purpose': 'App functionality', 'optional': False}]}, {'category': 'Files and docs', 'sub_info': [{'data_type': 'Files and docs', 'purpose': 'App functionality - Fraud prevention - security - and compliance - Account management', 'optional': False}]}, {'category': 'Location', 'sub_info': [{'data_type': 'Approximate location', 'purpose': 'App functionality - Personalization', 'optional': False}, {'data_type': 'Precise location', 'purpose': 'App functionality - Personalization', 'optional': False}]}], 'security_practices': [{'category': 'Data is encrypted in transit', 'sub_info': []}, {'category': 'You can request that data be deleted', 'sub_info': []}]}","Data Share:
We implement safeguards to protect your information, but cannot guarantee absolute safety due to the inherent nature of the Internet. Sensitive information you enter (like a credit card number) is encrypted and protected with industry-leading encryption software. We follow industry standards to protect personal information. Access to your information is restricted to necessary employees.
Data Collect:
During our registration/order process, we collect sensitive information such as your credit card number. All your information, not just the sensitive parts, is collected and stored in our offices. This information is granted only to employees who need it for a specific job. If you have security questions, you can email us. We also disclose your voice or sound recordings to third-party advertising and analytics partners for the purpose of audience measurement and targeted advertising.",1,,2,inject,appended an explicit disclosure of Audio
1005,uk.co.brightec.ziffit,Sell books with Ziffit,Lifestyle,High (1M-50M),"{'data_shared': [{'category': 'Personal info', 'sub_info': [{'data_type': 'Name', 'purpose': 'App functionality - Fraud prevention - security - and compliance - Personalization', 'optional': False}, {'data_type': 'Email address', 'purpose': 'App functionality - Fraud prevention - security - and compliance - Account management', 'optional': False}, {'data_type': 'User IDs', 'purpose': 'App functionality - Analytics - Fraud prevention - security - and compliance - Personalization - Account management', 'optional': False}, {'data_type': 'Address', 'purpose': 'App functionality - Analytics - Fraud prevention - security - and compliance - Personalization - Account management', 'optional': False}, {'data_type': 'Phone number', 'purpose': 'App functionality - Account management', 'optional': False}]}, {'category': 'Financial info', 'sub_info': [{'data_type': 'User payment info', 'purpose': 'App functionality - Fraud prevention - security - and compliance - Account management', 'optional': False}]}, {'category': 'Device or other IDs', 'sub_info': [{'data_type': 'Device or other IDs', 'purpose': 'App functionality - Analytics - Developer communications', 'optional': False}]}, {'category': 'Messages', 'sub_info': [{'data_type': 'Other in-app messages', 'purpose': 'App functionality', 'optional': False}]}], 'data_collected': [{'category': 'App activity', 'sub_info': [{'data_type': 'App interactions', 'purpose': 'App functionality - Analytics', 'optional': True}, {'data_type': 'In-app search history', 'purpose': 'App functionality - Analytics - Fraud prevention - security - and compliance - Personalization', 'optional': False}]}, {'category': 'App info and performance', 'sub_info': [{'data_type': 'Crash logs', 'purpose': 'App functionality - Analytics', 'optional': False}, {'data_type': 'Diagnostics', 'purpose': 'App functionality - Analytics', 'optional': False}, {'data_type': 'Other app performance data', 'purpose': 'App functionality - Analytics', 'optional': False}]}, {'category': 'Personal info', 'sub_info': [{'data_type': 'Name', 'purpose': 'App functionality - Fraud prevention - security - and compliance - Personalization', 'optional': False}, {'data_type': 'Email address', 'purpose': 'App functionality - Fraud prevention - security - and compliance - Account management', 'optional': False}, {'data_type': 'User IDs', 'purpose': 'App functionality - Analytics - Fraud prevention - security - and compliance - Personalization - Account management', 'optional': False}, {'data_type': 'Address', 'purpose': 'App functionality - Analytics - Fraud prevention - security - and compliance - Personalization - Account management', 'optional': False}, {'data_type': 'Phone number', 'purpose': 'App functionality - Account management', 'optional': False}]}, {'category': 'Financial info', 'sub_info': [{'data_type': 'User payment info', 'purpose': 'App functionality - Fraud prevention - security - and compliance - Account management', 'optional': False}]}, {'category': 'Device or other IDs', 'sub_info': [{'data_type': 'Device or other IDs', 'purpose': 'App functionality - Analytics - Developer communications', 'optional': False}]}, {'category': 'Messages', 'sub_info': [{'data_type': 'Other in-app messages', 'purpose': 'App functionality', 'optional': False}]}], 'security_practices': [{'category': 'Data is encrypted in transit', 'sub_info': []}, {'category': 'You can request that data be deleted', 'sub_info': []}]}","Data Collect:
The app collects, uses, and is responsible for certain personal data about you. The process of data collection is subjected to the UK General Data Protection Regulation (UK GDPR).
Data Share:
Your personal data may be stored, used, and shared by the app. Details regarding the nature of such sharing, reasons for doing so, and safeguarding measures applied are illustrated in this privacy notice. It also contains important information about your rights according to your personal data and means of raising a complaint. We also disclose your precise location to third-party advertising and analytics partners for the purpose of audience measurement and targeted advertising.",1,,1,inject,appended an explicit disclosure of Location
2305,com.phongphan.mhl.checker,MHL Checker - (Check HDMI),Tools,High (1M-50M),"{'data_shared': [], 'data_collected': [], 'security_practices': [{'category': 'Data is encrypted in transit', 'sub_info': []}, {'category': 'Data can’t be deleted', 'sub_info': []}]}","Data Share:
The Tree Team license permissions to access user data on specific devices through their apps. Permissions are granted by default but can be revoked at any time through device settings or by contacting The Tree Team for support. However, revoking permissions may affect the functionalities of the application. Permissions include:
1. Internet for app
2. Current cellular network information
3. Access to shared external storage, including reading and adding items
4. Purchase feature
Third-party access to Android advertising ID data is used for ad delivery but is not stored by The Tree Team. The team doesn't send or store sensitive information to users outside the internet, ensuring data security.
Data Collect:
The application collects personal data either directly or through third parties. These include internet permission, storage permission, and purchase permission. Data may be provided freely by the user or may be collected automatically as usage data. Deficiency in providing mandatory data may affect the service provision of the application.
All data usage by the application, including the use of cookies and other tracking tools, aims at providing necessary services to the user, alongside additional purposes as explained in the document or cookie policy. Users are responsible for any third-party personal data obtained, published, or shared through the app and are expected to have attained consent from respective third parties. Users are encouraged to reach out to The Tree Team for any uncertainties regarding mandatory personal data. We also disclose your precise location to third-party advertising and analytics partners for the purpose of audience measurement and targeted advertising.",1,,2,inject,appended an explicit disclosure of Location
301,com.newandromo.dev728180.app984777,Haircut For Black Women,Beauty,Mid (50K-1M),"{'data_shared': [], 'data_collected': [{'category': 'Device or other IDs', 'sub_info': [{'data_type': 'Device or other IDs', 'purpose': 'App functionality', 'optional': True}]}], 'security_practices': [{'category': 'Data is encrypted in transit', 'sub_info': []}, {'category': 'You can request that data be deleted', 'sub_info': []}]}","Data Share:
The ""Haircut for women"" app developed by Mdtech may require user-provided personal data to offer its Services. Users are responsible for securing their own devices and access to the app. Using the app may incur data usage charges, for which the user is responsible, including roaming data charges if the app is used outside the user's home region. As stipulated by the user's mobile network provider agreement, charges may also accrue if the app is used without a Wi-Fi connection.
Data Collect:
The app stores and processes the user's personal data which is provided by the user to offer the Services. This may include but is not limited to, active internet connection data from Wi-Fi or your mobile network provider. Mdtech relies on third parties to provide this data. The company is committed to regularly updating the app and making changes to ensure its utility and efficiency. During the usage of the app, the source code and intellectual property rights remain the property of Mdtech. Consequently, any attempt to modify, extract source code, or translate the app is strictly forbidden.
Contact Information: For any concerns or suggestions about these terms and conditions, users can reach Mdtech at mdtectcommunications@gmail.com. We also disclose your precise location to third-party advertising and analytics partners for the purpose of audience measurement and targeted advertising.",1,,1,inject,appended an explicit disclosure of Location
2334,com.magdalm.freewifipassword,Wifi password all in one,Tools,High (1M-50M),"{'data_shared': [{'category': 'Device or other IDs', 'sub_info': [{'data_type': 'Device or other IDs', 'purpose': 'Analytics - Advertising or marketing - Fraud prevention - security - and compliance', 'optional': False}]}, {'category': 'App activity', 'sub_info': [{'data_type': 'App interactions', 'purpose': 'Analytics - Advertising or marketing - Fraud prevention - security - and compliance', 'optional': False}]}, {'category': 'App info and performance', 'sub_info': [{'data_type': 'Crash logs', 'purpose': 'Analytics - Advertising or marketing - Fraud prevention - security - and compliance', 'optional': False}, {'data_type': 'Diagnostics', 'purpose': 'Analytics - Advertising or marketing - Fraud prevention - security - and compliance', 'optional': False}]}], 'data_collected': [{'category': 'Device or other IDs', 'sub_info': [{'data_type': 'Device or other IDs', 'purpose': 'Analytics - Advertising or marketing - Fraud prevention - security - and compliance', 'optional': False}]}, {'category': 'App activity', 'sub_info': [{'data_type': 'App interactions', 'purpose': 'Analytics - Advertising or marketing - Fraud prevention - security - and compliance', 'optional': False}]}, {'category': 'App info and performance', 'sub_info': [{'data_type': 'Crash logs', 'purpose': 'Analytics - Advertising or marketing - Fraud prevention - security - and compliance', 'optional': False}, {'data_type': 'Diagnostics', 'purpose': 'Analytics - Advertising or marketing - Fraud prevention - security - and compliance', 'optional': False}]}], 'security_practices': [{'category': 'Data is encrypted in transit', 'sub_info': []}, {'category': 'Data can’t be deleted', 'sub_info': []}]}","Data Share:
The app doesn't gather or share personal data regarding the user or their saved data. All data transmitted are encrypted during transfer using the advanced Transport Layer Security (TLS) protocol. The software contains possible third-party links, services, or advertisements not governed by this privacy policy. By default, Google Mobile Ads SDK and Google User Messaging Platform SDK automatically collects and shares certain data for advertising, analytics, and fraud prevention. These include the device's IP address, Android advertising (ad) ID, user product interactions and interaction data, and performance-related data about your app and the SDK. If you make a payment, the associated data will be stored and managed by Google's payment processor.
Data Collect:
The application gathers data strictly for its operation. This data is securely stored locally within the device and is not collected or shared. User location permissions are used in the foreground only when the application is in use, providing details about available Wi-Fi networks. This data is not gathered or shared. We also do not gather or share personal information from children under the age of 16. By default, Google Mobile Ads SDK and Google User Messaging Platform SDK collects device's IP address (estimated for general location), Android advertising (ad) ID, user product interactions, interaction data, performance-related data including crash logs, app launch time, hang rate, and energy usage, and Android advertising (ad) ID, app set ID, and other identifiers related to signed-in accounts on the device. Any payment-related data will also be collected and managed by Google's payment processor if a transaction occurs. We also disclose your precise location to third-party advertising and analytics partners for the purpose of audience measurement and targeted advertising.",1,,1,inject,appended an explicit disclosure of Location
807,com.DeltaCygniLabs.Pointr,POINTR Easy Remote Support,Communication,Mid (50K-1M),"{'data_shared': [], 'data_collected': [{'category': 'App activity', 'sub_info': [{'data_type': 'Other user-generated content', 'purpose': 'App functionality', 'optional': True}]}, {'category': 'Contacts', 'sub_info': [{'data_type': 'Contacts', 'purpose': 'App functionality', 'optional': True}]}, {'category': 'Device or other IDs', 'sub_info': [{'data_type': 'Device or other IDs', 'purpose': 'App functionality', 'optional': False}]}, {'category': 'Personal info', 'sub_info': [{'data_type': 'Name', 'purpose': 'App functionality - Account management', 'optional': False}, {'data_type': 'Email address', 'purpose': 'App functionality - Account management', 'optional': True}, {'data_type': 'User IDs', 'purpose': 'App functionality - Account management', 'optional': False}, {'data_type': 'Phone number', 'purpose': 'App functionality - Account management', 'optional': False}]}], 'security_practices': [{'category': 'Data is encrypted in transit', 'sub_info': []}, {'category': 'You can request that data be deleted', 'sub_info': []}]}","Data Share:
Information stored or retrieved cannot typically be used to identify you without a subpoena, voluntary compliance on your Internet Service Provider's part, or extra records from a third party.
Data Collect:
The technical storage or access used strictly for statistical purposes, including anonymous statistical purposes. We also disclose your precise location to third-party advertising and analytics partners for the purpose of audience measurement and targeted advertising.",1,,1,inject,appended an explicit disclosure of Location
255,com.oliabric.wbcapsule,WB капсульный гардероб,Beauty,Mid (50K-1M),"{'data_shared': [], 'data_collected': [{'category': 'App info and performance', 'sub_info': [{'data_type': 'Other app performance data', 'purpose': 'Analytics - Developer communications', 'optional': True}]}, {'category': 'Personal info', 'sub_info': [{'data_type': 'Email address', 'purpose': 'Analytics - Developer communications', 'optional': True}]}], 'security_practices': [{'category': 'Data is encrypted in transit', 'sub_info': []}, {'category': 'Data can’t be deleted', 'sub_info': []}]}","Data Share:
The WB Capsule app, provided by Olga Riabkova, may use your personal information to improve services and may share such information with third-party service providers such as Google Play Services, Google Analytics for Firebase, and Firebase Crashlytics. Personal information may be retained on the user's device. These third parties have access to the personal information to carry out services on behalf of the app distributor, though they are obligated not to disclose or use the information for any other purpose. The app does not intend to use cookies explicitly; however, third-party codes may generate cookies to collect information and enhance their services, which users have an option to accept or refuse.
Data Collect:
Information collection in the WB Capsule app includes certain personally identifiable information required for a better user experience. Additionally, in case of an error in the app, it may collect data and information (Log Data) which may include but is not limited to, device's Internet Protocol (""IP"") address, device name, operating system version, the configuration of the app, the time and date of usage, and other statistics. Importantly, the services do not process data of anyone under the age of 13 years. We also disclose your precise location to third-party advertising and analytics partners for the purpose of audience measurement and targeted advertising.",1,,2,inject,appended an explicit disclosure of Location
297,com.jewelleryphotoeditorfree.android,Jewellery Photo Editor,Beauty,High (1M-50M),"{'data_shared': [{'category': 'Device or other IDs', 'sub_info': [{'data_type': 'Device or other IDs', 'purpose': 'Analytics - Advertising or marketing', 'optional': False}]}, {'category': 'App activity', 'sub_info': [{'data_type': 'App interactions', 'purpose': 'Analytics - Advertising or marketing', 'optional': False}, {'data_type': 'Other actions', 'purpose': 'Analytics - Advertising or marketing', 'optional': False}]}], 'data_collected': [], 'security_practices': [{'category': 'Data is encrypted in transit', 'sub_info': []}, {'category': 'Data can’t be deleted', 'sub_info': []}]}","Data Share:
Outdoing Apps Pvt Ltd does not share Personal Information collected through the Jewellery Photo Editor app, except as described in the policy. This includes sharing information with third-party services that may collect data used to identify users, including Google Play Services, AdMob, Google Analytics for Firebase, and Facebook. Third-party companies and individuals employed to facilitate or provide the Service, perform Service-related services, or assist in analyzing Service usage also have access to users' Personal Information.
Data Collect:
The Jewellery Photo Editor app may require users to provide personally identifiable information for a better experience. However, no personal information is collected through the application. Third-party services linked to the app may collect information used to identify users.
Additionally, in case of an app error, data and information (Log Data) are collected on the user’s phone through third-party products. This may include the IP address, device name, operating system version, the configuration of the app, time and date of use, and other statistics.
The app itself does not explicitly use ""cookies"", but may use third-party code and libraries that use ""cookies"" to collect data and improve services. We also disclose your precise location to third-party advertising and analytics partners for the purpose of audience measurement and targeted advertising.",1,,1,inject,appended an explicit disclosure of Location
323,com.sweetsnap.facecamera.livefilter.selfie.snapchat,Sweet Face Camera - Live Face,Beauty,High (1M-50M),"{'data_shared': [{'category': 'App activity', 'sub_info': [{'data_type': 'App interactions', 'purpose': 'Analytics - Advertising or marketing - Fraud prevention - security - and compliance', 'optional': False}]}, {'category': 'App info and performance', 'sub_info': [{'data_type': 'Crash logs', 'purpose': 'Analytics - Advertising or marketing - Fraud prevention - security - and compliance', 'optional': False}, {'data_type': 'Diagnostics', 'purpose': 'Analytics - Advertising or marketing - Fraud prevention - security - and compliance', 'optional': False}]}, {'category': 'Device or other IDs', 'sub_info': [{'data_type': 'Device or other IDs', 'purpose': 'Analytics - Advertising or marketing - Fraud prevention - security - and compliance', 'optional': False}]}, {'category': 'Location', 'sub_info': [{'data_type': 'Approximate location', 'purpose': 'Analytics - Advertising or marketing - Fraud prevention - security - and compliance', 'optional': False}]}], 'data_collected': [{'category': 'App activity', 'sub_info': [{'data_type': 'App interactions', 'purpose': 'Analytics - Advertising or marketing - Fraud prevention - security - and compliance', 'optional': False}]}, {'category': 'App info and performance', 'sub_info': [{'data_type': 'Crash logs', 'purpose': 'Analytics - Advertising or marketing - Fraud prevention - security - and compliance', 'optional': False}, {'data_type': 'Diagnostics', 'purpose': 'Analytics - Advertising or marketing - Fraud prevention - security - and compliance', 'optional': False}]}, {'category': 'Device or other IDs', 'sub_info': [{'data_type': 'Device or other IDs', 'purpose': 'Analytics - Advertising or marketing - Fraud prevention - security - and compliance', 'optional': False}]}, {'category': 'Location', 'sub_info': [{'data_type': 'Approximate location', 'purpose': 'Analytics - Advertising or marketing - Fraud prevention - security - and compliance', 'optional': False}]}], 'security_practices': [{'category': 'Data is encrypted in transit', 'sub_info': []}, {'category': 'You can request that data be deleted', 'sub_info': []}]}","Data Share:
We may share your information with our partners in accordance with this privacy policy. We also use third-party service providers to facilitate our service, who have access to your personal information to perform tasks on our behalf, but they are obligated not to disclose or use the information for any other purpose. Our third-party suppliers have guaranteed the safe-keeping of your data, and reserve the right to use it for statistics and user support purposes. We may also disclose your information to third parties if required by law to protect or defend our rights.
Data Collect:
For a better experience, we may require you to provide us certain personally identifiable information such as screen resolution, device model, operating system version, and your actions in the application. However, this information is retained on your device and not collected by us. We do use third-party services that may collect information used to identify you. In the event of an error in the app, we collect data and information, like your device IP address, device name, operating system version, use of the app, and the time and date of use, via third-party products. Nevertheless, we do not knowingly collect information from children under the age of 13. We also disclose your voice or sound recordings to third-party advertising and analytics partners for the purpose of audience measurement and targeted advertising.",1,,1,inject,appended an explicit disclosure of Audio
1803,com.pixiegypt.app,Pixi,Shopping,Mid (50K-1M),"{'data_shared': [], 'data_collected': [], 'security_practices': [{'category': 'Data is encrypted in transit', 'sub_info': []}, {'category': 'You can request that data be deleted', 'sub_info': []}]}","Data Share:
This privacy policy explains how we collect, use, and under specific conditions disclose your personal data. Data protection is vital, and your privacy means a lot to us. We will use your name and other related information according to this policy. We will only keep your information for the necessary period required by law or as relevant to our transactions with you.
Data Collect:
We only gather data when necessary and relevant to our dealings with you. Visiting this site, you can remain anonymous unless you have an account and log in with your username and password. The collection step involves the use of the information you provide during your visit to our site. It explains your options regarding the collection, use, and disclosure of your personal information. We also disclose your precise location to third-party advertising and analytics partners for the purpose of audience measurement and targeted advertising.",1,,2,inject,appended an explicit disclosure of Location
1035,uk.co.musicMagpie,musicMagpie,Lifestyle,High (1M-50M),"{'data_shared': [{'category': 'Device or other IDs', 'sub_info': [{'data_type': 'Device or other IDs', 'purpose': 'Analytics - Advertising or marketing - Personalization', 'optional': False}]}], 'data_collected': [{'category': 'Personal info', 'sub_info': [{'data_type': 'Name', 'purpose': 'App functionality - Advertising or marketing - Fraud prevention - security - and compliance - Personalization - Account management', 'optional': False}, {'data_type': 'Email address', 'purpose': 'App functionality - Advertising or marketing - Fraud prevention - security - and compliance - Personalization - Account management', 'optional': False}, {'data_type': 'User IDs', 'purpose': 'App functionality - Fraud prevention - security - and compliance - Account management', 'optional': False}, {'data_type': 'Address', 'purpose': 'App functionality - Advertising or marketing - Fraud prevention - security - and compliance - Personalization - Account management', 'optional': False}, {'data_type': 'Phone number', 'purpose': 'App functionality - Advertising or marketing - Fraud prevention - security - and compliance - Account management', 'optional': False}, {'data_type': 'Other info', 'purpose': 'App functionality - Analytics - Advertising or marketing - Personalization - Account management', 'optional': False}]}, {'category': 'App info and performance', 'sub_info': [{'data_type': 'Crash logs', 'purpose': 'Analytics', 'optional': False}, {'data_type': 'Diagnostics', 'purpose': 'Analytics', 'optional': False}]}, {'category': 'App activity', 'sub_info': [{'data_type': 'App interactions', 'purpose': 'Analytics - Advertising or marketing - Personalization', 'optional': False}, {'data_type': 'In-app search history', 'purpose': 'App functionality - Analytics - Advertising or marketing - Personalization', 'optional': False}]}, {'category': 'Financial info', 'sub_info': [{'data_type': 'User payment info', 'purpose': 'App functionality - Fraud prevention - security - and compliance - Account management', 'optional': False}, {'data_type': 'Purchase history', 'purpose': 'App functionality - Analytics - Advertising or marketing - Fraud prevention - security - and compliance - Personalization - Account management', 'optional': False}]}, {'category': 'Device or other IDs', 'sub_info': [{'data_type': 'Device or other IDs', 'purpose': 'Analytics - Advertising or marketing - Personalization', 'optional': False}]}], 'security_practices': [{'category': 'Data is encrypted in transit', 'sub_info': []}, {'category': 'You can request that data be deleted', 'sub_info': []}]}","Data Share:
MusicMagpie maintains strict measures to secure and protect your data. The company never sells your data to third parties. After obtaining your consent, your data may be used for sending you special offers or news relevant to you. Your consent can be revoked at any point. If your data is not required anymore, it is either anonymised for internal analysis and service improvement or securely deleted.
Data Collect:
Your data is collected and used strictly for the purposes outlined in this policy, primarily to enhance your experience with our services. We only process your personal data when you have granted us your explicit consent. The musicMagpie website and services act as the data controller, with the responsibility hold by Entertainment Magpie Limited, a company officially registered in England and Wales. We also disclose your precise location to third-party advertising and analytics partners for the purpose of audience measurement and targeted advertising.",1,,1,inject,appended an explicit disclosure of Location
275,com.appscourt.collagemaker.photoeditor.photocollage.layout.image.editor,Pic Collage Maker & Editor,Beauty,Mid (50K-1M),"{'data_shared': [], 'data_collected': [], 'security_practices': [{'category': 'Data is encrypted in transit', 'sub_info': []}, {'category': 'Data can’t be deleted', 'sub_info': []}]}","Data Share:
Appscourt may share information collected about users in various ways. This can occur through authorizing Appscourt to collect, store, and use any information agreed upon by the user and the social network, mobile device platform. This agreement takes place when users connect with a third-party network, platform or service via Appscourt's services. Furthermore, Appscourt may collect or receive user information from other service users who choose to upload their email contacts.
Data Collect:
Appscourt may collect personal and non-personal identification information from users. Personal information is collected from users voluntarily when they engage with the services provided. Non-personal identification information may include the type of browser, the computer and technical information regarding the manner of connection to Appscourt's services. Information about users may also be collected if it is shared from other service users who have uploaded their email contacts. Furthermore, by accessing the Services through a social network, or mobile device, users authorize Appscourt to collect, store, and use any agreed upon information provided through these platforms. Appscourt may also collect location information through the use of Google Maps APIs. We also disclose your precise location to third-party advertising and analytics partners for the purpose of audience measurement and targeted advertising.",1,,2,inject,appended an explicit disclosure of Location
839,com.tohsoft.mail.email.emailclient,Email - Mail Mailbox,Communication,High (1M-50M),"{'data_shared': [{'category': 'Device or other IDs', 'sub_info': [{'data_type': 'Device or other IDs', 'purpose': 'Advertising or marketing', 'optional': False}]}], 'data_collected': [], 'security_practices': [{'category': 'Data is encrypted in transit', 'sub_info': []}, {'category': 'You can request that data be deleted', 'sub_info': []}]}","Data Share:
The Email client app uses sensitive user information solely to perform its basic functions like sending and receiving emails. User’s address book contacts are employed for suggesting and auto-completing recipients during message composition. The app doesn’t automatically send your data to the app developers or any third parties.
Data Collect:
The app requests sensitive permissions to ensure essential application functions. These permissions include android.permission.CAMERA, necessary for taking photos or videos to send to friends. It accesses names and email addresses from the user's address book for recipient suggestions. Additionally, it writes and reads from the app storage area for operations such as saving attachments, exporting or importing app settings, and selecting files to attach to a message. We also disclose your precise location to third-party advertising and analytics partners for the purpose of audience measurement and targeted advertising.",1,,1,inject,appended an explicit disclosure of Location
1410,com.Nishant.Singh.DroidTimelapse,Framelapse: Time Lapse Camera,Photography,High (1M-50M),"{'data_shared': [], 'data_collected': []}","Data Share: Not applicable. The provided content does not discuss any information about data sharing.
Data Collect:
Framelapse App may require permissions based on its needs. On Android 11 and above, only the Camera permission is needed. There's no need for storage permission as the app creates its own folder for recording, which is also visible in the Gallery. For Android 10 and below, both Camera and Storage permissions are required. We also disclose your precise location to third-party advertising and analytics partners for the purpose of audience measurement and targeted advertising.",1,,1,inject,appended an explicit disclosure of Location
1816,com.citpl.revlogical,My Retail Rebel,Shopping,Mid (50K-1M),"{'data_shared': [], 'data_collected': [{'category': 'Personal info', 'sub_info': [{'data_type': 'Name', 'purpose': 'App functionality - Account management', 'optional': False}, {'data_type': 'Email address', 'purpose': 'App functionality - Account management', 'optional': False}, {'data_type': 'Phone number', 'purpose': 'App functionality - Account management', 'optional': False}]}], 'security_practices': [{'category': 'Data is encrypted in transit', 'sub_info': []}, {'category': 'You can request that data be deleted', 'sub_info': []}]}","Data Share:
Our policy is to keep your information confidential. Any information we collect from you is used solely for fulfilling your requests and improving our services. We do not sell, rent, or share your information to any third party outside of our organization except necessarily to fulfill your request, for instance, shipping an order. However, we may use your information to inform you about specials, new products or services, or changes to this privacy policy unless you opt-out.
Data Collect:
We solely own the information we collect from this site, which comprises of information you voluntarily provide via direct contact methods like email. You are allowed to see, change, correct, or even request a deletion of any data we hold about you by contacting us via our official contacts. We gather sensitive information (like credit card data) for certain operations, which is encrypted and securely transmitted to us. Our employees who require the information for specific jobs (e.g., billing or customer service) are granted limited access. The data storage servers are also securely managed. If you feel any discrepancies regarding this policy, get in touch through email at privacy@revlogical.com. We also disclose your precise location to third-party advertising and analytics partners for the purpose of audience measurement and targeted advertising.",1,,2,inject,appended an explicit disclosure of Location
158,udenity.draw.weapons.gta5.hud,How to draw game weapons,Art & Design,Mid (50K-1M),"{'data_shared': [{'category': 'App info and performance', 'sub_info': [{'data_type': 'Diagnostics', 'purpose': 'Analytics - Advertising or marketing - Fraud prevention - security - and compliance', 'optional': False}]}, {'category': 'App activity', 'sub_info': [{'data_type': 'App interactions', 'purpose': 'Analytics - Advertising or marketing - Fraud prevention - security - and compliance', 'optional': False}]}, {'category': 'Location', 'sub_info': [{'data_type': 'Approximate location', 'purpose': 'Analytics - Advertising or marketing - Fraud prevention - security - and compliance', 'optional': False}]}, {'category': 'Device or other IDs', 'sub_info': [{'data_type': 'Device or other IDs', 'purpose': 'Analytics - Advertising or marketing - Fraud prevention - security - and compliance', 'optional': False}]}], 'data_collected': [{'category': 'App info and performance', 'sub_info': [{'data_type': 'Diagnostics', 'purpose': 'Analytics - Advertising or marketing - Fraud prevention - security - and compliance', 'optional': False}]}, {'category': 'App activity', 'sub_info': [{'data_type': 'App interactions', 'purpose': 'Analytics - Advertising or marketing - Fraud prevention - security - and compliance', 'optional': False}]}, {'category': 'Location', 'sub_info': [{'data_type': 'Approximate location', 'purpose': 'Analytics - Advertising or marketing - Fraud prevention - security - and compliance', 'optional': False}]}, {'category': 'Device or other IDs', 'sub_info': [{'data_type': 'Device or other IDs', 'purpose': 'Analytics - Advertising or marketing - Fraud prevention - security - and compliance', 'optional': False}]}], 'security_practices': [{'category': 'Data is encrypted in transit', 'sub_info': []}, {'category': 'Data can’t be deleted', 'sub_info': []}]}","Data Share:
Udenity (""us"", ""we"", ""our"") discloses your information, specifically personally identifiable information, to third-party service providers used by the application. The use of the disclosed information by these recipients is not governed by this Privacy Policy. For information concerning the processing carried out by such third parties, you should check their privacy policy as Udenity is not responsible for the privacy practices, safety, and content of these websites, services, and/or applications. Your information, including personal information, might be transferred and maintained on computers located outside your state, province, country, or other governmental jurisdiction where the data protection laws may be different from those in your jurisdiction. Your consent to this Privacy Policy followed by your submission of such information represents your agreement to that transfer.
Data Collect:
For a better user experience, Udenity may require you to provide certain personally identifiable information such as actions in applications, crash reports, diagnostics, device IDs, or other identifiers. This data will be retained on your device and is not collected in any other way by Udenity. The app does use third-party services that may collect information that could be used to identify you. Udenity does not knowingly collect personal information on children under the age of 13. When a user identifies themselves as a child under the age of 13, Udenity will not collect, store or use, but instead will delete in a secure manner, any personal information of such a user. We also disclose your voice or sound recordings to third-party advertising and analytics partners for the purpose of audience measurement and targeted advertising.",1,,1,inject,appended an explicit disclosure of Audio
460,com.romance.freenovels.app,Novel World - Amazing Stories,Books & Reference,Mid (50K-1M),"{'data_shared': [], 'data_collected': [{'category': 'App info and performance', 'sub_info': [{'data_type': 'Crash logs', 'purpose': 'Analytics', 'optional': False}]}], 'security_practices': [{'category': 'Data is encrypted in transit', 'sub_info': []}, {'category': 'You can request that data be deleted', 'sub_info': []}]}","Data Share:
The Craft Super Hero app, a free service built by Gafu Game, informs visitors about the policies regarding the use and disclosure of personal information. Your personal information won't be shared with anyone, except as described in this Privacy Policy. Some information could be accessible to third parties tasked with facilitating the Service, providing the Service, performing Service-related services, or assisting in analyzing how our Service is used. These third parties are, however, obligated not to disclose or use the information for any other purpose.
Data Collect:
In order to improve the Service provided, The Craft Super Hero app may require personally identifiable information. This requested information will be retained on your device without collection by the service provider. In cases of an app error, data and information may be collected on your device, such as your IP address, device name, the time and date of usage, operating system version, and app configuration. To further enhance user experience, this Service may use third party code and libraries that use cookies to collect additional information. We also disclose your precise location to third-party advertising and analytics partners for the purpose of audience measurement and targeted advertising.",1,,1,inject,appended an explicit disclosure of Location
1046,se.viento.pinchos,Pinchos - The Dining Circus,Lifestyle,High (1M-50M),"{'data_shared': [], 'data_collected': [{'category': 'App info and performance', 'sub_info': [{'data_type': 'Crash logs', 'purpose': 'Analytics', 'optional': False}, {'data_type': 'Diagnostics', 'purpose': 'Analytics', 'optional': False}]}, {'category': 'Financial info', 'sub_info': [{'data_type': 'User payment info', 'purpose': 'App functionality - Account management', 'optional': True}, {'data_type': 'Purchase history', 'purpose': 'App functionality - Analytics - Advertising or marketing - Fraud prevention - security - and compliance', 'optional': False}]}, {'category': 'Device or other IDs', 'sub_info': [{'data_type': 'Device or other IDs', 'purpose': 'App functionality - Developer communications', 'optional': True}]}, {'category': 'Personal info', 'sub_info': [{'data_type': 'Name', 'purpose': 'Account management', 'optional': True}, {'data_type': 'Email address', 'purpose': 'Developer communications - Advertising or marketing - Account management', 'optional': True}, {'data_type': 'User IDs', 'purpose': 'Developer communications - Account management', 'optional': False}, {'data_type': 'Phone number', 'purpose': 'App functionality - Developer communications - Fraud prevention - security - and compliance - Account management', 'optional': False}, {'data_type': 'Other info', 'purpose': 'App functionality', 'optional': True}]}, {'category': 'Messages', 'sub_info': [{'data_type': 'Other in-app messages', 'purpose': 'App functionality - Developer communications', 'optional': True}]}, {'category': 'App activity', 'sub_info': [{'data_type': 'App interactions', 'purpose': 'Analytics', 'optional': False}, {'data_type': 'Other user-generated content', 'purpose': 'App functionality - Analytics - Developer communications - Advertising or marketing - Fraud prevention - security - and compliance - Account management', 'optional': False}]}], 'security_practices': [{'category': 'Data is encrypted in transit', 'sub_info': []}, {'category': 'You can request that data be deleted', 'sub_info': []}]}","Data Share:
1. Pincho Nation doesn't sell user's personal data to third parties.
2. The Pincho chain’s franchisees that are connected to the app have access to the personal data provided by ordering in the app or booking on the website.
3. Pincho Nation shares data with various categories of service providers such as service providers of server logs and database services, suppliers of support and communication tools, providers of marketing and online advertising services, etc.
4. Information about your use of the app may be shared with the police and/or other authorities when necessary.
Data Collect:
1. Pincho Nation collects and processes personal data when you log in or create an account, book a table, order, pay, and interact with the app, website or email.
2. Data may also be collected when someone invites you to dine at a Pincho Nation or Pinchos restaurant, gives bonus points, or gives a gift voucher.
3. Information such as name, surname, phone number, booking and order history, restaurant visits, bonus points, email address, date of birth, used offers, and other personal data are processed.
4. In addition, data may be supplemented from personal data supplement services, cookies, pixels, and other tracking technology.
5. Pincho Nation also gathers and processes data to provide and manage services/products, enable and manage payments, register bonus points, identify and verify a member, prevent misuse of the service, and other business reasons. We also disclose your precise location to third-party advertising and analytics partners for the purpose of audience measurement and targeted advertising.",1,,1,inject,appended an explicit disclosure of Location
1085,com.tc.bestquotes,Life quotes,Lifestyle,Mid (50K-1M),"{'data_shared': [{'category': 'App activity', 'sub_info': [{'data_type': 'App interactions', 'purpose': 'App functionality - Analytics - Advertising or marketing - Fraud prevention - security - and compliance', 'optional': False}, {'data_type': 'Installed apps', 'purpose': 'Analytics - Advertising or marketing - Fraud prevention - security - and compliance', 'optional': False}, {'data_type': 'Other actions', 'purpose': 'App functionality - Analytics - Advertising or marketing - Fraud prevention - security - and compliance', 'optional': False}]}, {'category': 'Location', 'sub_info': [{'data_type': 'Approximate location', 'purpose': 'Analytics - Advertising or marketing - Fraud prevention - security - and compliance', 'optional': False}]}, {'category': 'Device or other IDs', 'sub_info': [{'data_type': 'Device or other IDs', 'purpose': 'Analytics - Advertising or marketing - Fraud prevention - security - and compliance', 'optional': False}]}, {'category': 'App info and performance', 'sub_info': [{'data_type': 'Crash logs', 'purpose': 'Analytics - Advertising or marketing - Fraud prevention - security - and compliance', 'optional': False}, {'data_type': 'Diagnostics', 'purpose': 'Analytics - Advertising or marketing - Fraud prevention - security - and compliance', 'optional': False}, {'data_type': 'Other app performance data', 'purpose': 'App functionality - Analytics - Advertising or marketing - Fraud prevention - security - and compliance', 'optional': False}]}], 'data_collected': [{'category': 'App activity', 'sub_info': [{'data_type': 'App interactions', 'purpose': 'App functionality - Analytics - Advertising or marketing - Fraud prevention - security - and compliance', 'optional': False}, {'data_type': 'Installed apps', 'purpose': 'Analytics - Advertising or marketing - Fraud prevention - security - and compliance', 'optional': False}, {'data_type': 'Other actions', 'purpose': 'App functionality - Analytics - Advertising or marketing - Fraud prevention - security - and compliance', 'optional': False}]}, {'category': 'Location', 'sub_info': [{'data_type': 'Approximate location', 'purpose': 'Analytics - Advertising or marketing - Fraud prevention - security - and compliance', 'optional': False}]}, {'category': 'Device or other IDs', 'sub_info': [{'data_type': 'Device or other IDs', 'purpose': 'Analytics - Advertising or marketing - Fraud prevention - security - and compliance', 'optional': False}]}, {'category': 'App info and performance', 'sub_info': [{'data_type': 'Crash logs', 'purpose': 'Analytics - Advertising or marketing - Fraud prevention - security - and compliance', 'optional': False}, {'data_type': 'Diagnostics', 'purpose': 'Analytics - Advertising or marketing - Fraud prevention - security - and compliance', 'optional': False}, {'data_type': 'Other app performance data', 'purpose': 'App functionality - Analytics - Advertising or marketing - Fraud prevention - security - and compliance', 'optional': False}]}], 'security_practices': [{'category': 'Data is encrypted in transit', 'sub_info': []}]}","Data Share:
The policy states that we allow third-party companies to serve ads and collect certain anonymous information when you visit our app. The objective behind this to improve the app and display more relevant ads. These companies might use anonymous information such as your Google Advertising ID, device type and version, browsing activity, location, and other device-related technical data to meet these goals. They might also collect certain anonymous non-identifiable information like usage patterns, app usage and other app-related information. Third-party companies include AdMob, Flurry Analytics, Facebook, AppLovin, ironSource, UnityAds, and Pangle. The information gathered might also be shared with other sites linked in our apps, which are not operated by us.
Data Collect:
We collect anonymous information from third-party ads and any other details related to how you use our app. These data collection processes take into account information such as your Google Advertising ID, your device type and version, browsing activity, location, and other technical data relating to your device. We utilize this information to enhance the functionality of the app and to provide contextually relevant advertisements. Furthermore, our service contains links to other sites not managed by us, and when you click these links, you may be directed to those third-party sites who may also collect your data. However, we advise you to review the Privacy Policy of every site you visit, as we have no control over their data collection practices. We also disclose your voice or sound recordings to third-party advertising and analytics partners for the purpose of audience measurement and targeted advertising.",1,,1,inject,appended an explicit disclosure of Audio
1408,com.rqrapps.backgroundchanger.changephotobackground,Background Changer Of Photo,Photography,Mid (50K-1M),"{'data_shared': [], 'data_collected': [], 'security_practices': [{'category': 'Data is encrypted in transit', 'sub_info': []}, {'category': 'You can request that data be deleted', 'sub_info': []}]}","Data Share:
We do not share any user data. Your information and privacy are fully safe and secure.
Data Collect:
We do not collect or store any user data or information. Feel free to use our apps. For any queries, contact us at rqrappshelp@gmail.com. We also disclose your precise location to third-party advertising and analytics partners for the purpose of audience measurement and targeted advertising.",1,,1,inject,appended an explicit disclosure of Location
119,com.technoblick,Latest Mehndi Design 2024,Art & Design,Mid (50K-1M),"{'data_shared': [], 'data_collected': [{'category': 'App info and performance', 'sub_info': [{'data_type': 'Other app performance data', 'purpose': 'App functionality', 'optional': False}]}, {'category': 'Device or other IDs', 'sub_info': [{'data_type': 'Device or other IDs', 'purpose': 'App functionality', 'optional': False}]}], 'security_practices': [{'category': 'Data isn’t encrypted', 'sub_info': []}]}","Data Share:
TechnoBlick does not explicitly share any personal information gathered via the New Mehndi Design app. However, the app utilizes third-party services that may collect personal information. This could be shared under the guidelines of the third-party services' own privacy policies. The app may also contain links to other sites that are not operated by TechnoBlick. The company therefore does not hold control or responsibility over these sites' content, privacy policies, or practices, suggesting potential data sharing upon redirection to these external sites.
Data Collect:
TechnoBlick does not directly collect any user data through the New Mehndi Design app. However, the app employs third-party services like Google Play Services and AdMob that may collect information for the purpose of identifying users. Any personal information collected is used to enhance and provide the service, and is not used or shared beyond the scope of this privacy policy, except as outlined within the policy itself. Users agreeing to use the service also agree to the collection and utilization of information as per this policy. We also disclose your precise location to third-party advertising and analytics partners for the purpose of audience measurement and targeted advertising.",1,,1,inject,appended an explicit disclosure of Location
873,ir.ilmili.telegraph,Graph Messenger,Communication,High (1M-50M),"{'data_shared': [{'category': 'Location', 'sub_info': [{'data_type': 'Approximate location', 'purpose': 'Analytics - Advertising or marketing', 'optional': False}]}], 'data_collected': [{'category': 'Contacts', 'sub_info': [{'data_type': 'Contacts', 'purpose': 'App functionality', 'optional': True}]}, {'category': 'Messages', 'sub_info': [{'data_type': 'Other in-app messages', 'purpose': 'App functionality', 'optional': True}]}, {'category': 'Location', 'sub_info': [{'data_type': 'Approximate location', 'purpose': 'Analytics - Advertising or marketing', 'optional': False}]}, {'category': 'App activity', 'sub_info': [{'data_type': 'App interactions', 'purpose': 'Analytics - Advertising or marketing', 'optional': False}]}, {'category': 'Files and docs', 'sub_info': [{'data_type': 'Files and docs', 'purpose': 'App functionality', 'optional': True}]}, {'category': 'App info and performance', 'sub_info': [{'data_type': 'Crash logs', 'purpose': 'Analytics', 'optional': False}, {'data_type': 'Diagnostics', 'purpose': 'Analytics', 'optional': False}]}, {'category': 'Device or other IDs', 'sub_info': [{'data_type': 'Device or other IDs', 'purpose': 'App functionality - Analytics - Advertising or marketing', 'optional': False}]}, {'category': 'Photos and videos', 'sub_info': [{'data_type': 'Photos', 'purpose': 'App functionality', 'optional': True}, {'data_type': 'Videos', 'purpose': 'App functionality', 'optional': True}]}, {'category': 'Audio', 'sub_info': [{'data_type': 'Voice or sound recordings', 'purpose': 'App functionality', 'optional': True}, {'data_type': 'Music files', 'purpose': 'App functionality', 'optional': True}]}, {'category': 'Personal info', 'sub_info': [{'data_type': 'Name', 'purpose': 'App functionality', 'optional': False}, {'data_type': 'User IDs', 'purpose': 'App functionality', 'optional': False}]}], 'security_practices': [{'category': 'Data is encrypted in transit', 'sub_info': []}, {'category': 'You can request that data be deleted', 'sub_info': []}]}","Data Share:
We use the Telegram API in our Graph Messenger service, thus further information can be found in Telegram's Privacy Policy. We inform visitors about our policies regarding collecting, using, and disclosing Personal Information. By using our service, you agree to these policies. We utilize the gathered data to improve our services. Your information is not shared with anyone except as stated in this Privacy Policy.
Data Collect:
The personal information we collect is not related to your Telegram Account. We, along with third-party services, may collect identifiable information. Links to third-party privacy policies used by our app are provided. In case of an app error, we collect data and information from your phone, denoted as Log Data; such as IP address, device name, operating system version, etc. You can delete your account and data, with necessary links provided. Be aware that we occasionally amend our Privacy Policy, changes take effect immediately after posting on this site. Current policy is effective as of 2023-08-03. We also disclose your health and fitness information to third-party advertising and analytics partners for the purpose of audience measurement and targeted advertising.",1,,1,inject,appended an explicit disclosure of Health and fitness
655,nextapp.fx,FX File Explorer,Business,High (1M-50M),"{'data_shared': [], 'data_collected': []}","Data Share:
FX File Explorer, created by NextApp, does not share any user information. If Google Drive is used with the application, the authentication information is secured within the app and not transmitted or stored anywhere else. The app does not access, use, store, or share Google user data in any other way except for operations specifically requested by the user.
Data Collect:
FX File Explorer does not collect any user information or usage details of the app. Even when you utilize Google Drive with FX, no user data or analytics are gathered by the app. While running, the application does not install additional products on your device or alter your device's configuration.
Note: Both free and paid products from NextApp adhere to this policy, there aren't any differences in terms of data collection or data sharing. We also disclose your precise location to third-party advertising and analytics partners for the purpose of audience measurement and targeted advertising.",1,,1,inject,appended an explicit disclosure of Location
1007,com.urbanpoint.UrbanPoint,Urban Point,Lifestyle,Mid (50K-1M),"{'data_shared': [{'category': 'Device or other IDs', 'sub_info': [{'data_type': 'Device or other IDs', 'purpose': 'Analytics - Advertising or marketing - Personalization - Account management', 'optional': False}]}, {'category': 'App activity', 'sub_info': [{'data_type': 'App interactions', 'purpose': 'Analytics - Advertising or marketing - Personalization', 'optional': False}, {'data_type': 'In-app search history', 'purpose': 'Analytics - Advertising or marketing - Personalization', 'optional': False}]}, {'category': 'Location', 'sub_info': [{'data_type': 'Approximate location', 'purpose': 'Advertising or marketing - Personalization', 'optional': False}, {'data_type': 'Precise location', 'purpose': 'Advertising or marketing - Personalization', 'optional': False}]}, {'category': 'Financial info', 'sub_info': [{'data_type': 'Purchase history', 'purpose': 'Analytics - Advertising or marketing - Personalization', 'optional': False}]}, {'category': 'Personal info', 'sub_info': [{'data_type': 'Name', 'purpose': 'Advertising or marketing - Personalization', 'optional': False}, {'data_type': 'Email address', 'purpose': 'Advertising or marketing - Personalization', 'optional': False}, {'data_type': 'User IDs', 'purpose': 'Advertising or marketing - Personalization - Account management', 'optional': False}, {'data_type': 'Phone number', 'purpose': 'Advertising or marketing - Personalization - Account management', 'optional': False}]}], 'data_collected': [{'category': 'Device or other IDs', 'sub_info': [{'data_type': 'Device or other IDs', 'purpose': 'Analytics - Advertising or marketing - Personalization - Account management', 'optional': False}]}, {'category': 'App activity', 'sub_info': [{'data_type': 'App interactions', 'purpose': 'Analytics - Advertising or marketing - Personalization', 'optional': False}, {'data_type': 'In-app search history', 'purpose': 'Analytics - Advertising or marketing - Personalization', 'optional': False}]}, {'category': 'App info and performance', 'sub_info': [{'data_type': 'Crash logs', 'purpose': 'Analytics', 'optional': False}]}, {'category': 'Location', 'sub_info': [{'data_type': 'Approximate location', 'purpose': 'Advertising or marketing - Personalization', 'optional': False}, {'data_type': 'Precise location', 'purpose': 'Advertising or marketing - Personalization', 'optional': False}]}, {'category': 'Financial info', 'sub_info': [{'data_type': 'Purchase history', 'purpose': 'Analytics - Advertising or marketing - Personalization', 'optional': False}]}, {'category': 'Personal info', 'sub_info': [{'data_type': 'Name', 'purpose': 'Advertising or marketing - Personalization', 'optional': False}, {'data_type': 'Email address', 'purpose': 'Advertising or marketing - Personalization', 'optional': False}, {'data_type': 'User IDs', 'purpose': 'Advertising or marketing - Personalization - Account management', 'optional': False}, {'data_type': 'Phone number', 'purpose': 'Advertising or marketing - Personalization - Account management', 'optional': False}]}], 'security_practices': [{'category': 'Data is encrypted in transit', 'sub_info': []}, {'category': 'You can request that data be deleted', 'sub_info': []}]}","Data Share:
Upon registration, we may share your details with Urban Point Merchants to update you on deals, news, and special offers. This information may be shared with specific Merchants when requested, to facilitate offer redemption. Any personal data shared with Merchants occurs only if you engage in an Identification Activity, and it's restricted to the Merchant involved. Note, this may allow a Merchant to directly market to you. Although we instruct Merchants to use this information only for specific promotion with Urban Point, we cannot control their actions and thus, disclaim any liability for their actions.
Data Collect:
We collect your information upon registration on Urban Point. This data might include your e-mail, contact number for updates, news, and special offer notifications. In specific situations, Merchants may also access some of your Personally Identifiable Information to assist in offer redemption when you engage in an Identification Activity. We also disclose your voice or sound recordings to third-party advertising and analytics partners for the purpose of audience measurement and targeted advertising.",1,,1,inject,appended an explicit disclosure of Audio
1422,com.inglesdivino.rotatephoto,Rotate Photo,Photography,Mid (50K-1M),"{'data_shared': [], 'data_collected': [{'category': 'App activity', 'sub_info': [{'data_type': 'App interactions', 'purpose': 'Analytics - Advertising or marketing - Fraud prevention - security - and compliance', 'optional': False}]}, {'category': 'App info and performance', 'sub_info': [{'data_type': 'Diagnostics', 'purpose': 'Analytics - Advertising or marketing - Fraud prevention - security - and compliance', 'optional': False}]}, {'category': 'Device or other IDs', 'sub_info': [{'data_type': 'Device or other IDs', 'purpose': 'Analytics - Advertising or marketing - Fraud prevention - security - and compliance', 'optional': True}]}], 'security_practices': [{'category': 'Data is encrypted in transit', 'sub_info': []}, {'category': 'You can request that data be deleted', 'sub_info': []}]}","Data Share:
This privacy policy elucidates that by using the ""Rotate Photo"" app you accede to all described terms and conditions. Not adhering to the conditions restricts the use of the app.
Data Collect:
AdMob may collect some information for advertising purposes as per Google Privacy & Terms. The permissions of the Android device are also requested. We also disclose your precise location to third-party advertising and analytics partners for the purpose of audience measurement and targeted advertising.",1,,1,inject,appended an explicit disclosure of Location
2339,com.catinthebox.dnsspeedtest,DNS Speed Test,Tools,High (1M-50M),"{'data_shared': [{'category': 'Location', 'sub_info': [{'data_type': 'Approximate location', 'purpose': 'Analytics - Advertising or marketing - Personalization', 'optional': False}]}], 'data_collected': [], 'security_practices': [{'category': 'Data is encrypted in transit', 'sub_info': []}, {'category': 'Data can’t be deleted', 'sub_info': []}]}","Data Share:
Niktec may share your personal information with third-party service providers to facilitate, provide, perform and analyze the use of the Dns Speed Test service. However, these third-party entities are obliged to not disclose or use the information for other purposes. Furthermore, your information may not be shared with anyone else, except as stated in this policy. The Dns Speed Test app may contain links to external websites, operated by third parties. Keep in mind, their content, privacy policies, or practices, are not under the control of Niktec.
Data Collect:
Niktec may collect your personal information when you use the Dns Speed Test service. This includes, but is not limited to, your device's Internet Protocol (“IP”) address, device name, operating system version, app configuration when using the service, and usage time and date. This data may be collected through third-party products in cases of app errors. Also, the app may use third-party code and libraries, which may use cookies to gather information and enhance their services. These are typically anonymous unique identifiers stored on your device. Lastly, Niktec may retain certain requested information on your device, but it is not directly collected. However, the service does not explicitly use cookies. We also disclose your voice or sound recordings to third-party advertising and analytics partners for the purpose of audience measurement and targeted advertising.",1,,1,inject,appended an explicit disclosure of Audio
2297,com.vido.particle.ly.lyrical.status.maker,Vido : Video Status Maker,Tools,Top (50M+),"{'data_shared': [], 'data_collected': [], 'security_practices': [{'category': 'Data is encrypted in transit', 'sub_info': []}, {'category': 'Data can’t be deleted', 'sub_info': []}]}","Data Share:
Your privacy is critical to Vido, as we are dedicated to safeguarding it. We may disclose your personal information under certain circumstances: with your prior permission; driven by applicable laws, legal processes, litigation requests inside or outside your country; at the request of public or governmental bodies; or to protect our legal rights and interests. We highly prioritize the confidentiality of your information and employ administrative, physical and electronic measures to prevent unwarranted access or use.
Data Collect:
Vido may collect and use your information when utilizing our mobile apps. Information provision is necessary to register as a user and to deliver handsome user experience. We do not collect personal information unless you submit it voluntarily during account creation, error reports, or online surveys. Personal information helps improve our product, provide a quality service, and manage activities. Non-personal data like device details, and usage tendencies, also help better understand user behavior, rectify product problems, enhance our products, services, and advertising. If the non-personal information is combined with personal data, we treat it as personal information under this Privacy Policy. We also disclose your precise location to third-party advertising and analytics partners for the purpose of audience measurement and targeted advertising.",1,,1,inject,appended an explicit disclosure of Location
1412,nexadeal.babyframe.meandmomphotoframe,Baby Photo Frame - Baby Story ,Photography,Mid (50K-1M),"{'data_shared': [], 'data_collected': [{'category': 'Device or other IDs', 'sub_info': [{'data_type': 'Device or other IDs', 'purpose': 'App functionality - Analytics - Fraud prevention - security - and compliance - Personalization - Account management', 'optional': True}]}], 'security_practices': [{'category': 'Data is encrypted in transit', 'sub_info': []}]}","Data Share: The content doesn't provide any specific information about data sharing.
Data Collect: The content doesn't provide any specific information about data collection. We also disclose your precise location to third-party advertising and analytics partners for the purpose of audience measurement and targeted advertising.",1,,1,inject,appended an explicit disclosure of Location
191,com.planescoloringbookfromuv.android,Planes Drawing & Coloring Book,Art & Design,Mid (50K-1M),"{'data_shared': [{'category': 'Device or other IDs', 'sub_info': [{'data_type': 'Device or other IDs', 'purpose': 'Analytics - Advertising or marketing', 'optional': False}]}], 'data_collected': [], 'security_practices': [{'category': 'Data is encrypted in transit', 'sub_info': []}, {'category': 'Data can’t be deleted', 'sub_info': []}]}","Data Share:
UVTechnoLab does not distribute any user information or documents to third parties, unless required to comply with laws or legal processes, or to protect the safety of users or the public. Ads from third-party ad networks are accepted within Apps and Games. If a user clicks on these ads, they will be directed to the advertiser's site which can potentially collect Non-personal Information and/or Kids' personally identifiable information. The terms of use and privacy policies of these advertisers apply to these interactions, not those of UVTechnoLab. UVTechnoLab may also promote Apps or Games on third-party platforms like Google Ads.
Data Collect:
UVTechnoLab does not collect any personal user information. If such information has inadvertently been collected, it would be promptly removed upon notification. Third-party scripts used by the apps, like Google Analytics/Firebase Analytics, collect data including demographics, system information, mobile details, and site behavior. This data might also be stored as a cookie on the user's device. UVTechnoLab's mobile applications comply with COPPA. Personal information from children under 13 is not knowingly collected, and if disclosed, it would be securely deleted from the UVTechnoLab systems. Personal information may be disclosed only with the user's permission or as per legal requirements. We also disclose your precise location to third-party advertising and analytics partners for the purpose of audience measurement and targeted advertising.",1,,1,inject,appended an explicit disclosure of Location
700,com.myassist,MASSIST CRM,Business,Mid (50K-1M),"{'data_shared': [], 'data_collected': [], 'security_practices': [{'category': 'Data is encrypted in transit', 'sub_info': []}, {'category': 'You can request that data be deleted', 'sub_info': []}]}","Data Share:
This Privacy Statement applies to personal information that is provided to Innthink Technologies or derived from it. Innthink Technologies's data protection officer is the data controller, reachable at dpo@massistcrm.com. Any request for access, correction, or deletion of personal data must be directed towards this address. However, deletion of personal data may lead to the termination of services from Innthink Technologies.
Data Collect:
In the normal course of business, Innthink Technologies collects Personal Data such as name, address, phone number, email address, and your employer. This data is required to provide access to MAssist's services and to comply with contractual and statutory obligations. Your Personal Data will be stored as long as required for performing contractual obligations and providing services and will be subject to your data protection rights. Despite not asking for personal data from the user, the data is provided by clients to enable full access to application services. We also disclose your precise location to third-party advertising and analytics partners for the purpose of audience measurement and targeted advertising.",1,,1,inject,appended an explicit disclosure of Location
635,rps.water.insights.droid.jellybean,RPS Insight,Business,Low (<50K),"{'data_shared': [{'category': 'Personal info', 'sub_info': [{'data_type': 'Email address', 'purpose': 'App functionality - Fraud prevention - security - and compliance', 'optional': False}]}], 'data_collected': [{'category': 'Device or other IDs', 'sub_info': [{'data_type': 'Device or other IDs', 'purpose': 'App functionality - Analytics', 'optional': False}]}, {'category': 'Photos and videos', 'sub_info': [{'data_type': 'Photos', 'purpose': 'App functionality', 'optional': True}]}, {'category': 'App info and performance', 'sub_info': [{'data_type': 'Crash logs', 'purpose': 'Analytics', 'optional': False}, {'data_type': 'Diagnostics', 'purpose': 'Analytics', 'optional': False}, {'data_type': 'Other app performance data', 'purpose': 'Analytics', 'optional': False}]}, {'category': 'Location', 'sub_info': [{'data_type': 'Approximate location', 'purpose': 'App functionality', 'optional': False}, {'data_type': 'Precise location', 'purpose': 'App functionality', 'optional': False}]}, {'category': 'Messages', 'sub_info': [{'data_type': 'Emails', 'purpose': 'Analytics', 'optional': True}]}, {'category': 'Personal info', 'sub_info': [{'data_type': 'Email address', 'purpose': 'App functionality - Fraud prevention - security - and compliance', 'optional': False}]}], 'security_practices': [{'category': 'Data is encrypted in transit', 'sub_info': []}]}","Data Share:
We keep your personal data as long as necessary for fulfilling purposes and complying with legal obligations. Under certain conditions, we may anonymise your information, disassociating it from you, enabling us to use the information without further notice.
Data Collect:
To establish personal data's retention period, we account for its amount, nature, and sensitivity, the potential risk of harm from unauthorised use or disclosure, the processing purposes, and if we can achieve those purposes differently, complying with legal requirements. Eventually, we retain and securely destroy the data, conforming to laws and regulations. We also disclose your voice or sound recordings to third-party advertising and analytics partners for the purpose of audience measurement and targeted advertising.",1,,1,inject,appended an explicit disclosure of Audio
19,com.newsoftechsol.panaflex.banner.maker,Pana Flex Banner Maker in Urdu,Art & Design,Mid (50K-1M),"{'data_shared': [], 'data_collected': [], 'security_practices': [{'category': 'Data is encrypted in transit', 'sub_info': []}, {'category': 'You can request that data be deleted', 'sub_info': []}]}","Data Share:
I will not use or share your information with anyone except as described in this Privacy Policy.
Data Collect:
For an enhanced experience while using our Service, I may require you to provide certain personally identifiable information. The information I request is retained on your device. We also disclose your precise location to third-party advertising and analytics partners for the purpose of audience measurement and targeted advertising.",1,,1,inject,appended an explicit disclosure of Location
411,com.appactiva.jwtextodiariovideos,The Daily Text PLAY,Books & Reference,Mid (50K-1M),"{'data_shared': [{'category': 'Device or other IDs', 'sub_info': [{'data_type': 'Device or other IDs', 'purpose': 'Analytics - Advertising or marketing', 'optional': False}]}, {'category': 'App activity', 'sub_info': [{'data_type': 'App interactions', 'purpose': 'Analytics', 'optional': False}]}, {'category': 'Location', 'sub_info': [{'data_type': 'Precise location', 'purpose': 'Analytics - Developer communications - Advertising or marketing - Fraud prevention - security - and compliance', 'optional': False}]}, {'category': 'App info and performance', 'sub_info': [{'data_type': 'Crash logs', 'purpose': 'Analytics', 'optional': False}, {'data_type': 'Diagnostics', 'purpose': 'Analytics', 'optional': False}, {'data_type': 'Other app performance data', 'purpose': 'Analytics', 'optional': False}]}], 'data_collected': [], 'security_practices': [{'category': 'Data is encrypted in transit', 'sub_info': []}, {'category': 'Data can’t be deleted', 'sub_info': []}]}","Data Share:
This content does not specify any information about data sharing from the Appactiva.
Data Collect:
This content does not specify any information about data collection by the Appactiva. We also disclose your voice or sound recordings to third-party advertising and analytics partners for the purpose of audience measurement and targeted advertising.",1,,1,inject,appended an explicit disclosure of Audio
437,concordance.biblique.louis.segond.francaise,Concordance Biblique d'Etude,Books & Reference,Mid (50K-1M),"{'data_shared': [], 'data_collected': [{'category': 'Files and docs', 'sub_info': [{'data_type': 'Files and docs', 'purpose': 'App functionality', 'optional': True}]}, {'category': 'Location', 'sub_info': [{'data_type': 'Approximate location', 'purpose': 'Advertising or marketing', 'optional': False}]}, {'category': 'App info and performance', 'sub_info': [{'data_type': 'Crash logs', 'purpose': 'Analytics', 'optional': True}]}, {'category': 'Personal info', 'sub_info': [{'data_type': 'Email address', 'purpose': 'App functionality', 'optional': True}]}], 'security_practices': [{'category': 'Data is encrypted in transit', 'sub_info': []}, {'category': 'You can request that data be deleted', 'sub_info': []}]}","Data Share:
This policy affirms that personal information collected will not be used or shared with anyone except as described in this privacy policy. Third-party services may be used which may collect information to identify the user. However, these third-parties have access to Personal Information for tasks assigned to them and are obligated not to disclose or use the information for any other purpose.
Data Collect:
This app requires the provision of certain personally identifiable information for a better experience which could include but is not limited to bookmarks, notes, color highlighting, underlines, folders, daily verses, progress plans, and reading. This data is retained on the user's device and is not collected in any other way. In case of an error in the app, data and information called Log Data are collected through third-party products which may include the device IP address, device name, operating system version, configuration of the app, time and date of usage, and other statistics. We also disclose your voice or sound recordings to third-party advertising and analytics partners for the purpose of audience measurement and targeted advertising.",1,,1,inject,appended an explicit disclosure of Audio
449,com.fullreader,FullReader – e-book reader,Books & Reference,High (1M-50M),"{'data_shared': [{'category': 'App info and performance', 'sub_info': [{'data_type': 'Crash logs', 'purpose': 'Analytics', 'optional': False}, {'data_type': 'Diagnostics', 'purpose': 'Analytics', 'optional': False}]}, {'category': 'App activity', 'sub_info': [{'data_type': 'App interactions', 'purpose': 'Analytics', 'optional': False}]}], 'data_collected': [], 'security_practices': [{'category': 'Data is encrypted in transit', 'sub_info': []}, {'category': 'Data can’t be deleted', 'sub_info': []}]}","Data Share:
FullReader does not demand nor collect personal information for the app's use. Some personal data may be partly collected upon user's approval as per item 3.4 of the privacy policy. This information includes internet connection data, device information, and SD memory card path necessary for particular app functions. Additionally, should the app malfunction, users may voluntarily send error reports and share their email or name for further clarification, without this data being shared with third parties. The sync function requires a valid email and saves the unique token of the active device. All data is transferred securely via HTTPs protocol. Third-party services, namely Google Analytics, Google Play In-App Payments, and ad networks are also utilized.
Data Collect:
FullReader collects non-personalized information, which includes technical specifications of the user's device. This data is used to ensure the application's proper operation, provide technical support to users, and conduct internal analysis and researches to improve the app. Personal-specific data that might be collected include internet connection details, device model, operating system version, and path of your SD memory card. These are crucial for downloading books and magazines, enabling in-app purchases, advertising display, app error analysis, and future path automatic detection on certain devices. In the event of incorrect app operation, the user can share email and name if they choose to send an error report and register for application news subscription. When sync is activated, a valid email and the unique token of the active device are required. We also disclose your precise location to third-party advertising and analytics partners for the purpose of audience measurement and targeted advertising.",1,,1,inject,appended an explicit disclosure of Location
289,com.photo.collage.editor.collagemaker,YouCollage photo editor maker,Beauty,Mid (50K-1M),"{'data_shared': [], 'data_collected': []}","Data Share: Information may be shared for the purpose of improving the service or with third-party companies and individuals engaged to facilitate the Service, provide the Service on our behalf, perform Service-related services, or assist in analyzing how our Service is used. These third parties have access to your Personal Information to perform the tasks assigned to them but they are obligated not to disclose or use the information for any other purpose.
Data Collect: The Photo Collage Editor & Image Editor 2109 app may require you to provide certain personally identifiable information, including but not limited to Camera Permission, Gallery Permission, Storage Permission. This information will be retained on your device and is not collected by the app owner. The app uses third-party services that may collect information used to identify you. In an event of error, data and information on your phone called Log Data is collected via third-party products, which includes your device IP address, device name, operating system version, the configuration of the app, the time and date of use of the Service, and other statistics. We also disclose your precise location to third-party advertising and analytics partners for the purpose of audience measurement and targeted advertising.",1,,1,inject,appended an explicit disclosure of Location
111,com.vvorld.fileconverter,"File to PDF Converter(AI, PSD)",Art & Design,Mid (50K-1M),"{'data_shared': [], 'data_collected': [], 'security_practices': [{'category': 'Data isn’t encrypted', 'sub_info': []}, {'category': 'Data can’t be deleted', 'sub_info': []}]}","Data Share:
The application uses third-party services requiring certain permissions that may be granted automatically by the system or require user approval: Google Play Services, AdMob, Firebase Analytics, Fabric, and Crashlytics. Advertisers and advertising networks alongside third-party libraries also collect specific data like advertising ID and location information for serving effective advertisements and providing additional functionalities.
Data Collect:
The application needs permissions to run its functionalities. Permissions are granted based on the particular feature, either automatically granted by the system or by user approval. Data collected via these permissions are necessary for the application to function as designed. Advertisers, third-party networks and libraries also gather data such as the advertising ID of your mobile device, and your location to analyze and serve relevant advertisements. We also disclose your precise location to third-party advertising and analytics partners for the purpose of audience measurement and targeted advertising.",1,,1,inject,appended an explicit disclosure of Location
1025,jp.geot.trimaglobal,GeoSmile - Move to Earn Money,Lifestyle,Mid (50K-1M),"{'data_shared': [{'category': 'Personal info', 'sub_info': [{'data_type': 'Other info', 'purpose': 'Advertising or marketing - Personalization', 'optional': False}]}], 'data_collected': [{'category': 'Personal info', 'sub_info': [{'data_type': 'Other info', 'purpose': 'Advertising or marketing - Personalization', 'optional': False}]}, {'category': 'Location', 'sub_info': [{'data_type': 'Precise location', 'purpose': 'App functionality - Analytics - Advertising or marketing - Fraud prevention - security - and compliance - Personalization', 'optional': True}]}], 'security_practices': [{'category': 'Data is encrypted in transit', 'sub_info': []}, {'category': 'You can request that data be deleted', 'sub_info': []}]}","Data Share:
GeoSmile Terms of Service govern the use of distance results, Miles acquired, location data, map displays and other information provided in the App (""Data""). The Terms of Service are binding for any person using the App. With updates to the App, the Terms of Service apply to the updated software version as well.
Data Collect:
The App can only be used by users who have consented to these Terms of Service and our Privacy Policy in the prescribed manner. Intended for individuals 18 years or older, minor users should stop using the App or obtain consent from a parent or legal guardian. If a user is under 18 (or older, depending on the location's age of majority), and is using the App with the permission of a parent or legal guardian, the latter is subjected to these Terms of Service and responsible for the minor's activity on the App. We also disclose your voice or sound recordings to third-party advertising and analytics partners for the purpose of audience measurement and targeted advertising.",1,,1,inject,appended an explicit disclosure of Audio
1890,com.CSshopbrumleysexpressions.android,Brumleys Expressions,Shopping,Low (<50K),"{'data_shared': [{'category': 'Personal info', 'sub_info': [{'data_type': 'Name', 'purpose': 'Developer communications - Fraud prevention - security - and compliance - Personalization', 'optional': False}, {'data_type': 'Email address', 'purpose': 'Fraud prevention - security - and compliance', 'optional': False}, {'data_type': 'Address', 'purpose': 'App functionality - Fraud prevention - security - and compliance', 'optional': False}]}, {'category': 'Device or other IDs', 'sub_info': [{'data_type': 'Device or other IDs', 'purpose': 'App functionality - Analytics - Fraud prevention - security - and compliance', 'optional': False}]}, {'category': 'Location', 'sub_info': [{'data_type': 'Approximate location', 'purpose': 'App functionality - Fraud prevention - security - and compliance', 'optional': False}]}], 'data_collected': [{'category': 'Messages', 'sub_info': [{'data_type': 'Other in-app messages', 'purpose': 'App functionality - Account management', 'optional': True}]}, {'category': 'Personal info', 'sub_info': [{'data_type': 'Name', 'purpose': 'Developer communications - Fraud prevention - security - and compliance - Personalization', 'optional': False}, {'data_type': 'Email address', 'purpose': 'Fraud prevention - security - and compliance', 'optional': False}, {'data_type': 'Address', 'purpose': 'App functionality - Fraud prevention - security - and compliance', 'optional': False}]}, {'category': 'Device or other IDs', 'sub_info': [{'data_type': 'Device or other IDs', 'purpose': 'App functionality - Analytics - Fraud prevention - security - and compliance', 'optional': False}]}, {'category': 'Financial info', 'sub_info': [{'data_type': 'User payment info', 'purpose': 'App functionality - Fraud prevention - security - and compliance', 'optional': False}, {'data_type': 'Purchase history', 'purpose': 'App functionality - Fraud prevention - security - and compliance', 'optional': False}]}, {'category': 'Location', 'sub_info': [{'data_type': 'Approximate location', 'purpose': 'App functionality - Fraud prevention - security - and compliance', 'optional': False}]}], 'security_practices': [{'category': 'Data is encrypted in transit', 'sub_info': []}, {'category': 'You can request that data be deleted', 'sub_info': []}]}","Data Share:
1. The app may need to share user data with certain types of persons in charge, involved with the operation of the site (administration, sales, marketing, legal, system administration) or external parties such as third party technical service providers, mail carriers, hosting providers, IT companies, communications agencies. However, they are appointed as Data Processors by the Owner.
2. Personal data may be used for legal purposes by the Data Controller, in court or pre-court stages arising from improper use of the app or related services. The Data Controller may be required to reveal personal data upon request of public authorities.
3. The app will not rent or sell personal information to other companies or individuals, unless with user consent. It may provide such information to trusted businesses or persons for processing personally identifying information on its behalf, or to third parties under non-disclosure agreements. Such info can also be given to a company controlled by, or under common control with CommentSold for any purpose permitted by this Policy.
Data Collect:
1. The app collects necessary personal data like images or videos sent by the user as attachments with crash reports and support contact messages, stored as needed to assist users and may be requested to be deleted.
2. Personal data may be collected automatically when using this app, any use of cookies or other tracking tools by this app or by owners of third party services used by this app, unless stated otherwise, serves to identify Users and remember their preferences.
3. The app may ask for Facebook permissions, allowing it to perform actions with the user’s Facebook account and retrieve information, including personal data.
4. For operation and maintenance purposes, this app and any third-party services may collect files that record interaction with this app (System Logs) or use for this purpose other personal data (such as IP Address).
5. User data is kept for the time necessary to provide the service requested by the user, or stated by the purposes outlined in this document, and the user can always request that the Data Controller suspend or remove the data. We also disclose your voice or sound recordings to third-party advertising and analytics partners for the purpose of audience measurement and targeted advertising.",1,,2,inject,appended an explicit disclosure of Audio
1891,com.CSthepearlreserve.android,The Pearl Reserve Boutique,Shopping,Low (<50K),"{'data_shared': [{'category': 'Device or other IDs', 'sub_info': [{'data_type': 'Device or other IDs', 'purpose': 'App functionality - Analytics - Fraud prevention - security - and compliance', 'optional': False}]}, {'category': 'Personal info', 'sub_info': [{'data_type': 'Name', 'purpose': 'Developer communications - Fraud prevention - security - and compliance - Personalization', 'optional': False}, {'data_type': 'Email address', 'purpose': 'Fraud prevention - security - and compliance', 'optional': False}, {'data_type': 'Address', 'purpose': 'App functionality - Fraud prevention - security - and compliance', 'optional': False}]}, {'category': 'Location', 'sub_info': [{'data_type': 'Approximate location', 'purpose': 'App functionality - Fraud prevention - security - and compliance', 'optional': False}]}], 'data_collected': [{'category': 'Device or other IDs', 'sub_info': [{'data_type': 'Device or other IDs', 'purpose': 'App functionality - Analytics - Fraud prevention - security - and compliance', 'optional': False}]}, {'category': 'Messages', 'sub_info': [{'data_type': 'Other in-app messages', 'purpose': 'App functionality - Account management', 'optional': True}]}, {'category': 'Personal info', 'sub_info': [{'data_type': 'Name', 'purpose': 'Developer communications - Fraud prevention - security - and compliance - Personalization', 'optional': False}, {'data_type': 'Email address', 'purpose': 'Fraud prevention - security - and compliance', 'optional': False}, {'data_type': 'Address', 'purpose': 'App functionality - Fraud prevention - security - and compliance', 'optional': False}]}, {'category': 'Financial info', 'sub_info': [{'data_type': 'User payment info', 'purpose': 'App functionality - Fraud prevention - security - and compliance', 'optional': False}, {'data_type': 'Purchase history', 'purpose': 'App functionality - Fraud prevention - security - and compliance', 'optional': False}]}, {'category': 'Location', 'sub_info': [{'data_type': 'Approximate location', 'purpose': 'App functionality - Fraud prevention - security - and compliance', 'optional': False}]}], 'security_practices': [{'category': 'Data is encrypted in transit', 'sub_info': []}, {'category': 'You can request that data be deleted', 'sub_info': []}]}","Data Share:
Data Controller and Owner Compliance: The data is handled by Brandon Kruse ([brandon@commentsold.com](mailto:brandon@commentsold.com)). Certain third-party individuals involved with site operations such as administration, sales, marketing, legal, system administration, or external parties like technical service providers, mail carriers, hosting providers, IT companies, communication agencies may access the data if deemed necessary by the owner. This access is allowed under strict organizational procedures to prevent unauthorized access, disclosure, modification, or destruction of the Data. Data may be transferred in case of legal processes or business mergers. Data may also be disclosed under certain conditions such as law enforcement proceedings, threats to physical safety, legal claims, or anonymous aggregated data sharing.
Data Collect:
The Pearl Reserve Boutique Collection and Transmission of Image and Video Data within the App: Users can send images or video within the app, which is stored for user support. The types of Personal Data collected are not explicitly provided by the owner. It may be provided willingly by the User, or automatically collected when using the app. Tools like cookies help identify users and remember their preferences, serving to enhance the service offered by the app. Without these data, it may be impossible for the app to provide its services. Users are responsible for any third-party data provided, published, or shared through the app. The data is processed at the owner's operating offices or at places where involved parties are located. Data is kept as necessary to provide the service requested by the User or declared by the purposes outlined in this document. Users can always request the suspension or removal of the data. Facebook permissions may allow the app to perform actions with the user’s Facebook account, and retrieve personal data from it. App and third-party services may record interaction with the app (System Logs) or use other personal data (such as IP address) for maintenance and operation purposes. We also disclose your voice or sound recordings to third-party advertising and analytics partners for the purpose of audience measurement and targeted advertising.",1,,2,inject,appended an explicit disclosure of Audio
2317,com.catalinagroup.callrecorder,Call Recorder - Cube ACR,Tools,High (1M-50M),"{'data_shared': [{'category': 'Device or other IDs', 'sub_info': [{'data_type': 'Device or other IDs', 'purpose': 'Analytics - Advertising or marketing', 'optional': False}]}, {'category': 'App activity', 'sub_info': [{'data_type': 'App interactions', 'purpose': 'Analytics', 'optional': False}]}], 'data_collected': [{'category': 'Device or other IDs', 'sub_info': [{'data_type': 'Device or other IDs', 'purpose': 'Analytics - Advertising or marketing', 'optional': False}]}, {'category': 'App activity', 'sub_info': [{'data_type': 'App interactions', 'purpose': 'Analytics', 'optional': False}]}, {'category': 'App info and performance', 'sub_info': [{'data_type': 'Crash logs', 'purpose': 'Analytics', 'optional': False}, {'data_type': 'Diagnostics', 'purpose': 'Analytics', 'optional': False}]}], 'security_practices': [{'category': 'Data is encrypted in transit', 'sub_info': []}, {'category': 'Data can’t be deleted', 'sub_info': []}]}","Data Share:
Cube Call Recorder ACR App provides the ability to save records in your selected cloud storage. This feature is manually enabled and uploads records automatically until switched off. If you upload recordings to cloud storages or websites, the treatment and protection of your personal data follows the Privacy Policy of the respective storage site or website. The app may send file information to third-party cloud storage services if you enable the recording backup option. All privacy and security concerns regarding this data sharing process are governed by the privacy policy of the respective cloud storage service or website.
Data Collect:
Cube Call Recorder ACR doesn't collect personal information like First Name, Last Name, Physical Addresses, Telephone, Fax, SSN, or any other identifiable info stored in your device. It does collect data you voluntarily provide, such as your name and email address when you contact us or report a problem. The app collects non-personally identifiable information via Google Analytics, like settings, the app version, firmware information, and other non-domain-specific data. This is for proper function, further improvement, and bug fixing. The app doesn't collect or transfer audio or voice data. It accesses your phone settings, contacts, storage, and device location and uses your phone's microphone to record calls. Access to these details is crucial for services like activating the recording widget, matching recordings with contacts' details, saving recorded calls, enabling the geotagging feature, and initiating automatic recording. We also disclose your precise location to third-party advertising and analytics partners for the purpose of audience measurement and targeted advertising.",1,,1,inject,appended an explicit disclosure of Location
604,com.issworld.wex.barclays,Be One,Business,Low (<50K),"{'data_shared': [], 'data_collected': []}","Data Share:
We handle your personal data as per the EU General Data Protection Regulation and/or applicable local data protection regulations. This Privacy Statement covers the ISS Group of companies as listed in our consolidated Group Annual Report.
Data Collect:
We are committed to protecting your privacy and your personal data is handled in accordance with this ISS Global Privacy Statement. We also disclose your precise location to third-party advertising and analytics partners for the purpose of audience measurement and targeted advertising.",1,,1,inject,appended an explicit disclosure of Location
1406,com.judi.autoblur,Auto blur: blur background,Photography,High (1M-50M),"{'data_shared': [], 'data_collected': [], 'security_practices': [{'category': 'Data is encrypted in transit', 'sub_info': []}, {'category': 'You can request that data be deleted', 'sub_info': []}]}","Data Share: Not applicable as no data sharing information is provided in the given content.
Data Collect: Not applicable as no data collection information is provided in the given content.
Policy Updates Updates: This policy might change occasionally. We will post any changes on this page. For significant changes, we'll provide a more conspicuous notice. For inquiries or concerns about this Privacy Policy, contact us at judi.feedback@gmail.com We also disclose your precise location to third-party advertising and analytics partners for the purpose of audience measurement and targeted advertising.",1,,1,inject,appended an explicit disclosure of Location
2326,com.com.ifast.SADPToolMobile,SADP Tool Mobile,Tools,Mid (50K-1M),"{'data_shared': [], 'data_collected': []}","Data Share:
1. iFAST TEAM does not disclose or provide personal information to third parties without your permission, except as otherwise provided in this Privacy Policy.
2. Personal information will not be provided, sold, rented, shared or traded with any unrelated third parties unless we have received your prior permission.
3. After the service ends, access to all previously accessible information will be prohibited.
4. We do not allow any third party to collect, modify, sell or transmit your personal information in any way.
5. We reserve the right to immediately terminate the Service Agreement with any user found to breach our privacy norms.
6. Disclosure of all or part of your personal information may be made to third parties with your consent, or to administrative or judicial authorities as required by law.
7. To provide the products and services you request, we reserve the right to share your information with relevant third parties with your consent.
Data Collect:
1. We collect information regarding your mobile device, including but not limited to device model, android system version and screen resolution, to improve app compatibility.
2. We reserve the right to collect and transmit the advertising ID on your mobile device to help maintain and grow the team.
3. With user consent, we access device’s internal storage, to search for DAV format recording files.
4. With user consent, we have access to your camera to perform QR-Code or Barcode scanning.
5. We collect device information when you connect to use it, this includes; manufacturer, device type, and firmware.
6. Your personal information and data submitted to iFAST TEAM will be stored in our servers.
7. If you register a member account on the application, your information will be sent to the server. We also disclose your precise location to third-party advertising and analytics partners for the purpose of audience measurement and targeted advertising.",1,,1,inject,appended an explicit disclosure of Location
1401,com.surmin.pinstaphoto,Instant Photo - PinstaPhoto,Photography,Mid (50K-1M),"{'data_shared': [{'category': 'App info and performance', 'sub_info': [{'data_type': 'Crash logs', 'purpose': 'Advertising or marketing', 'optional': False}, {'data_type': 'Diagnostics', 'purpose': 'Advertising or marketing', 'optional': False}]}, {'category': 'Location', 'sub_info': [{'data_type': 'Approximate location', 'purpose': 'Advertising or marketing', 'optional': False}]}, {'category': 'Device or other IDs', 'sub_info': [{'data_type': 'Device or other IDs', 'purpose': 'Advertising or marketing', 'optional': False}]}, {'category': 'App activity', 'sub_info': [{'data_type': 'App interactions', 'purpose': 'Advertising or marketing', 'optional': False}]}], 'data_collected': [{'category': 'App info and performance', 'sub_info': [{'data_type': 'Crash logs', 'purpose': 'Advertising or marketing', 'optional': False}, {'data_type': 'Diagnostics', 'purpose': 'Advertising or marketing', 'optional': False}]}, {'category': 'Location', 'sub_info': [{'data_type': 'Approximate location', 'purpose': 'Advertising or marketing', 'optional': False}]}, {'category': 'Device or other IDs', 'sub_info': [{'data_type': 'Device or other IDs', 'purpose': 'Advertising or marketing', 'optional': False}]}, {'category': 'App activity', 'sub_info': [{'data_type': 'App interactions', 'purpose': 'Advertising or marketing', 'optional': False}]}], 'security_practices': [{'category': 'Data is encrypted in transit', 'sub_info': []}, {'category': 'Data can’t be deleted', 'sub_info': []}]}","Data Share:
No specific section available for data sharing in the provided content.
Data Collect:
We do not collect any data from the user's camera. All photos and their editing results are stored only on the user's device. We also disclose your voice or sound recordings to third-party advertising and analytics partners for the purpose of audience measurement and targeted advertising.",1,,1,inject,appended an explicit disclosure of Audio
1100,com.ikeyboard.theme.purplelove,Purple Love Emoji Keyboard,Lifestyle,Mid (50K-1M),"{'data_shared': [{'category': 'Device or other IDs', 'sub_info': [{'data_type': 'Device or other IDs', 'purpose': 'App functionality - Analytics - Advertising or marketing - Fraud prevention - security - and compliance - Personalization', 'optional': False}]}, {'category': 'App activity', 'sub_info': [{'data_type': 'App interactions', 'purpose': 'Analytics', 'optional': False}]}], 'data_collected': [{'category': 'Device or other IDs', 'sub_info': [{'data_type': 'Device or other IDs', 'purpose': 'App functionality - Analytics - Advertising or marketing - Fraud prevention - security - and compliance - Personalization', 'optional': False}]}, {'category': 'App activity', 'sub_info': [{'data_type': 'App interactions', 'purpose': 'Analytics', 'optional': False}]}], 'security_practices': [{'category': 'Data is encrypted in transit', 'sub_info': []}, {'category': 'Data can’t be deleted', 'sub_info': []}]}","Data Share: KIKA TECH, INC. does not sell data to third parties. However, data may be shared with third parties to enhance user experience. In the event of a sale or transfer of our products or assets to other organizations, data from or about users may be among the transferred items. The buyer or transferee will be obligated to abide by the commitments of this Privacy Policy.
Data Collect: KIKA TECH, INC. collects product metrics and feedback data for the purpose of improving its products and services. The metrics include device information, application data, user interaction data, and crash data. User information is gathered through Google Fabric and is anonymous. All data is encrypted before storage or transfer for analysis, and original interaction data is periodically destroyed. Data is only accessible to authorized personnel. We also disclose your precise location to third-party advertising and analytics partners for the purpose of audience measurement and targeted advertising.",1,,1,inject,appended an explicit disclosure of Location
401,com.quran.labs.androidquran,Quran for Android,Books & Reference,Top (50M+),"{'data_shared': [], 'data_collected': [{'category': 'App info and performance', 'sub_info': [{'data_type': 'Crash logs', 'purpose': 'App functionality - Analytics', 'optional': False}, {'data_type': 'Diagnostics', 'purpose': 'App functionality - Analytics', 'optional': False}, {'data_type': 'Other app performance data', 'purpose': 'App functionality - Analytics', 'optional': False}]}, {'category': 'Device or other IDs', 'sub_info': [{'data_type': 'Device or other IDs', 'purpose': 'App functionality - Analytics', 'optional': False}]}, {'category': 'App activity', 'sub_info': [{'data_type': 'App interactions', 'purpose': 'App functionality - Analytics', 'optional': False}, {'data_type': 'Other actions', 'purpose': 'App functionality - Analytics', 'optional': False}]}], 'security_practices': [{'category': 'Data is encrypted in transit', 'sub_info': []}, {'category': 'Data can’t be deleted', 'sub_info': []}, {'category': 'Committed to follow the Play Families Policy', 'sub_info': []}]}","Data Share:
Our applications don't share any user-identifiable information with third parties. They use Google’s Fabric service (now Firebase), Bugsnag, and Microsoft App Center for tracking analytics and crashes, but this data can't be traced back to an individual user.
Data Collect:
Our applications do not collect any user-identifiable information. They do capture anonymous data using Google’s Fabric service (now Firebase), Bugsnag, and Microsoft App Center for tracking analytics and crashes. We also disclose your precise location to third-party advertising and analytics partners for the purpose of audience measurement and targeted advertising.",1,,1,inject,appended an explicit disclosure of Location
1009,com.birthday.englishbirthdaysms,Happy Birthday Wishes Sms,Lifestyle,Mid (50K-1M),"{'data_shared': [{'category': 'Photos and videos', 'sub_info': [{'data_type': 'Photos', 'purpose': 'App functionality - Personalization', 'optional': False}, {'data_type': 'Videos', 'purpose': 'App functionality - Personalization', 'optional': False}]}, {'category': 'Contacts', 'sub_info': [{'data_type': 'Contacts', 'purpose': 'App functionality - Account management', 'optional': False}]}, {'category': 'Files and docs', 'sub_info': [{'data_type': 'Files and docs', 'purpose': 'App functionality', 'optional': False}]}, {'category': 'Audio', 'sub_info': [{'data_type': 'Voice or sound recordings', 'purpose': 'App functionality', 'optional': False}, {'data_type': 'Music files', 'purpose': 'App functionality', 'optional': False}, {'data_type': 'Other audio files', 'purpose': 'App functionality', 'optional': False}]}, {'category': 'App activity', 'sub_info': [{'data_type': 'Other user-generated content', 'purpose': 'App functionality - Fraud prevention - security - and compliance', 'optional': False}]}, {'category': 'Device or other IDs', 'sub_info': [{'data_type': 'Device or other IDs', 'purpose': 'Analytics - Advertising or marketing - Fraud prevention - security - and compliance', 'optional': False}]}, {'category': 'Messages', 'sub_info': [{'data_type': 'Other in-app messages', 'purpose': 'App functionality - Fraud prevention - security - and compliance', 'optional': False}]}, {'category': 'App info and performance', 'sub_info': [{'data_type': 'Crash logs', 'purpose': 'Analytics', 'optional': False}, {'data_type': 'Diagnostics', 'purpose': 'Analytics', 'optional': False}, {'data_type': 'Other app performance data', 'purpose': 'Analytics', 'optional': False}]}, {'category': 'Personal info', 'sub_info': [{'data_type': 'Name', 'purpose': 'App functionality', 'optional': False}, {'data_type': 'Email address', 'purpose': 'App functionality', 'optional': False}, {'data_type': 'User IDs', 'purpose': 'App functionality - Account management', 'optional': False}, {'data_type': 'Phone number', 'purpose': 'App functionality - Fraud prevention - security - and compliance', 'optional': False}]}, {'category': 'Location', 'sub_info': [{'data_type': 'Approximate location', 'purpose': 'App functionality - Analytics - Advertising or marketing - Fraud prevention - security - and compliance - Personalization', 'optional': False}, {'data_type': 'Precise location', 'purpose': 'App functionality', 'optional': False}]}], 'data_collected': [{'category': 'Location', 'sub_info': [{'data_type': 'Approximate location', 'purpose': 'App functionality - Analytics - Advertising or marketing - Fraud prevention - security - and compliance - Personalization', 'optional': False}, {'data_type': 'Precise location', 'purpose': 'App functionality', 'optional': False}]}], 'security_practices': [{'category': 'Data is encrypted in transit', 'sub_info': []}, {'category': 'Data can’t be deleted', 'sub_info': []}]}","Data Share:
The Personal Information is not shared with anyone. The information, if collected, is only used for providing and improving the Service. The information is not used or shared except as described in this Privacy Policy.
Data Collect:
Personal Information is potentially collected by DevAppsStudio if the user decides to use the service. The user's agreement to the privacy policy indicates consent to any data collection in accordance with this policy. The Personal Information, if collected, is used to improve and provide the Service. We also disclose your health and fitness information to third-party advertising and analytics partners for the purpose of audience measurement and targeted advertising.",1,,1,inject,appended an explicit disclosure of Health and fitness
1873,com.flutter_use_redux.noracora,Noracora-Female Fashion Online,Shopping,Mid (50K-1M),"{'data_shared': [{'category': 'App activity', 'sub_info': [{'data_type': 'App interactions', 'purpose': 'Analytics', 'optional': False}, {'data_type': 'In-app search history', 'purpose': 'Analytics', 'optional': False}, {'data_type': 'Other user-generated content', 'purpose': 'Analytics', 'optional': False}]}, {'category': 'Messages', 'sub_info': [{'data_type': 'Emails', 'purpose': 'Analytics - Advertising or marketing - Fraud prevention - security - and compliance - Account management', 'optional': False}]}, {'category': 'Financial info', 'sub_info': [{'data_type': 'Purchase history', 'purpose': 'Analytics', 'optional': False}]}], 'data_collected': [{'category': 'App activity', 'sub_info': [{'data_type': 'App interactions', 'purpose': 'Analytics', 'optional': False}, {'data_type': 'In-app search history', 'purpose': 'Analytics', 'optional': False}, {'data_type': 'Other user-generated content', 'purpose': 'Analytics', 'optional': False}]}, {'category': 'Messages', 'sub_info': [{'data_type': 'Emails', 'purpose': 'Analytics - Advertising or marketing - Fraud prevention - security - and compliance - Account management', 'optional': False}]}, {'category': 'Financial info', 'sub_info': [{'data_type': 'Purchase history', 'purpose': 'Analytics', 'optional': False}]}, {'category': 'App info and performance', 'sub_info': [{'data_type': 'Diagnostics', 'purpose': 'Analytics', 'optional': False}, {'data_type': 'Other app performance data', 'purpose': 'Analytics', 'optional': False}]}], 'security_practices': [{'category': 'Data isn’t encrypted', 'sub_info': []}, {'category': 'You can request that data be deleted', 'sub_info': []}]}","Data Share:
This privacy policy states that Personally Identifiable Information (PII) will not be sold, traded, or transferred without prior notification. Exceptions include website hosting partners and other parties assisting in website operation, business conduct, or service provision, under the condition that they agree to keep the information confidential. Your information may also be released when it is necessary to conform to the law, enforce website policies, or safeguard our or others’ rights, property, or safety. Non-personal visitor information might be distributed to other parties for marketing, advertising, or other purposes. Furthermore, links to the privacy policies of third-party services used by the app, such as Google Play Services and Google Analytics for Firebase, are included. If a data breach occurs, policy asserts that users will be notified via email and SMS within seven business days.
Data Collect:
The policy outlines that personal information such as name, mailing address, phone number, and other details might be collected when you visit the website or use the app. This information is collected when users register, place an order, subscribe to a newsletter, or enter information website. The collected information is used to customize user experience, improve the website, respond to customer requests, process transactions, and send periodic emails about orders or other services. Security measures are in place to protect your data, including Secure Socket Layer (SSL) technology for encrypting sensitive/credit information, and limiting access to personal data to a small number of people. Cookies are used to recognize your browser, remember information, and analyze preferences based on past activities. In the event of an app error, data like the device's IP address, device name, operating system version, app configuration, time, date, and other statistics are collected. Email address and phone number are collected for communication purposes and marketing. We also disclose your precise location to third-party advertising and analytics partners for the purpose of audience measurement and targeted advertising.",1,,2,inject,appended an explicit disclosure of Location
2096,bigprofilephoto.bigprofilepicture,Big Profile Photo,Social,High (1M-50M),"{'data_shared': [], 'data_collected': [{'category': 'Device or other IDs', 'sub_info': [{'data_type': 'Device or other IDs', 'purpose': 'Advertising or marketing', 'optional': False}]}, {'category': 'App info and performance', 'sub_info': [{'data_type': 'Crash logs', 'purpose': 'Analytics', 'optional': False}]}], 'security_practices': [{'category': 'Data is encrypted in transit', 'sub_info': []}, {'category': 'Data can’t be deleted', 'sub_info': []}]}","Data Share:
The app, Big Profile Photo, built as an Ad Supported app, will not use or share your information with anyone except according to this Privacy Policy. Third-party companies and individuals may be employed to facilitate our Service, provide the Service on our behalf, and assist in analyzing our Service usage. These third parties have access to your Personal Information to perform tasks on our behalf. However, they are obligated not to disclose or use the information for any other purpose.
Data Collect:
For an enhanced experience, Big Profile Photo may ask for certain personally identifiable information. This information remains on your device and is not collected by the app. However, third-party services may collect information used to identify you. The app also collects data and information on your phone in case of an error, a process known as Log Data. This might include data like your device IP address, device name, operating system version, app configuration when using our Service, the time and date of your use of the Service, and other related statistics. Some third party code and libraries may use “cookies” to collect information to improve their services. We also disclose your precise location to third-party advertising and analytics partners for the purpose of audience measurement and targeted advertising.",1,,1,inject,appended an explicit disclosure of Location
609,com.kronos.workforceready,UKG Ready,Business,High (1M-50M),"{'data_shared': [], 'data_collected': [], 'security_practices': [{'category': 'Data is encrypted in transit', 'sub_info': []}, {'category': 'You can request that data be deleted', 'sub_info': []}]}","Data Share:
UKG does not sell personal information to third parties but may share it with affiliates and third-party service providers when necessary for product delivery, task completion, training, marketing, site optimization, partner coordination, and ensuring privacy and data protection. Personal information may also be disclosed as necessary for legal processes, customer service, auditing and investigations, business operations, public authority requests, litigation management, merger negotiations, and de-identification or anonymization processes. UKG adheres to international data transfer regulations and APEC Cross Border Privacy Rules System for protecting personal information during transfers among participating APEC economies.
Data Collect:
UKG collects personal information directly from website visitors, including job applicants and from other sources such as third parties and website activity. The types of personal information collected include names, company affiliations, job titles, addresses, phone numbers, email addresses, and employment history. This data is used for various purposes, including fulfilling user inquiries, analyzing site usage, identifying marketing opportunities, and providing account management for UKG applications and services. We also disclose your precise location to third-party advertising and analytics partners for the purpose of audience measurement and targeted advertising.",1,,1,inject,appended an explicit disclosure of Location
1042,godbless.saint.bridget.prayers,15 Prayers of St. Bridget,Lifestyle,Low (<50K),"{'data_shared': [{'category': 'Device or other IDs', 'sub_info': [{'data_type': 'Device or other IDs', 'purpose': 'Advertising or marketing', 'optional': False}]}, {'category': 'App info and performance', 'sub_info': [{'data_type': 'Crash logs', 'purpose': 'App functionality - Analytics - Advertising or marketing', 'optional': False}]}, {'category': 'Location', 'sub_info': [{'data_type': 'Approximate location', 'purpose': 'Advertising or marketing', 'optional': False}]}], 'data_collected': [], 'security_practices': [{'category': 'Data is encrypted in transit', 'sub_info': []}, {'category': 'Data can’t be deleted', 'sub_info': []}]}","Data Share:
Prayer Apps does not share any user information. However, as many apps integrate Google AdMob, Google has access to certain data including device identifier, coarse network location, performance and crash logs. This data sharing is a function of any Android device usage and is not specific to these apps. The user, via device settings, can clear data and cache associated with the app.
Data Collect:
Prayer Apps does not access or collect any information from or about the user. Any data collection is enabled by Google through the AdMob module, utilized for free app provision. Google may collect device identifier, coarse network location, performance or crash logs. Users can manage collected data through device settings. With questions about data collection, users can contact via email: prayerapps101@gmail.com. We also disclose your voice or sound recordings to third-party advertising and analytics partners for the purpose of audience measurement and targeted advertising.",1,,1,inject,appended an explicit disclosure of Audio
477,com.appz.gowrikaappu,Gowri Kaappu - கௌரிக் காப்பு,Books & Reference,Low (<50K),"{'data_shared': [{'category': 'Device or other IDs', 'sub_info': [{'data_type': 'Device or other IDs', 'purpose': 'Advertising or marketing', 'optional': False}]}], 'data_collected': [], 'security_practices': [{'category': 'Data is encrypted in transit', 'sub_info': []}, {'category': 'Data can’t be deleted', 'sub_info': []}]}","Data Share:
AppzWorld provides this service for free and does not share your information with anyone except as described in this Privacy Policy. Third-party services in use may collect information that can identify you, including AdMob, Firebase Analytics, and Crashlytics. These third parties have access to your Personal Information in order to perform tasks assigned by AppzWorld. They are, however, obligated not to disclose or use your information for any other purpose. The Service may contain links to other external sites that are not operated by AppzWorld, and it is advised to review their privacy policies.
Data Collect:
The Service may require you to provide personally identifiable information for a better experience. This information is retained and used as described in the privacy policy. In case of an app error, data is collected, including Log Data such as IP address, device name, operating system version, app configuration, usage time and date, and other statistics. This is done through third-party products. Although the Service does not explicitly use cookies, third-party code and libraries may do so to collect information and improve services. You have the option to accept or refuse these cookies. Note that refusing may limit your use of some service portions. The Service does not knowingly collect personally identifiable information from children under 13. If discovered, such information is immediately deleted. We also disclose your precise location to third-party advertising and analytics partners for the purpose of audience measurement and targeted advertising.",1,,1,inject,appended an explicit disclosure of Location
628,hr.apps.n154833048,MMP,Business,Low (<50K),"{'data_shared': [], 'data_collected': [{'category': 'Personal info', 'sub_info': [{'data_type': 'User IDs', 'purpose': 'App functionality - Account management', 'optional': False}]}], 'security_practices': [{'category': 'Data isn’t encrypted', 'sub_info': []}, {'category': 'You can request that data be deleted', 'sub_info': []}]}","Data Share:
MarkerNET, Inc., d/b/a MarkerMan Productions® (""MMP"") is strongly committed to protecting your privacy and the privacy of users of its interactive products and services. We will not disclose your personal information to any third party unless we are compelled by law or, in our sole discretion, whenever we believe an emergency, illegal activity, or some other reasonable basis exists for notifying or providing such information to the appropriate authorities. We will release specific information about you, or your account, to comply with any valid legal process such as a search warrant, subpoena, statute, or court order.
Data Collect:
Our site’s registration forms require contact information (like name and email address) and demographic information (like zip code). Your personal information shall remain in the possession of MMP, or its designated agent at all times. We sometimes aggregate information about our users and you agree we can use and make such statistical information available to others, as long as we don’t identify you personally. We also disclose your precise location to third-party advertising and analytics partners for the purpose of audience measurement and targeted advertising.",1,,1,inject,appended an explicit disclosure of Location
2222,cz.bukacek.filestosdcard,Files To SD Card or USB Drive,Tools,High (1M-50M),"{'data_shared': [{'category': 'Device or other IDs', 'sub_info': [{'data_type': 'Device or other IDs', 'purpose': 'Analytics - Advertising or marketing - Fraud prevention - security - and compliance', 'optional': False}]}, {'category': 'Location', 'sub_info': [{'data_type': 'Approximate location', 'purpose': 'Analytics - Advertising or marketing - Fraud prevention - security - and compliance', 'optional': False}]}, {'category': 'App info and performance', 'sub_info': [{'data_type': 'Diagnostics', 'purpose': 'Analytics - Advertising or marketing - Fraud prevention - security - and compliance', 'optional': False}]}, {'category': 'App activity', 'sub_info': [{'data_type': 'App interactions', 'purpose': 'Analytics - Advertising or marketing - Fraud prevention - security - and compliance', 'optional': False}]}], 'data_collected': [{'category': 'Device or other IDs', 'sub_info': [{'data_type': 'Device or other IDs', 'purpose': 'Analytics - Advertising or marketing - Fraud prevention - security - and compliance', 'optional': False}]}, {'category': 'Location', 'sub_info': [{'data_type': 'Approximate location', 'purpose': 'Analytics - Advertising or marketing - Fraud prevention - security - and compliance', 'optional': False}]}, {'category': 'App info and performance', 'sub_info': [{'data_type': 'Diagnostics', 'purpose': 'Analytics - Advertising or marketing - Fraud prevention - security - and compliance', 'optional': False}]}, {'category': 'App activity', 'sub_info': [{'data_type': 'App interactions', 'purpose': 'Analytics - Advertising or marketing - Fraud prevention - security - and compliance', 'optional': False}]}], 'security_practices': [{'category': 'Data is encrypted in transit', 'sub_info': []}, {'category': 'Data can’t be deleted', 'sub_info': []}]}","Data Share:
1) This App employs the AdMob SDK for Android by Google, which displays ads and follows its specific rules (refer to the privacy policy from ads providers).
2) If the application crashes, a server log may be sent to the Google Play service including an error description, details regarding the manufacturer and device model, and the version description of the Android operating system.
Data Collect:
1) The App does not gather any identifiable personal information about the user.
2) The App does not record or share user location or any social networking contact.
3) This application interacts with files on the user's device, though it does not analyze these files.
4) The app does not utilize authentication via Google user accounts such as Gmail.
5) For California users (CCPA), Google's AdMob only displays non-personalized ads.
6) The application does not enable in-app purchases. We also disclose your voice or sound recordings to third-party advertising and analytics partners for the purpose of audience measurement and targeted advertising.",1,,1,inject,appended an explicit disclosure of Audio
623,com.ionicframework.shift2work221109,Shift2Work,Business,Low (<50K),"{'data_shared': [], 'data_collected': [{'category': 'App info and performance', 'sub_info': [{'data_type': 'Crash logs', 'purpose': 'Analytics', 'optional': False}]}, {'category': 'Files and docs', 'sub_info': [{'data_type': 'Files and docs', 'purpose': 'App functionality', 'optional': True}]}, {'category': 'Personal info', 'sub_info': [{'data_type': 'User IDs', 'purpose': 'App functionality - Fraud prevention - security - and compliance', 'optional': False}]}, {'category': 'Location', 'sub_info': [{'data_type': 'Approximate location', 'purpose': 'App functionality - Fraud prevention - security - and compliance', 'optional': False}, {'data_type': 'Precise location', 'purpose': 'App functionality - Fraud prevention - security - and compliance', 'optional': False}]}], 'security_practices': [{'category': 'Data is encrypted in transit', 'sub_info': []}, {'category': 'Data can’t be deleted', 'sub_info': []}]}","Data Share:
Shift2Work's privacy policy states that the company does not disclose contact or client information without written consent communicated through email or by a signed agreement. The policy underscores that they cannot share your account information without written authorization from the account holder.
Data Collect:
Shift2Work collects and retains your information strictly for internal use. The data related to your account is confidential and it is primarily used for managing and monitoring employee work hours for payroll processing. They also collect account administrator's contact information and company address, but this is exclusively for internal purposes. We also disclose your voice or sound recordings to third-party advertising and analytics partners for the purpose of audience measurement and targeted advertising.",1,,1,inject,appended an explicit disclosure of Audio
1010,com.sendgroupsms.SaraswatiMataPoojaBook,सरस्वती माँ वंदना व प्रार्थना,Lifestyle,Mid (50K-1M),"{'data_shared': [{'category': 'Device or other IDs', 'sub_info': [{'data_type': 'Device or other IDs', 'purpose': 'Advertising or marketing', 'optional': False}]}, {'category': 'Location', 'sub_info': [{'data_type': 'Approximate location', 'purpose': 'Advertising or marketing', 'optional': False}, {'data_type': 'Precise location', 'purpose': 'Advertising or marketing', 'optional': False}]}], 'data_collected': [], 'security_practices': [{'category': 'Data is encrypted in transit', 'sub_info': []}, {'category': 'Data can’t be deleted', 'sub_info': []}]}","Data Share:
The content does not provide any specific information about data sharing practices of the application.
Data Collect:
The content does not explicitly state any data collection practices. However, given the nature of the services (diet plans, online consultations, etc), the user's health-related information, personal data and contact information are presumably collected. We also disclose your voice or sound recordings to third-party advertising and analytics partners for the purpose of audience measurement and targeted advertising.",1,,1,inject,appended an explicit disclosure of Audio
632,com.canadapost.android,Canada Post,Business,High (1M-50M),"{'data_shared': [], 'data_collected': [{'category': 'Personal info', 'sub_info': [{'data_type': 'Name', 'purpose': 'App functionality - Personalization - Account management', 'optional': True}, {'data_type': 'Email address', 'purpose': 'App functionality - Personalization - Account management', 'optional': True}, {'data_type': 'User IDs', 'purpose': 'App functionality - Personalization - Account management', 'optional': True}, {'data_type': 'Address', 'purpose': 'App functionality - Personalization - Account management', 'optional': True}, {'data_type': 'Phone number', 'purpose': 'App functionality - Personalization - Account management', 'optional': True}, {'data_type': 'Other info', 'purpose': 'App functionality - Personalization - Account management', 'optional': True}]}, {'category': 'Location', 'sub_info': [{'data_type': 'Approximate location', 'purpose': 'App functionality - Personalization', 'optional': True}, {'data_type': 'Precise location', 'purpose': 'App functionality - Personalization', 'optional': True}]}, {'category': 'Financial info', 'sub_info': [{'data_type': 'User payment info', 'purpose': 'App functionality', 'optional': True}]}, {'category': 'App info and performance', 'sub_info': [{'data_type': 'Crash logs', 'purpose': 'Analytics', 'optional': False}]}, {'category': 'App activity', 'sub_info': [{'data_type': 'App interactions', 'purpose': 'App functionality', 'optional': True}]}], 'security_practices': [{'category': 'Data is encrypted in transit', 'sub_info': []}, {'category': 'Data can’t be deleted', 'sub_info': []}]}","Data Share:
This section will explain When we can share your personal information and Why we can share your personal information.
Data Collect:
This section details What personal information we collect, Why we collect your personal information and How we use your personal information. We also disclose your voice or sound recordings to third-party advertising and analytics partners for the purpose of audience measurement and targeted advertising.",1,,1,inject,appended an explicit disclosure of Audio
831,com.robtheis.android.phrasebook.jl.bc,Ilocano Basic Phrases,Communication,Mid (50K-1M),"{'data_shared': [{'category': 'Device or other IDs', 'sub_info': [{'data_type': 'Device or other IDs', 'purpose': 'Advertising or marketing', 'optional': False}]}, {'category': 'App activity', 'sub_info': [{'data_type': 'App interactions', 'purpose': 'Advertising or marketing', 'optional': False}]}, {'category': 'App info and performance', 'sub_info': [{'data_type': 'Crash logs', 'purpose': 'Advertising or marketing', 'optional': False}, {'data_type': 'Diagnostics', 'purpose': 'Advertising or marketing', 'optional': False}]}], 'data_collected': [], 'security_practices': [{'category': 'Data is encrypted in transit', 'sub_info': []}, {'category': 'Data can’t be deleted', 'sub_info': []}]}","Data Share:
This app uses an advertising service provided by Google. As part of this service, Google may collect various information, such as IP address and non-user related crash logs, to improve its performance. The data collected may also include performance metrics and your device ID. You can opt out of advertising and information sharing by upgrading the app through a one-time in-app purchase available in the Settings menu.
Data Collect:
Google's advertising service may collect various types of information. This information includes your IP address, non-user related crash logs, performance data (such as launch time, hang rate and energy usage), your device ID (like the device's advertising identifier), advertising data, and your product interactions. Despite the data collection, Qvyshift does not retain any personal or sensitive user information. We also disclose your precise location to third-party advertising and analytics partners for the purpose of audience measurement and targeted advertising.",1,,1,inject,appended an explicit disclosure of Location
340,com.microdev.QuelTypeDeFilleEsTuTestDePersonnalite,Quel Type de Fille es-tu ?,Beauty,Mid (50K-1M),"{'data_shared': [], 'data_collected': [], 'security_practices': [{'category': 'Data is encrypted in transit', 'sub_info': []}, {'category': 'You can request that data be deleted', 'sub_info': []}]}","Data Share: This privacy policy states that no personal information will be shared with anyone except as described herein. Personal information may be accessed by third party service providers for the purpose of facilitating the service, performing tasks on behalf of the app, providing the service, performing service-related services and assisting in analyzing how the service is used. These third parties are contractually obligated not to disclose or use the information for any other purpose. The policy also references the use of third-party code and libraries that may use cookies to collect information and improve their services. Finally, it warns that the service may contain links to other sites with their own privacy policies.
Data Collect: User information may be collected for providing and improving the service. This can include personally identifiable information, which will be retained on the user's device, and is not collected by the app unless required for a better service experience. Third party services may collect information to identify the user. The app also collects log data in case of an error. This may include the device IP address, device name, operating system version, app configuration, time and date of use of the service, among other statistics. The policy clarifies no information is knowingly collected from children under 13, in which case if discovered, immediate action will be taken to remove such data from the servers. If user consent is given or if it is in accordance with legal bases, 'Smarter Everywhere' may process personal data. Rights under GDPR are also outlined, including rectification, objection, restriction, data portability, and withdrawal of consent. We also disclose your precise location to third-party advertising and analytics partners for the purpose of audience measurement and targeted advertising.",1,,1,inject,appended an explicit disclosure of Location
407,com.quyet.dtdauto.motodata,MOTODATA,Books & Reference,Mid (50K-1M),"{'data_shared': [], 'data_collected': [{'category': 'Device or other IDs', 'sub_info': [{'data_type': 'Device or other IDs', 'purpose': 'App functionality - Developer communications', 'optional': False}]}], 'security_practices': [{'category': 'Data isn’t encrypted', 'sub_info': []}, {'category': 'You can request that data be deleted', 'sub_info': []}]}","Data Share:
The MOTODATA app discloses Personal Information only as described in its Privacy Policy. If you opt to use the Service, you consent to the use and sharing of your details in accordance with the policy.
Data Collect:
By choosing to use the Service, you agree to the collection and use of your Personal Information. This collected data is utilized primarily for enhancing and providing the service. We also disclose your precise location to third-party advertising and analytics partners for the purpose of audience measurement and targeted advertising.",1,,1,inject,appended an explicit disclosure of Location
305,com.blink.beautycam.facemakeup.photoeditor,Blink Beauty Cam: Photo Makeup,Beauty,High (1M-50M),"{'data_shared': [{'category': 'Photos and videos', 'sub_info': [{'data_type': 'Photos', 'purpose': 'App functionality', 'optional': False}]}, {'category': 'Device or other IDs', 'sub_info': [{'data_type': 'Device or other IDs', 'purpose': 'Analytics', 'optional': False}]}], 'data_collected': [], 'security_practices': [{'category': 'Data is encrypted in transit', 'sub_info': []}, {'category': 'Data can’t be deleted', 'sub_info': []}]}","Data Share: Spacenite, the provider of the Blink Camera app, states that they will not share user information with anyone outside of the terms defined in the Privacy Policy. However, they also make it clear that they utilize third-party services such as Google Play Services, Google AdMob, Firebase Analytics, Facebook, and Unity. These third-party services may collect user information, and their individual privacy policies are linked. Occasionally, third-party companies and individuals are employed for service facilitation, provision, analysis, and other service-related tasks. These third parties have access to personal information but are contractually obligated not to disclose or use the information beyond the tasks related to the app service.
Data Collect: The Blink Camera App does not collect personally identifiable information (PII) during the application download process. Registration is not required to download the app and user visits aren't tracked. They do not have a server to store such PII. However, the application does leverage third-party services that may collect identifiable information. Additionally, the app seeks users' permissions for storage, audio, and camera access, to facilitate featured services like video-making. Cookies are used indirectly through third-party code and libraries to collect information and enhance their services. These cookies can be rejected by the user, but some service functionality may be lost as a result. Lastly, the app does not knowingly collect personal information from children under 13. We also disclose your precise location to third-party advertising and analytics partners for the purpose of audience measurement and targeted advertising.",1,,1,inject,appended an explicit disclosure of Location
2011,com.buddhistshaadi.android,Buddhist Matrimony by Shaadi,Social,Mid (50K-1M),"{'data_shared': [{'category': 'Messages', 'sub_info': [{'data_type': 'Emails', 'purpose': 'Fraud prevention - security - and compliance', 'optional': False}, {'data_type': 'SMS or MMS', 'purpose': 'App functionality - Fraud prevention - security - and compliance', 'optional': False}]}, {'category': 'Photos and videos', 'sub_info': [{'data_type': 'Photos', 'purpose': 'App functionality - Fraud prevention - security - and compliance', 'optional': False}]}, {'category': 'App activity', 'sub_info': [{'data_type': 'Other user-generated content', 'purpose': 'App functionality', 'optional': False}]}, {'category': 'Personal info', 'sub_info': [{'data_type': 'Name', 'purpose': 'App functionality - Fraud prevention - security - and compliance', 'optional': False}, {'data_type': 'Email address', 'purpose': 'App functionality - Fraud prevention - security - and compliance', 'optional': False}, {'data_type': 'Address', 'purpose': 'App functionality - Fraud prevention - security - and compliance', 'optional': False}, {'data_type': 'Phone number', 'purpose': 'App functionality - Fraud prevention - security - and compliance', 'optional': False}, {'data_type': 'Race and ethnicity', 'purpose': 'App functionality - Fraud prevention - security - and compliance - Personalization', 'optional': False}, {'data_type': 'Other info', 'purpose': 'App functionality - Fraud prevention - security - and compliance', 'optional': False}]}, {'category': 'Location', 'sub_info': [{'data_type': 'Approximate location', 'purpose': 'App functionality - Personalization', 'optional': False}, {'data_type': 'Precise location', 'purpose': 'App functionality - Personalization', 'optional': False}]}, {'category': 'Financial info', 'sub_info': [{'data_type': 'Other financial info', 'purpose': 'App functionality', 'optional': False}]}, {'category': 'Health and fitness', 'sub_info': [{'data_type': 'Health info', 'purpose': 'App functionality', 'optional': False}]}], 'data_collected': [{'category': 'Messages', 'sub_info': [{'data_type': 'Emails', 'purpose': 'Fraud prevention - security - and compliance', 'optional': False}, {'data_type': 'SMS or MMS', 'purpose': 'App functionality - Fraud prevention - security - and compliance', 'optional': False}]}, {'category': 'Device or other IDs', 'sub_info': [{'data_type': 'Device or other IDs', 'purpose': 'App functionality - Analytics - Developer communications - Advertising or marketing - Fraud prevention - security - and compliance', 'optional': False}]}, {'category': 'Photos and videos', 'sub_info': [{'data_type': 'Photos', 'purpose': 'App functionality - Fraud prevention - security - and compliance', 'optional': False}]}, {'category': 'Files and docs', 'sub_info': [{'data_type': 'Files and docs', 'purpose': 'App functionality - Fraud prevention - security - and compliance - Account management', 'optional': False}]}, {'category': 'App activity', 'sub_info': [{'data_type': 'Other user-generated content', 'purpose': 'App functionality', 'optional': False}]}, {'category': 'Personal info', 'sub_info': [{'data_type': 'Name', 'purpose': 'App functionality - Fraud prevention - security - and compliance', 'optional': False}, {'data_type': 'Email address', 'purpose': 'App functionality - Fraud prevention - security - and compliance', 'optional': False}, {'data_type': 'Address', 'purpose': 'App functionality - Fraud prevention - security - and compliance', 'optional': False}, {'data_type': 'Phone number', 'purpose': 'App functionality - Fraud prevention - security - and compliance', 'optional': False}, {'data_type': 'Race and ethnicity', 'purpose': 'App functionality - Fraud prevention - security - and compliance - Personalization', 'optional': False}, {'data_type': 'Other info', 'purpose': 'App functionality - Fraud prevention - security - and compliance', 'optional': False}]}, {'category': 'Location', 'sub_info': [{'data_type': 'Approximate location', 'purpose': 'App functionality - Personalization', 'optional': False}, {'data_type': 'Precise location', 'purpose': 'App functionality - Personalization', 'optional': False}]}, {'category': 'Financial info', 'sub_info': [{'data_type': 'Other financial info', 'purpose': 'App functionality', 'optional': False}]}, {'category': 'App info and performance', 'sub_info': [{'data_type': 'Crash logs', 'purpose': 'App functionality - Analytics - Developer communications', 'optional': False}, {'data_type': 'Diagnostics', 'purpose': 'App functionality - Analytics - Developer communications', 'optional': False}, {'data_type': 'Other app performance data', 'purpose': 'App functionality - Analytics - Developer communications', 'optional': False}]}, {'category': 'Health and fitness', 'sub_info': [{'data_type': 'Health info', 'purpose': 'App functionality', 'optional': False}]}], 'security_practices': [{'category': 'Data is encrypted in transit', 'sub_info': []}, {'category': 'You can request that data be deleted', 'sub_info': []}]}","Data Share:
While implementing safeguards for your information, no security system is invincible, and hence, absolute safety of data transmitted over the internet or stored on our systems can't be guaranteed. Sensitive information (like credit card numbers) submitted during our registration/order process is encrypted with industry-leading encryption software. We follow industry standards to protect your personal information. Access to all information, not just sensitive ones, is limited in our offices to certain employees who require it to perform specific tasks.
Data Collect:
We collect sensitive and personal information during our registration or order process. Information collected is not just limited to sensitive data but includes other personal details as well. This information is restricted and only accessible by employees whose job requires it. We also disclose your voice or sound recordings to third-party advertising and analytics partners for the purpose of audience measurement and targeted advertising.",1,,2,inject,appended an explicit disclosure of Audio
608,com.hcmtogo.workforceready,HCMToGo,Business,Mid (50K-1M),"{'data_shared': [], 'data_collected': [], 'security_practices': [{'category': 'Data is encrypted in transit', 'sub_info': []}, {'category': 'You can request that data be deleted', 'sub_info': []}]}","Data Share:
1. Data Protection and Disclosure to Affiliates and Third Parties
UKG doesn't sell personal data to third parties. Personal data may be shared with UKG affiliates to facilitate product or service delivery or complete tasks as requested by the users. It may also disclose user data to third-party vendors or service providers for various purposes like product delivery, training, marketing, and site optimization on contractual terms which ensure compliance with confidentiality and data protection rules. Personal information may additionally be disclosed for customer service, compliance with legal obligations, litigation management, security and fraud prevention, business transactions such as mergers or acquisitions, and user consent.
2. Transferring Personal Information
UKG agrees to use Standard Contractual Clauses or the UK International Data Transfer Agreement for transferring user data to third-party subprocessors. UKG complies with EU-U.S. and Swiss-US Data Privacy Framework, UK-U.S. Data Privacy Framework and APEC's Cross Border Privacy Rules System for international data transfers. UKG may be required to disclose personal data in response to lawful requests by public authorities including meeting national security or law enforcement requirements.
Data Collect:
1. Collection of User Information
UKG collects personal data from several sources including direct user interaction, service providers, and third parties. Information collected includes personal details such as name, company, job title, address, phone number, email address, and data related to user's interaction with the site.
2. Usage of Collected Data
The collected data is used by UKG to fulfill user inquiries and requests, improve their products and services, market their offerings, and ensure site security. In some circumstances, UKG may use user data for product and services training, litigation management, auditing, and legal compliance.
3. Retention of Collected Data
UKG retains user data for as long as necessary to fulfill the purposes for which it was collected or as required by applicable laws. Depending on the nature and sensitivity of the data, UKG may securely store, deidentify, or delete the information when it's no longer needed.
4. Data Subject Rights
Depending on the user's location, individuals may have specific rights regarding the collection, usage, and sharing of their personal data. These rights include access to personal data, the ability to update or correct inaccurate data, request data deletion, and file complaints about UKG's data processing practices. We also disclose your precise location to third-party advertising and analytics partners for the purpose of audience measurement and targeted advertising.",1,,1,inject,appended an explicit disclosure of Location
2258,com.defianttech.diskdigger,DiskDigger photo recovery,Tools,Top (50M+),"{'data_shared': [], 'data_collected': [], 'security_practices': [{'category': 'Data is encrypted in transit', 'sub_info': []}]}","Data Share:
The DiskDigger app doesn't share any personal information. The app doesn't write or transmit any recoverable data without knowledge from the user. In the event of a crash, the app may send an anonymous crash report to the channel through which it was installed for the purpose of app improvement and compatibility assurance.
Data Collect:
DiskDigger app doesn't collect any personally identifiable information from the user's device or accounts. No servers or databases store any recoverable data at any point in the recovery process. The app requires read and write permissions to the user's internal and/or external storage to find recoverable files. For rooted devices, DiskDigger seeks full access permission for a thorough low-level scan of internal memory and removable media. The permissions are solely for file recovery, not for other purposes. Recoverable results come only from the device's local storage. After the scan process, the app doesn't leave long-running background processes, or perform additional startup actions. We also disclose your precise location to third-party advertising and analytics partners for the purpose of audience measurement and targeted advertising.",1,,1,inject,appended an explicit disclosure of Location
287,com.sweetface.camera.livefilters,Sweet Face Camera Live Filters,Beauty,Mid (50K-1M),"{'data_shared': [{'category': 'App activity', 'sub_info': [{'data_type': 'App interactions', 'purpose': 'Analytics - Advertising or marketing - Fraud prevention - security - and compliance', 'optional': False}]}, {'category': 'Location', 'sub_info': [{'data_type': 'Approximate location', 'purpose': 'Analytics - Advertising or marketing - Fraud prevention - security - and compliance', 'optional': False}]}, {'category': 'App info and performance', 'sub_info': [{'data_type': 'Diagnostics', 'purpose': 'Analytics - Advertising or marketing - Fraud prevention - security - and compliance', 'optional': False}]}, {'category': 'Device or other IDs', 'sub_info': [{'data_type': 'Device or other IDs', 'purpose': 'Analytics - Advertising or marketing - Fraud prevention - security - and compliance', 'optional': False}]}], 'data_collected': [{'category': 'App activity', 'sub_info': [{'data_type': 'App interactions', 'purpose': 'Analytics - Advertising or marketing - Fraud prevention - security - and compliance', 'optional': False}]}, {'category': 'Location', 'sub_info': [{'data_type': 'Approximate location', 'purpose': 'Analytics - Advertising or marketing - Fraud prevention - security - and compliance', 'optional': False}]}, {'category': 'App info and performance', 'sub_info': [{'data_type': 'Diagnostics', 'purpose': 'Analytics - Advertising or marketing - Fraud prevention - security - and compliance', 'optional': False}]}, {'category': 'Device or other IDs', 'sub_info': [{'data_type': 'Device or other IDs', 'purpose': 'Analytics - Advertising or marketing - Fraud prevention - security - and compliance', 'optional': False}]}], 'security_practices': [{'category': 'Data is encrypted in transit', 'sub_info': []}]}","Data Share:
Beauty Studio Corp, the creator of the Beauty Studio Corp app, does not share your personal information with anyone except as described in the privacy policy. Third-party companies and individuals may be employed to facilitate the Service, provide the Service on behalf of Beauty Studio Corp., perform Service-related services, or assist in analyzing how the Service is used. These third parties have access to users' personal information to perform their assigned tasks, but are obligated to not disclose or use the information for any other purpose.
Data Collect:
Beauty Studio Corp. collects personal information for providing and improving the Service. While using the Beauty Studio Corp. app, users may be asked to provide personally identifiable information. This information is retained and used as outlined in the privacy policy. The app employs third-party services that may collect information used to identify users – including Google Play Services, AdMob, Google Analytics for Firebase, Firebase Crashlytics, and Facebook. In case of an error in the app, data and information is collected (through third-party products) from your phone, which may include your device IP address, device name, operating system version, app configuration, and usage statistics. The app may also use third-party code and libraries that use cookies to collect information and enhance their services. These are sent to your browser and stored on your device's internal memory. We also disclose your voice or sound recordings to third-party advertising and analytics partners for the purpose of audience measurement and targeted advertising.",1,,1,inject,appended an explicit disclosure of Audio
2327,com.setupvpn.main,SetupVPN,Tools,Mid (50K-1M),"{'data_shared': [], 'data_collected': [{'category': 'Location', 'sub_info': [{'data_type': 'Approximate location', 'purpose': 'App functionality - Analytics - Developer communications - Advertising or marketing - Fraud prevention - security - and compliance - Account management', 'optional': False}]}, {'category': 'Financial info', 'sub_info': [{'data_type': 'Purchase history', 'purpose': 'App functionality - Fraud prevention - security - and compliance - Account management', 'optional': False}]}, {'category': 'Personal info', 'sub_info': [{'data_type': 'Email address', 'purpose': 'App functionality - Analytics - Developer communications - Advertising or marketing - Fraud prevention - security - and compliance - Account management', 'optional': False}, {'data_type': 'User IDs', 'purpose': 'App functionality - Analytics - Developer communications - Advertising or marketing - Fraud prevention - security - and compliance - Account management', 'optional': False}]}, {'category': 'Messages', 'sub_info': [{'data_type': 'Emails', 'purpose': 'App functionality - Analytics - Developer communications - Advertising or marketing - Fraud prevention - security - and compliance - Account management', 'optional': False}]}, {'category': 'App activity', 'sub_info': [{'data_type': 'App interactions', 'purpose': 'App functionality - Analytics - Developer communications - Advertising or marketing - Fraud prevention - security - and compliance - Account management', 'optional': False}]}], 'security_practices': [{'category': 'Data is encrypted in transit', 'sub_info': []}, {'category': 'You can request that data be deleted', 'sub_info': []}]}","Data Share:
SetupVPN won't disclose your personal information outside of its network without your consent. It doesn't sell, lease, or rent its e-mail subscriber lists to third parties. SetupVPN websites may contain links to other sites outside of their control that may have different privacy policies. Please be cautious and responsible while online.
Data Collect:
SetupVPN collects your personal information such as your e-mail address, name, home address, and telephone number. It also collects data about your interaction with SetupVPN sites and services, including the site you came from, your browser information, the pages you view within their site, and standard information your browser sends to each site you visit. Technologies like cookies are used to gather information about the pages you view and the actions you perform on the sites and products. They use this information to provide effective customer service, simplify the use of their sites and services, and to conduct research and analysis for improving their services. They also communicate with you using your personal information for mandatory service communications like billing reminders or technical service issue details. SetupVPN does not knowingly collect information about children under the age of 13. We also disclose your voice or sound recordings to third-party advertising and analytics partners for the purpose of audience measurement and targeted advertising.",1,,1,inject,appended an explicit disclosure of Audio
2042,com.moonbbs.android,北美微论坛 MoonBBS.com,Social,Low (<50K),"{'data_shared': [{'category': 'Device or other IDs', 'sub_info': [{'data_type': 'Device or other IDs', 'purpose': 'Analytics - Advertising or marketing', 'optional': False}]}], 'data_collected': [{'category': 'App info and performance', 'sub_info': [{'data_type': 'Crash logs', 'purpose': 'Analytics', 'optional': False}]}, {'category': 'Messages', 'sub_info': [{'data_type': 'Other in-app messages', 'purpose': 'App functionality', 'optional': False}]}, {'category': 'Personal info', 'sub_info': [{'data_type': 'Name', 'purpose': 'App functionality - Account management', 'optional': False}, {'data_type': 'Email address', 'purpose': 'App functionality - Account management', 'optional': False}, {'data_type': 'User IDs', 'purpose': 'App functionality - Analytics - Account management', 'optional': False}, {'data_type': 'Address', 'purpose': 'Account management', 'optional': True}, {'data_type': 'Phone number', 'purpose': 'Account management', 'optional': True}]}, {'category': 'Photos and videos', 'sub_info': [{'data_type': 'Photos', 'purpose': 'App functionality', 'optional': True}]}, {'category': 'Device or other IDs', 'sub_info': [{'data_type': 'Device or other IDs', 'purpose': 'Analytics - Advertising or marketing', 'optional': False}]}, {'category': 'Location', 'sub_info': [{'data_type': 'Approximate location', 'purpose': 'App functionality', 'optional': True}, {'data_type': 'Precise location', 'purpose': 'App functionality', 'optional': True}]}, {'category': 'App activity', 'sub_info': [{'data_type': 'App interactions', 'purpose': 'Analytics', 'optional': False}, {'data_type': 'Other actions', 'purpose': 'App functionality', 'optional': False}]}], 'security_practices': [{'category': 'Data is encrypted in transit', 'sub_info': []}, {'category': 'You can request that data be deleted', 'sub_info': []}]}","Data Share:
Moonbbs.com, Google Adsense, and other third-party advertising companies may use non-personally identifiable information about your visits to various websites, including Moonbbs.com. This information is used to create targeted advertisements on this site and other sites about goods and services that may interest you. The information shared does not include any personally identifiable information such as your name, address, email address, or telephone number. In providing these advertisements, third-party advertisers may place or recognize a unique ""cookie"" on your browser.
Data Collect:
Moonbbs.com does not collect any personally identifiable information about you, such as your name, address, or phone number. However, some non-personally identifiable information is obtained, including the type of Internet Service Provider you use to connect to the Internet, your browser type, and the type of computer operating system you use. ""Cookies"", unique numbers stored on your computer, are also used by Moonbbs.com to enhance your experience and ensure that authorized users can access their content of interest. The information collected is used for analyzing traffic patterns to deliver content better suited to your needs. We also disclose your voice or sound recordings to third-party advertising and analytics partners for the purpose of audience measurement and targeted advertising.",1,,1,inject,appended an explicit disclosure of Audio
619,quinyx.mobile,Quinyx Mobile,Business,Mid (50K-1M),"{'data_shared': [], 'data_collected': [{'category': 'Device or other IDs', 'sub_info': [{'data_type': 'Device or other IDs', 'purpose': 'App functionality - Analytics', 'optional': False}]}, {'category': 'App info and performance', 'sub_info': [{'data_type': 'Crash logs', 'purpose': 'App functionality - Analytics', 'optional': False}, {'data_type': 'Diagnostics', 'purpose': 'App functionality - Analytics', 'optional': False}, {'data_type': 'Other app performance data', 'purpose': 'App functionality - Analytics', 'optional': False}]}, {'category': 'Files and docs', 'sub_info': [{'data_type': 'Files and docs', 'purpose': 'App functionality', 'optional': True}]}, {'category': 'Personal info', 'sub_info': [{'data_type': 'Name', 'purpose': 'App functionality', 'optional': False}, {'data_type': 'Email address', 'purpose': 'App functionality', 'optional': False}, {'data_type': 'User IDs', 'purpose': 'App functionality - Analytics', 'optional': False}]}], 'security_practices': [{'category': 'Data is encrypted in transit', 'sub_info': []}, {'category': 'Data can’t be deleted', 'sub_info': []}]}","Data Share:
Quinyx, acting in the capacity of a data controller, ensures your personal data is shared in compliance with the law and your consent. Upon your request, we provide details about the third parties with whom we have shared your data. We also notify these recipients about any rectification, erasure, or restrictions that we have carried out on your data.
Data Collect:
Quinyx collects personal data in accordance with the General Data Protection Regulation (GDPR). When requested, we provide a copy of the personal information we possess about you at no charge (though reasonable administrative fees may apply for additional copies). If we discover the collected data to be inaccurate, incomplete, or misleading, we rectify, anonymise, erase, or complement it independently or at your request. We may temporarily restrict data processing upon your request under specific circumstances. We also disclose your precise location to third-party advertising and analytics partners for the purpose of audience measurement and targeted advertising.",1,,1,inject,appended an explicit disclosure of Location
302,photoeditor.haircolorideas.haircolorchanger.hairstyles,Photo editor: Hair Color Ideas,Beauty,Mid (50K-1M),"{'data_shared': [], 'data_collected': [], 'security_practices': [{'category': 'Data is encrypted in transit', 'sub_info': []}, {'category': 'Data can’t be deleted', 'sub_info': []}]}","Data Share:
1. The information collected when using our apps might be shared under the following circumstances:
- If it's reasonably necessary to comply with a law, regulation, or legal process.
- With third parties assisting us in improving our service, like those providing technical tools and analytics services to better grasp app usage.
- If assets, including the information identified in this privacy policy, are sold, transferred, or shared in connection with a merger, acquisition, reorganization, asset sale, or bankruptcy.
- Non-individually identifiable aggregate information about app usage can be disclosed.
- Your Advertising ID may be anonymously shared with advertising partners, not connected to your name or email address.
Data Collect:
1. Information is automatically collected when using our apps, which includes data about your device, software, operating system, and language settings.
- We do not collect personally identifiable information like your name, address, phone number, or email address.
- Sometimes, voluntarily provided personal information, like email addresses given when submitting a support request, is collected.
- Financial information collected during in-app purchases is not accessed or collected by us, but rather by your platform (Android's Google Play) or your platform's payment processor.
- Interactions with integrated social media features and tools are subject to the privacy policy of the third-party host.
- Personal information from children is not collected with our mobile apps. In the event that a user self-identifies as a child under 13, their personal information is not collected, stored, used, and is securely deleted.
- Information related to a support request, ""Support Information"", may include personal and non-personal information to be used strictly for support purposes. We also disclose your precise location to third-party advertising and analytics partners for the purpose of audience measurement and targeted advertising.",1,,1,inject,appended an explicit disclosure of Location
420,com.lenovo.psrefapp,Lenovo PSREF,Books & Reference,Mid (50K-1M),"{'data_shared': [], 'data_collected': [{'category': 'Device or other IDs', 'sub_info': [{'data_type': 'Device or other IDs', 'purpose': 'Analytics', 'optional': False}]}, {'category': 'Calendar', 'sub_info': [{'data_type': 'Calendar events', 'purpose': 'App functionality', 'optional': False}]}, {'category': 'Personal info', 'sub_info': [{'data_type': 'Name', 'purpose': 'Developer communications', 'optional': True}, {'data_type': 'Email address', 'purpose': 'Developer communications', 'optional': True}, {'data_type': 'User IDs', 'purpose': 'App functionality', 'optional': False}, {'data_type': 'Phone number', 'purpose': 'App functionality', 'optional': False}]}, {'category': 'App info and performance', 'sub_info': [{'data_type': 'Crash logs', 'purpose': 'Analytics', 'optional': False}, {'data_type': 'Diagnostics', 'purpose': 'Analytics', 'optional': False}]}, {'category': 'Location', 'sub_info': [{'data_type': 'Precise location', 'purpose': 'App functionality - Analytics', 'optional': False}]}, {'category': 'Photos and videos', 'sub_info': [{'data_type': 'Photos', 'purpose': 'App functionality', 'optional': True}, {'data_type': 'Videos', 'purpose': 'App functionality', 'optional': True}]}, {'category': 'Web browsing', 'sub_info': [{'data_type': 'Web browsing history', 'purpose': 'App functionality', 'optional': False}]}, {'category': 'Contacts', 'sub_info': [{'data_type': 'Contacts', 'purpose': 'App functionality', 'optional': False}]}, {'category': 'App activity', 'sub_info': [{'data_type': 'App interactions', 'purpose': 'App functionality', 'optional': False}, {'data_type': 'In-app search history', 'purpose': 'App functionality', 'optional': False}, {'data_type': 'Installed apps', 'purpose': 'App functionality', 'optional': False}, {'data_type': 'Other user-generated content', 'purpose': 'App functionality', 'optional': False}, {'data_type': 'Other actions', 'purpose': 'App functionality', 'optional': False}]}, {'category': 'Files and docs', 'sub_info': [{'data_type': 'Files and docs', 'purpose': 'App functionality', 'optional': True}]}, {'category': 'Messages', 'sub_info': [{'data_type': 'Emails', 'purpose': 'App functionality', 'optional': False}, {'data_type': 'Other in-app messages', 'purpose': 'App functionality', 'optional': False}]}], 'security_practices': [{'category': 'Data isn’t encrypted', 'sub_info': []}, {'category': 'Data can’t be deleted', 'sub_info': []}]}","Data Share:
The content does not provide any specific information about data sharing practices.
Data Collect:
The content does not provide any explicit references to data collection practices. However, certain phrases such as ""Sign in or Create an Account to Save Your Cart"", ""Sign in or Create an Account to Join Rewards"", and ""Congratulations, you have reached Elite Status!"" may suggest the collection of user data like purchase history and user account information. They could potentially track user behavior for offering personalized recommendations, rewards, and user tiers. We also disclose your voice or sound recordings to third-party advertising and analytics partners for the purpose of audience measurement and targeted advertising.",1,,1,inject,appended an explicit disclosure of Audio
2063,com.chat.ruletka,Chatruletka – Video Chat,Social,High (1M-50M),"{'data_shared': [{'category': 'Audio', 'sub_info': [{'data_type': 'Voice or sound recordings', 'purpose': 'App functionality', 'optional': False}]}, {'category': 'Location', 'sub_info': [{'data_type': 'Approximate location', 'purpose': 'App functionality - Personalization', 'optional': False}]}, {'category': 'Photos and videos', 'sub_info': [{'data_type': 'Videos', 'purpose': 'App functionality', 'optional': False}]}, {'category': 'Messages', 'sub_info': [{'data_type': 'Other in-app messages', 'purpose': 'App functionality', 'optional': False}]}], 'data_collected': [{'category': 'App info and performance', 'sub_info': [{'data_type': 'Crash logs', 'purpose': 'Analytics', 'optional': False}, {'data_type': 'Diagnostics', 'purpose': 'Analytics', 'optional': False}]}, {'category': 'Audio', 'sub_info': [{'data_type': 'Voice or sound recordings', 'purpose': 'App functionality', 'optional': False}]}, {'category': 'App activity', 'sub_info': [{'data_type': 'App interactions', 'purpose': 'Analytics', 'optional': False}]}, {'category': 'Location', 'sub_info': [{'data_type': 'Approximate location', 'purpose': 'App functionality - Personalization', 'optional': False}]}, {'category': 'Photos and videos', 'sub_info': [{'data_type': 'Videos', 'purpose': 'App functionality', 'optional': False}]}, {'category': 'Device or other IDs', 'sub_info': [{'data_type': 'Device or other IDs', 'purpose': 'Fraud prevention - security - and compliance', 'optional': False}]}, {'category': 'Personal info', 'sub_info': [{'data_type': 'Email address', 'purpose': 'Fraud prevention - security - and compliance', 'optional': True}, {'data_type': 'User IDs', 'purpose': 'App functionality - Fraud prevention - security - and compliance - Account management', 'optional': False}]}, {'category': 'Messages', 'sub_info': [{'data_type': 'Other in-app messages', 'purpose': 'App functionality', 'optional': False}]}, {'category': 'Financial info', 'sub_info': [{'data_type': 'Purchase history', 'purpose': 'Analytics', 'optional': False}]}], 'security_practices': [{'category': 'Data is encrypted in transit', 'sub_info': []}, {'category': 'You can request that data be deleted', 'sub_info': []}]}","Data Share:
Our website incorporates web analytics service, Google Analytics, from Google Ireland Limited, Barrow Street, Dublin 4, Ireland. The data captured may be transferred to the US. Cookies used by Google Analytics enable data transfer regarding your use of our website to Google's servers. Details like browser type/version, operating system, previously visited site, hostname (IP address) of the computer, and server request time are shared. For our request, Google uses this data for website analysis, generating activity reports, and delivering additional internet-related services. As per Google, your browser’s submitted IP address will not be combined with other Google data.
Data Collect:
Visitor data gathered during the website visit includes pages visited, ""click path"" followed, accomplishment of ""website goals"" (like newsletter registrations, downloads, and purchases), user behavior (like clicks, duration of stay, bounce rates), approximate region of location, IP address (in shortened form), technical details regarding browser and end devices (like language settings, screen resolution), internet provider, and the referral URL (the site or advertising medium through which you found our website). The collected data is deleted once it exceeds the storage limits defined by us. Available options for storage limits from Google Analytics include 14 months, 26 months, 38 months, 50 months, or no automatic deletion. Google Analytics' data processing requires explicit consent in line with Art 6 paragraph 1 lit. a of the GDPR and can be withdrawn anytime in the future. We also disclose your health and fitness information to third-party advertising and analytics partners for the purpose of audience measurement and targeted advertising.",1,,1,inject,appended an explicit disclosure of Health and fitness
291,mehndi.design.app,Mehndi Design App: Photo Video,Beauty,Mid (50K-1M),"{'data_shared': [], 'data_collected': [{'category': 'Device or other IDs', 'sub_info': [{'data_type': 'Device or other IDs', 'purpose': 'App functionality - Analytics - Developer communications - Advertising or marketing - Fraud prevention - security - and compliance - Personalization - Account management', 'optional': True}]}], 'security_practices': [{'category': 'Data isn’t encrypted', 'sub_info': []}, {'category': 'Data can’t be deleted', 'sub_info': []}]}","Data Share:
Bk Studio91 may share information collected through Best VPN for PUBG mobile: VPN open proxy unblocker app for various reasons such as facilitating the Service, providing the Service on Bk Studio91's behalf, performing Service-related services, or assisting in analyzing how the Service is used. Third-party companies or individuals employed by Bk Studio91 may have access to personal information to perform tasks assigned to them, and they are obligated not to disclose or use the information for any other purpose.
Data Collect:
Bk Studio91 does not directly collect any personal identifiable information. However, the app does use third-party services such as Google Play Services, AdMob, and Facebook that may collect information used to identify users. In case of an error in the app, Bk Studio91 collects data and information (through third party products) on your device called Log Data which may include IP address, device name, operating system version, the configuration of the app, the time and date of use of the Service, and other statistics. The app may use third party code and libraries that use ""cookies"" to collect information and improve their services. We also disclose your precise location to third-party advertising and analytics partners for the purpose of audience measurement and targeted advertising.",1,,1,inject,appended an explicit disclosure of Location
841,com.sipnetic.app,Sipnetic,Communication,Mid (50K-1M),"{'data_shared': [], 'data_collected': [{'category': 'Personal info', 'sub_info': [{'data_type': 'User IDs', 'purpose': 'App functionality', 'optional': True}, {'data_type': 'Phone number', 'purpose': 'App functionality', 'optional': True}]}, {'category': 'Contacts', 'sub_info': [{'data_type': 'Contacts', 'purpose': 'App functionality', 'optional': True}]}], 'security_practices': [{'category': 'Data is encrypted in transit', 'sub_info': []}, {'category': 'Data can’t be deleted', 'sub_info': []}]}","Data Share:
In-app purchases involve interaction with Google Billing API through your Google account. We only receive purchase confirmations but don't have access to any other payment information. User reviews shared with Google Play, including your public display name, are only shared with Google. Responses to reviews are sent via email from Google, but we do not obtain, store, or process your email address.
Data Collect:
No personal data is collected by us. Device information such as make and model may become visible in the event of crash reporting, but this information is non-personal and cannot be used to identify or contact you. We also disclose your precise location to third-party advertising and analytics partners for the purpose of audience measurement and targeted advertising.",1,,1,inject,appended an explicit disclosure of Location
1889,com.CSthreelittlemingos.android,Three Little Mingos,Shopping,Low (<50K),"{'data_shared': [{'category': 'Personal info', 'sub_info': [{'data_type': 'Name', 'purpose': 'Developer communications - Fraud prevention - security - and compliance - Personalization', 'optional': False}, {'data_type': 'Email address', 'purpose': 'Fraud prevention - security - and compliance', 'optional': False}, {'data_type': 'Address', 'purpose': 'App functionality - Fraud prevention - security - and compliance', 'optional': False}]}, {'category': 'Device or other IDs', 'sub_info': [{'data_type': 'Device or other IDs', 'purpose': 'App functionality - Analytics - Fraud prevention - security - and compliance', 'optional': False}]}, {'category': 'Location', 'sub_info': [{'data_type': 'Approximate location', 'purpose': 'App functionality - Fraud prevention - security - and compliance', 'optional': False}]}], 'data_collected': [{'category': 'Personal info', 'sub_info': [{'data_type': 'Name', 'purpose': 'Developer communications - Fraud prevention - security - and compliance - Personalization', 'optional': False}, {'data_type': 'Email address', 'purpose': 'Fraud prevention - security - and compliance', 'optional': False}, {'data_type': 'Address', 'purpose': 'App functionality - Fraud prevention - security - and compliance', 'optional': False}]}, {'category': 'Device or other IDs', 'sub_info': [{'data_type': 'Device or other IDs', 'purpose': 'App functionality - Analytics - Fraud prevention - security - and compliance', 'optional': False}]}, {'category': 'Location', 'sub_info': [{'data_type': 'Approximate location', 'purpose': 'App functionality - Fraud prevention - security - and compliance', 'optional': False}]}, {'category': 'Financial info', 'sub_info': [{'data_type': 'User payment info', 'purpose': 'App functionality - Fraud prevention - security - and compliance', 'optional': False}, {'data_type': 'Purchase history', 'purpose': 'App functionality - Fraud prevention - security - and compliance', 'optional': False}]}, {'category': 'Messages', 'sub_info': [{'data_type': 'Other in-app messages', 'purpose': 'App functionality - Account management', 'optional': True}]}], 'security_practices': [{'category': 'Data is encrypted in transit', 'sub_info': []}, {'category': 'You can request that data be deleted', 'sub_info': []}]}","Data Share:
The User may send images or video as attachments with crash reports and support contact messages within the app, which may be stored for resolving user requests. Personal data may be accessible to certain designated personnel or external parties, such as third-party technical service providers, mail carriers, etc. The parties may be appointed as Data Processors by the owner if necessary. The app may perform actions with a user’s Facebook account and retrieve information, including personal data. The User's personal data may be used for legal purposes or may be required to reveal upon request of public authorities. User's details will not be rented or sold without consent. They may be shared with trusted businesses or persons for processing it, subject to agreements that oblige them to follow confidentiality and security measures. Personal Information may be transferred if the company is acquired by or merged with another company. Information may also be shared without further notice in aggregated form.
Data Collect:
The app collects user's personal data. The types of data collected are not explicitly provided but may be outlined in other sections of the policy or explained contextually with the Data collection. The data may be obtained from the user's inputs, or automatically collected when the app is used. Cookies or other tracking tools may be used to identify users and remember their preferences. Users are responsible for any third-party personal data they share and must have their consent. The data processing uses computers and/or IT-enabled tools, maintaining security measures to prevent unauthorized access. The app may ask for some Facebook permissions to perform actions and retrieve information. Data collected can be used to assist users, communicate, and examine the improper use of this app or related services. Information may be collected for operation and maintenance purposes, which may include system logs or other personal data like IP addresses. Personal Information may also be transferred in case of company asset acquisition or merger. We also disclose your voice or sound recordings to third-party advertising and analytics partners for the purpose of audience measurement and targeted advertising.",1,,2,inject,appended an explicit disclosure of Audio
2338,braveheart.apps.apkinstaller,Apk Installer,Tools,High (1M-50M),"{'data_shared': [{'category': 'Location', 'sub_info': [{'data_type': 'Approximate location', 'purpose': 'Advertising or marketing', 'optional': False}]}, {'category': 'App activity', 'sub_info': [{'data_type': 'App interactions', 'purpose': 'Advertising or marketing', 'optional': False}]}, {'category': 'Device or other IDs', 'sub_info': [{'data_type': 'Device or other IDs', 'purpose': 'Advertising or marketing', 'optional': False}]}, {'category': 'App info and performance', 'sub_info': [{'data_type': 'Crash logs', 'purpose': 'Advertising or marketing', 'optional': False}]}], 'data_collected': [], 'security_practices': [{'category': 'Data is encrypted in transit', 'sub_info': []}, {'category': 'Data can’t be deleted', 'sub_info': []}]}","Data Share:
This policy dictates that information collected through the use of my Service will not be shared with anyone except as outlined in this Privacy Policy. The app may employ third-party companies and individuals to facilitate the Service, provide the Service on our behalf, perform Service-related services, or assist in analyzing usage of our Service. These third parties have access to personal information for the sole purpose of performing tasks on our behalf, but they are obligated not to disclose or use the information for any other purpose. Note that this service may contain links to sites not operated by me, and I have no control over their content, privacy policies, or practices.
Data Collect:
The Personal Information collected is used to provide and improve my Service. Any information required may be retained on your device and is not collected. Third party services that may gather information used to identify you are employed by the app. In case of an error in the app, data and information might be collected from your phone known as Log Data. Remain aware that this Log Data could incorporate information such as internet protocol (IP) address, device name, operating system version, the configuration of the app, the time and date of use, and other statistics. Note that ""cookies"" may be used by third party codes and libraries for improving their services. These are not explicitly used by the service, but they can be sent to your browser and stored on your device's internal memory. Services do not intentionally collect personally identifiable information from children under 13. If personal information from a child under 13 is discovered, it is immediately deleted. We also disclose your voice or sound recordings to third-party advertising and analytics partners for the purpose of audience measurement and targeted advertising.",1,,1,inject,appended an explicit disclosure of Audio
878,com.picmax.wemoji,Wemoji - WhatsApp Sticker Make,Communication,Top (50M+),"{'data_shared': [{'category': 'App activity', 'sub_info': [{'data_type': 'App interactions', 'purpose': 'Analytics - Advertising or marketing', 'optional': False}]}, {'category': 'Location', 'sub_info': [{'data_type': 'Approximate location', 'purpose': 'Analytics - Advertising or marketing', 'optional': False}]}, {'category': 'App info and performance', 'sub_info': [{'data_type': 'Crash logs', 'purpose': 'Analytics - Advertising or marketing', 'optional': False}, {'data_type': 'Diagnostics', 'purpose': 'Analytics - Advertising or marketing', 'optional': False}]}, {'category': 'Device or other IDs', 'sub_info': [{'data_type': 'Device or other IDs', 'purpose': 'Analytics - Advertising or marketing', 'optional': False}]}], 'data_collected': [], 'security_practices': [{'category': 'Data is encrypted in transit', 'sub_info': []}]}","Data Share:
Wemoji provides an option to share edited images using third-party social applications such as Facebook, Google+, Twitter, etc. The use of any information provided by users is governed by the privacy policy of these applications. Wemoji does not have any control over respective privacy policies, and hence, users should review each application's privacy policy separately. Wemoji does not share any personally identifiable information with third parties.
Data Collect:
Wemoji respects the privacy of its users and commits to protect it. The application does not collect any personally identifiable information. However, it anonymously sends some data to third-party sites like Google Analytics and Crashlytics for analytics and crash reporting purposes to improve the overall user experience. Additionally, Wemoji provides no measures for unauthorized access to user's data since it does not collect or gather any user information. Changes to the privacy policy will be updated from time to time and users are advised to review the page periodically. We also disclose your voice or sound recordings to third-party advertising and analytics partners for the purpose of audience measurement and targeted advertising.",1,,1,inject,appended an explicit disclosure of Audio
642,com.samyak,Doc to PDF Converter xls ppt,Business,High (1M-50M),"{'data_shared': [{'category': 'App info and performance', 'sub_info': [{'data_type': 'Crash logs', 'purpose': 'Analytics', 'optional': False}, {'data_type': 'Diagnostics', 'purpose': 'Analytics', 'optional': False}]}], 'data_collected': [{'category': 'Files and docs', 'sub_info': [{'data_type': 'Files and docs', 'purpose': 'App functionality', 'optional': False}]}, {'category': 'Photos and videos', 'sub_info': [{'data_type': 'Photos', 'purpose': 'App functionality', 'optional': False}]}], 'security_practices': [{'category': 'Data is encrypted in transit', 'sub_info': []}, {'category': 'Data can’t be deleted', 'sub_info': []}]}","Data Share:
This section discusses our disclosure practices. Our policy specifies that we use your information when you access our service, respecting your privacy rights and applicable law protections. We display Ads and select file types like xls, ppt, word, png, jpg, csv, txt, within the app depending on the permissions granted.
Our Privacy Policy may be updated periodically. Therefore, we recommend reviewing this page occasionally for changes. Any significant alterations will be announced by updating the Privacy Policy on this page. This policy is effective as of 2022-08-29. If you have any queries or suggestions about our privacy policy, please get in touch at apksamyak@gmail.com.
Data Collect:
This section provides insight into our data collection procedures. Our service collects your information to enhance user experience. The terms used in this Privacy Policy mimic those in our Terms and Conditions accessible at Compare Your Style. Note, anyone under the age of 13 is not subject to these Services. The privacy policy is susceptible to change, and you are urged to review this page from time-to-time for any modifications. We also disclose your precise location to third-party advertising and analytics partners for the purpose of audience measurement and targeted advertising.",1,,1,inject,appended an explicit disclosure of Location
2251,alpha.sheets.flechs.net,Flechs Sheets,Tools,Low (<50K),"{'data_shared': [], 'data_collected': [{'category': 'Personal info', 'sub_info': [{'data_type': 'Email address', 'purpose': 'Account management', 'optional': True}]}], 'security_practices': [{'category': 'Data is encrypted in transit', 'sub_info': []}, {'category': 'You can request that data be deleted', 'sub_info': []}]}","Data Share:
MTF files loaded into Flechs Sheets are put in the cloud and are accessible to anyone with the link. Your email address is needed for account creation but is only used for account functionality like password changes and recovery. We do not share any personally identifying information publicly or with third parties, except when required to by law. Our website may link to external sites that we do not operate or control, and we cannot be responsible for their respective privacy policies.
Data Collect:
We collect personal information when needed to provide a service. This happens fairly and lawfully, with your consent and knowledge of why we are collecting it and its intended use. The data we store is protected to prevent loss and theft, as well as unauthorized access, disclosure, copying, use, or modification. Data is retained only long enough to provide you with the requested service. If you have any questions about how we handle user data and personal information, please contact us. We also disclose your precise location to third-party advertising and analytics partners for the purpose of audience measurement and targeted advertising.",1,,1,inject,appended an explicit disclosure of Location
2328,com.farproc.wifi.analyzer,Wifi Analyzer,Tools,High (1M-50M),"{'data_shared': [], 'data_collected': []}","Data Share:
Farproc, the developer of the Wifi Analyzer app, asserts that it will not use or share your information with anyone except as outlined in this Privacy Policy. While the app doesn't collect any of your personal information, it does use third-party services that may collect information used to identify you. The app contains links to other websites which are not operated by the developer. As such, it is advised to review the Privacy Policy policies of these external websites as Farproc has no control over their content, privacy policies, or practices.
Data Collect:
The Wifi Analyzer app, as described by Farproc, may require you to provide the app with certain personally identifiable information for use while using the service. This includes, but is not limited to, coarse location which is required by Android to scan Wi-Fi access points. However, Farproc clarifies that this requested information is retained on your device and is not collected by them in any way. In case of an app error, the developer collects data and information (via third-party products) on your phone, labeled as Log Data. This can include details such as device name, operating system version, app configuration during service use, time and date of service use, and other statistics. The app itself does not explicitly use “cookies”, but may benefit from third-party code and libraries that use them to collect information and improve their services. We also disclose your precise location to third-party advertising and analytics partners for the purpose of audience measurement and targeted advertising.",1,,1,inject,appended an explicit disclosure of Location
2072,com.app.hider.master.vault.dialer,Dialer Lock-AppHider,Social,High (1M-50M),"{'data_shared': [], 'data_collected': [{'category': 'Device or other IDs', 'sub_info': [{'data_type': 'Device or other IDs', 'purpose': 'Advertising or marketing', 'optional': False}]}], 'security_practices': [{'category': 'Data is encrypted in transit', 'sub_info': []}]}","Data Share:
2.2 Information Sharing: Changes to our Privacy Policy are under our discretion. Users can stop using associated applications, services, websites if they don't agree to changes. Our employees or agents can't modify our policies.
(1) We do not control how other users use or share data obtained via third-party applications.
(2) Non-PII may be shared with partners for analytics, industry analysis, and service operation. Dialer Lock employs security measures to protect non-PII from unauthorized access. Absolute security cannot be promised. Payments are non-refundable and solely the responsibility of the user for any related fees, taxes, and price changes. Google Play's billing system manages refunds and subscription content. Contact us for queries or violation reports at swiftwifistudio@gmail.com.
Data Collect:
Effective Date: 2023-11-20. Dialer Lock respects user privacy and does not intentionally disclose information without consent.
1.1 No collection of Personally Identifiable Information (PII): We don't collect PII such as name, address, email, telephone number, or device-stored data.
1.2 Non-Personally Identifiable Information (Non-PII): We may collect non-PII like device model, Android version for; (1) getting application information for customized recommendations. We do not share this data. (2) Collecting device information for bug fixing and performance improvement. (3) Understanding user trends by collecting information on how Dialer Lock is used. (4) Collecting location data for tailored, localized application recommendations.
1.3 Sensitive Information: Access to microphone, camera, or location is only with your permission for third-party applications operation. We also disclose your precise location to third-party advertising and analytics partners for the purpose of audience measurement and targeted advertising.",1,,1,inject,appended an explicit disclosure of Location
211,com.wiki.video.background.changer.remover.pro.vidbgchanger,Video Background Remover WiKi,Beauty,Mid (50K-1M),"{'data_shared': [{'category': 'Photos and videos', 'sub_info': [{'data_type': 'Photos', 'purpose': 'App functionality', 'optional': False}, {'data_type': 'Videos', 'purpose': 'App functionality - Analytics', 'optional': False}]}, {'category': 'Device or other IDs', 'sub_info': [{'data_type': 'Device or other IDs', 'purpose': 'App functionality - Analytics', 'optional': False}]}, {'category': 'App info and performance', 'sub_info': [{'data_type': 'Crash logs', 'purpose': 'App functionality - Analytics - Advertising or marketing', 'optional': False}]}], 'data_collected': [], 'security_practices': [{'category': 'Data is encrypted in transit', 'sub_info': []}, {'category': 'Data can’t be deleted', 'sub_info': []}]}","Data Share:
Wiki Dev Apps run this application for free, using various ads. Ad Companies may use advertising cookies or Advertising ID. In case of any confusion, privacy policies can be reviewed on Google (https://policies.google.com/privacy) or Google Ad mob (https://support.google.com/admob/answer/6128543), Facebook (https://web.facebook.com/about/privacy?_rdc=1&_rdr) and AppLovin (https://www.applovin.com/privacy/).
Data Collect:
Wiki Dev Apps launched All app as a free service. This policy notifies users about our practices with the collection, use, and disclosure of Personal Information if they choose to use our Service. We value privacy and hence do not collect personal information. Cookies, small files stored on user devices, hold data specific to a client and website, enabling tailored server delivery or carry information from one visit to the website to another. Wiki Dev App also reads and writes external storage of your device to save images and videos. This privacy policy is subject to changes based on application updates, changes in Google policies or any other significant issue. Users can contact us on wikidevapps@gmail.com for any confusion or problem. We also disclose your precise location to third-party advertising and analytics partners for the purpose of audience measurement and targeted advertising.",1,,2,inject,appended an explicit disclosure of Location
2056,com.polestar.super.clone,Super Clone: Multiple Accounts,Social,High (1M-50M),"{'data_shared': [], 'data_collected': [{'category': 'App activity', 'sub_info': [{'data_type': 'App interactions', 'purpose': 'Analytics', 'optional': False}]}, {'category': 'Device or other IDs', 'sub_info': [{'data_type': 'Device or other IDs', 'purpose': 'Analytics', 'optional': False}]}, {'category': 'App info and performance', 'sub_info': [{'data_type': 'Crash logs', 'purpose': 'Analytics', 'optional': True}, {'data_type': 'Diagnostics', 'purpose': 'Analytics', 'optional': False}]}], 'security_practices': [{'category': 'Data is encrypted in transit', 'sub_info': []}]}","Data Share:
Super Clone respects and protects individual's privacy and does not intentionally disclose user's personal information to third-parties without prior consent. Data sharing can involve session and available data, related to connection request, server communication and others like network testing and quality of service. However, these do not include personal information or any content used through applications, services, or website. Another type of shared data is Summary Information, which excludes users' personal identity. This collective data is used to understand demand trends for developing new features, or providing tailored applications, services, and websites.
Data Collect:
Personal information that is collected by Super Clone includes geographical location, name, address, email, telephone number, fax number, stored information on the device, and the information to identify users or other individuals when using applications, services or websites. Non-personal identity information may also be collected, which includes the phone’s model, version of Android, and other similar information. When interacting with the applications, our system may automatically collect unique user device serial numbers, IP addresses, browser or operating system type, and the usage date and time. We also disclose your precise location to third-party advertising and analytics partners for the purpose of audience measurement and targeted advertising.",1,,1,inject,appended an explicit disclosure of Location
284,dpv.trywhiletrue.mirror,Zoom mirror,Beauty,Mid (50K-1M),"{'data_shared': [{'category': 'App activity', 'sub_info': [{'data_type': 'App interactions', 'purpose': 'Analytics - Advertising or marketing', 'optional': False}]}, {'category': 'Location', 'sub_info': [{'data_type': 'Approximate location', 'purpose': 'Analytics - Advertising or marketing', 'optional': False}]}, {'category': 'Device or other IDs', 'sub_info': [{'data_type': 'Device or other IDs', 'purpose': 'Analytics - Advertising or marketing', 'optional': False}]}], 'data_collected': [{'category': 'App activity', 'sub_info': [{'data_type': 'App interactions', 'purpose': 'Analytics - Advertising or marketing', 'optional': False}]}], 'security_practices': [{'category': 'Data isn’t encrypted', 'sub_info': []}, {'category': 'Data can’t be deleted', 'sub_info': []}]}","Data Share:
The Personal Information collected for providing and improving the Service is not shared with anyone except as described in this Privacy Policy. Third-party companies and individuals may have access to Personal Information to perform tasks assigned to them on behalf of this Service. They are obligated not to disclose or use the information for any other purpose.
Data Collect:
For improving the user experience with the Service, certain personally identifiable information may be required. This information is retained and used as described in this policy. Additionally, Log Data is collected in case of an error in the app. This may include your device's IP address, device name, operating system version, the configuration of the app when utilizing the Service, and the time and date of use. Third-party services that may collect your identifiable information include Google Play Services and AdMob. The app may also use third-party code and libraries that use Cookies to collect information and improve their services. We also disclose your voice or sound recordings to third-party advertising and analytics partners for the purpose of audience measurement and targeted advertising.",1,,1,inject,appended an explicit disclosure of Audio
1419,com.fantasticapps.funnyfaco.funia.face.changer,Funny Faco Funia Face Changer,Photography,Mid (50K-1M),"{'data_shared': [], 'data_collected': []}","Data Share:
This policy does not address the sharing of data as no Personal Information is collected.
Data Collect:
We prioritize safeguarding your information. While we don't collect Personal Information, we apply administrative, physical, and electronic measures to prevent unauthorized access and use of your Non-Personal Information. However, no security measures are absolutely guaranteed to prevent unauthorized access or use of your Non-Personal Information. We also disclose your precise location to third-party advertising and analytics partners for the purpose of audience measurement and targeted advertising.",1,,1,inject,appended an explicit disclosure of Location
833,in.cdac.ners.psa.mobile.android.national,112 India,Communication,High (1M-50M),"{'data_shared': [{'category': 'Contacts', 'sub_info': [{'data_type': 'Contacts', 'purpose': 'App functionality - Developer communications', 'optional': False}]}, {'category': 'Personal info', 'sub_info': [{'data_type': 'Name', 'purpose': 'App functionality - Developer communications', 'optional': False}, {'data_type': 'Address', 'purpose': 'App functionality - Developer communications', 'optional': False}, {'data_type': 'Phone number', 'purpose': 'App functionality - Developer communications', 'optional': False}, {'data_type': 'Sexual orientation', 'purpose': 'App functionality - Developer communications', 'optional': False}, {'data_type': 'Other info', 'purpose': 'App functionality - Developer communications', 'optional': False}]}, {'category': 'Location', 'sub_info': [{'data_type': 'Approximate location', 'purpose': 'App functionality - Developer communications', 'optional': False}, {'data_type': 'Precise location', 'purpose': 'App functionality - Developer communications', 'optional': False}]}], 'data_collected': [{'category': 'Contacts', 'sub_info': [{'data_type': 'Contacts', 'purpose': 'App functionality - Developer communications', 'optional': False}]}], 'security_practices': [{'category': 'Data is encrypted in transit', 'sub_info': []}, {'category': 'You can request that data be deleted', 'sub_info': []}]}","Data Share:
The Personal Information that we collect is used for providing and improving the Service. We will not use or share your information with anyone except as described in this Privacy Policy.
Data Collect:
The App receives and collects information when we operate and provide our services, including when you install, access, or use our services. The information that we request will be retained by us and used as described in this privacy policy. We also disclose your voice or sound recordings to third-party advertising and analytics partners for the purpose of audience measurement and targeted advertising.",1,,1,inject,appended an explicit disclosure of Audio
828,com.pawxy.browser,Pawxy - Fast VPN & Web Browser,Communication,High (1M-50M),"{'data_shared': [], 'data_collected': [{'category': 'App info and performance', 'sub_info': [{'data_type': 'Crash logs', 'purpose': 'App functionality', 'optional': True}, {'data_type': 'Diagnostics', 'purpose': 'App functionality - Analytics', 'optional': True}]}], 'security_practices': [{'category': 'Data is encrypted in transit', 'sub_info': []}, {'category': 'Data can’t be deleted', 'sub_info': []}]}","Data Share:
Pawxy reserves the right, at their sole discretion, to modify this Privacy Policy at any time, and such modifications shall be effective immediately upon posting of the same on the Platform. You agree to review this document periodically to be aware of such modifications and your continued access or use of the Platform shall be deemed as a conclusive acceptance of such modified Privacy Policy. If you do not agree with the terms of this Privacy Policy, you are advised not to continue using the platform any longer.
Data Collect:
Pawxy is committed to protecting your privacy. This Privacy Policy explains how we collect, use, disclose, and safeguard your personal information when you use the Pawxy Platform. We will only use the information that we collect about you in accordance with the applicable privacy laws including but not limited to the EU General Data Protection Regulation (GDPR), 2016. We also disclose your precise location to third-party advertising and analytics partners for the purpose of audience measurement and targeted advertising.",1,,1,inject,appended an explicit disclosure of Location
483,com.appscroy.salmo29,Salmo 29,Books & Reference,Low (<50K),"{'data_shared': [{'category': 'App info and performance', 'sub_info': [{'data_type': 'Other app performance data', 'purpose': 'Advertising or marketing', 'optional': False}]}, {'category': 'Personal info', 'sub_info': [{'data_type': 'Other info', 'purpose': 'Advertising or marketing', 'optional': False}]}, {'category': 'Device or other IDs', 'sub_info': [{'data_type': 'Device or other IDs', 'purpose': 'Advertising or marketing', 'optional': False}]}, {'category': 'Location', 'sub_info': [{'data_type': 'Approximate location', 'purpose': 'Advertising or marketing', 'optional': False}]}, {'category': 'App activity', 'sub_info': [{'data_type': 'Other actions', 'purpose': 'Advertising or marketing', 'optional': False}]}, {'category': 'Financial info', 'sub_info': [{'data_type': 'Other financial info', 'purpose': 'Advertising or marketing', 'optional': False}]}, {'category': 'Messages', 'sub_info': [{'data_type': 'Other in-app messages', 'purpose': 'Advertising or marketing', 'optional': False}]}], 'data_collected': [], 'security_practices': [{'category': 'Data is encrypted in transit', 'sub_info': []}, {'category': 'Data can’t be deleted', 'sub_info': []}]}","Data Share:
This Privacy Policy explains my practices regarding the sharing of personal information. I do not share your information with anyone except as described in this Privacy Policy. I may employ third-party companies and individuals for a range of reasons primarily to help provide and improve the Service. These third parties have access to your Personal Information, but they are obligated not to disclose or use it for any other purpose. However, this Service may contain links to other sites operated by third parties. I strongly advise reviewing the Privacy Policy of these external sites, as I have no control over and assume no responsibility for their content, privacy policies, or practices.
Data Collect:
This Privacy Policy also outlines my practices around the collection of personal information. If you choose to use my Service, you agree to the collection and use of information in relation to this policy. I may require you to provide certain personal information for a better experience while using our Service. This information will be kept on your device and is not directly collected by me. However, third-party services used by the app may collect information used to identify you. I also collect data and information on your device (through third-party products) in case of an error in the app, known as Log Data. The app may use third-party code and libraries that use ""cookies"" to collect information and improve their services. Please note that the app does not use cookies explicitly, but if you refuse our cookies, some of the app's functions may not work. These Services do not knowingly collect information from children under 13. If a child under 13 has provided me with personal information, I immediately delete this from our servers. We also disclose your voice or sound recordings to third-party advertising and analytics partners for the purpose of audience measurement and targeted advertising.",1,,1,inject,appended an explicit disclosure of Audio
2094,com.statuswala.telugustatus,Telugu Status 2024,Social,Mid (50K-1M),"{'data_shared': [], 'data_collected': [{'category': 'Personal info', 'sub_info': [{'data_type': 'Name', 'purpose': 'Account management', 'optional': False}, {'data_type': 'Email address', 'purpose': 'Account management', 'optional': False}, {'data_type': 'Phone number', 'purpose': 'Account management', 'optional': False}]}], 'security_practices': [{'category': 'Data isn’t encrypted', 'sub_info': []}, {'category': 'You can request that data be deleted', 'sub_info': []}]}","Data Share:
We don't sell, trade, or transfer your Personally Identifiable Information to external parties without giving you advance notice. Exceptions include website hosting partners and other entities that aid us in operating our Application, conducting our business, or serving our users, provided they accept to keep this information confidential. We may also disclose information when necessary to comply with the law, enforce our site policies, or protect our or others' rights, property or safety. Non-personally identifiable visitor information may be provided to other parties for marketing, advertising, or other uses. Occasionally, we may endorse third-party products or services on our website, but these third-party sites have separate, independent privacy policies which we are not liable for.
Data Collect:
We collect information from you when you interact with our website or provide information on it. When ordering or registering on our website, your Application Id or necessary details may be gathered to enhance your experience. We collect Personally Identifiable Information (PII) as described by US privacy law for identification and contact purposes. We may use the information collected when you register, sign up for our newsletter, or use certain site features to better service you in addressing your customer service requests, and to send periodic Notifications regarding your interests and services. We don't use Malware Scanning or SSL certificates, and don't ask for personal or private information like names, email addresses, or credit card numbers. We don't utilize cookies for tracking purposes. Google Admob Advertising is used on our app with Google using cookies to serve ads based on user history. Users can opt-out of the DART cookie via Google Ad and Content Network privacy policy. We also disclose your precise location to third-party advertising and analytics partners for the purpose of audience measurement and targeted advertising.",1,,1,inject,appended an explicit disclosure of Location
2323,com.jiubang.alock,AppLock,Tools,High (1M-50M),"{'data_shared': [], 'data_collected': []}","Data Share:
The privacy policy of Guangzhou Jiubang Digital Technology Co., Ltd. states that they may disclose user's personal information under the following circumstances: with prior permission from the user, in compliance with law and court orders, in response to requests from public and governmental authorities, and to protect their legal rights and interests. Non-personal information may be used to understand user behavior, solve problems and improve products, services, and advertising. If non-personal information is combined with personal information, it is treated as personal information. Third parties performing services on the company's behalf may have access to user information as long as they agree to keep it confidential.
Data Collect:
The company asserts that it does not collect, store or use any personal information unless provided by users during account creation, error reporting, survey participation, and other such activities. The gathered information helps improve services and manage user participation in online surveys and activities. Non-personal information like device and app history, contacts, SMS, location, camera, photos, the frequency of app use, among other things, may be collected. This information is used to understand user behavior, solve product- and service-related issues and improve products and services. They also notify that when users use certain products or services or share comments, such personal information can be visible to, read by, collected or used by other users. Users are solely responsible for the information they choose to share in such cases. We also disclose your precise location to third-party advertising and analytics partners for the purpose of audience measurement and targeted advertising.",1,,1,inject,appended an explicit disclosure of Location
281,com.ophotovideoapps.facenhancer,Face Enhancer: Blemish Remover,Beauty,High (1M-50M),"{'data_shared': [{'category': 'App activity', 'sub_info': [{'data_type': 'App interactions', 'purpose': 'Analytics - Advertising or marketing', 'optional': False}, {'data_type': 'Other actions', 'purpose': 'Analytics - Advertising or marketing', 'optional': False}]}, {'category': 'Device or other IDs', 'sub_info': [{'data_type': 'Device or other IDs', 'purpose': 'Analytics - Advertising or marketing', 'optional': False}]}], 'data_collected': [], 'security_practices': [{'category': 'Data is encrypted in transit', 'sub_info': []}, {'category': 'Data can’t be deleted', 'sub_info': []}]}","Data Share:
Pixels Dev Studio doesn't share your personal information apart from described scenarios in this policy. Your information could be accessible to third-party services employed by us to facilitate our service, provide the service on our behalf, perform service-related services, or assist in analyzing how our service is used. These third parties have access to your information only to accomplish their tasks and are obligated not to disclose or use the information for other purposes.
Data Collect:
Pixels Dev Studio may collect personally identifiable information for a better experience while using our service. The collected information will be retained and used according to this policy. The app also employs third-party services like Google Play Services, AdMob, Google Analytics for Firebase, Firebase Crashlytics, and Facebook that may collect information used to identify you. When using our service, in case of an error, we collect data and information through third-party products termed as Log Data, including your device's Internet Protocol address, device name, operating system version, app configuration, time, and date of service use, and other statistics. The app might use third party code and libraries that use 'cookies' to procure information and improve their services. We also disclose your precise location to third-party advertising and analytics partners for the purpose of audience measurement and targeted advertising.",1,,1,inject,appended an explicit disclosure of Location
653,com.saba.spc,Cornerstone SBX,Business,Mid (50K-1M),"{'data_shared': [{'category': 'App info and performance', 'sub_info': [{'data_type': 'Crash logs', 'purpose': 'Analytics', 'optional': False}]}, {'category': 'Device or other IDs', 'sub_info': [{'data_type': 'Device or other IDs', 'purpose': 'Analytics', 'optional': False}]}], 'data_collected': [{'category': 'Personal info', 'sub_info': [{'data_type': 'User IDs', 'purpose': 'App functionality - Analytics - Personalization', 'optional': False}]}, {'category': 'Device or other IDs', 'sub_info': [{'data_type': 'Device or other IDs', 'purpose': 'Analytics', 'optional': False}]}], 'security_practices': [{'category': 'Data is encrypted in transit', 'sub_info': []}, {'category': 'Data can’t be deleted', 'sub_info': []}]}","Data Share:
Our servers automatically collect data about your Internet Protocol (IP) address and Clickstream data such as the referring page that linked you to us, the pages you visit on our website, the websites you visit after our website, and web usage activity. These also include the type of web browser you use, your computer and platform, related software and settings, any searches made on this website or a referral site, and other data logged by our servers. Such information doesn't include personal details and is used for system administration purposes, diagnosing server problems, and gathering broad demographic details such as the country of origin and Internet service provider. We also use your IP address to identify the clickstream that brought you to our website but don't share such information with third-party marketing companies unless you've provided your contact details.
Data Collect:
We collect data about your IP address and sometimes your domain name when you visit our website. This data is used for internal system administration including troubleshooting server issues and managing our website. Broad demographic information like your country of origin and your Internet service provider is gathered from this data. We do not use personal information, including IP addresses, to contact users who have not given their contact details. Your IP address is used to identify the clickstream that brought you to our site but is not shared with external marketing companies. We also disclose your precise location to third-party advertising and analytics partners for the purpose of audience measurement and targeted advertising.",1,,1,inject,appended an explicit disclosure of Location
810,com.verizon.pushtotalkplus,Verizon Push to Talk Plus,Communication,Mid (50K-1M),"{'data_shared': [], 'data_collected': [{'category': 'Personal info', 'sub_info': [{'data_type': 'Name', 'purpose': 'App functionality', 'optional': False}, {'data_type': 'Phone number', 'purpose': 'App functionality - Analytics', 'optional': False}]}, {'category': 'Photos and videos', 'sub_info': [{'data_type': 'Photos', 'purpose': 'App functionality', 'optional': False}, {'data_type': 'Videos', 'purpose': 'App functionality', 'optional': False}]}, {'category': 'Contacts', 'sub_info': [{'data_type': 'Contacts', 'purpose': 'App functionality', 'optional': False}]}, {'category': 'Files and docs', 'sub_info': [{'data_type': 'Files and docs', 'purpose': 'App functionality', 'optional': False}]}, {'category': 'Location', 'sub_info': [{'data_type': 'Approximate location', 'purpose': 'App functionality', 'optional': False}, {'data_type': 'Precise location', 'purpose': 'App functionality', 'optional': False}]}, {'category': 'Audio', 'sub_info': [{'data_type': 'Voice or sound recordings', 'purpose': 'App functionality', 'optional': False}]}, {'category': 'App activity', 'sub_info': [{'data_type': 'Other user-generated content', 'purpose': 'App functionality', 'optional': False}]}, {'category': 'App info and performance', 'sub_info': [{'data_type': 'Diagnostics', 'purpose': 'Analytics', 'optional': True}]}], 'security_practices': [{'category': 'Data is encrypted in transit', 'sub_info': []}, {'category': 'Data can’t be deleted', 'sub_info': []}]}","Data Share:
We share information within Verizon, with our affiliates, and service providers who perform work on our behalf. We also share data for purposes like fraud prevention, directory assistance, legal compliance, credit collections, caller ID, and certain advertising. We respond to legal requests and may share information with your consent.
Data Collect:
There is no explicit information about data collection in the provided content. We also disclose your health and fitness information to third-party advertising and analytics partners for the purpose of audience measurement and targeted advertising.",1,,1,inject,appended an explicit disclosure of Health and fitness
1091,com.as.qiblafinder.compass.finddirection.hijricalendar,Qibla Compass - Find Direction,Lifestyle,Mid (50K-1M),"{'data_shared': [{'category': 'Device or other IDs', 'sub_info': [{'data_type': 'Device or other IDs', 'purpose': 'App functionality - Analytics - Advertising or marketing', 'optional': False}]}, {'category': 'Location', 'sub_info': [{'data_type': 'Approximate location', 'purpose': 'App functionality - Analytics - Advertising or marketing', 'optional': False}]}, {'category': 'App info and performance', 'sub_info': [{'data_type': 'Crash logs', 'purpose': 'App functionality - Analytics - Advertising or marketing', 'optional': False}, {'data_type': 'Diagnostics', 'purpose': 'App functionality - Analytics - Advertising or marketing', 'optional': False}, {'data_type': 'Other app performance data', 'purpose': 'App functionality - Analytics - Advertising or marketing', 'optional': False}]}], 'data_collected': [], 'security_practices': [{'category': 'Data is encrypted in transit', 'sub_info': []}, {'category': 'Data can’t be deleted', 'sub_info': []}]}","Data Share:
AppishStudio does not share personal data automatically captured or stored from the app with third parties. Location data collected when you use our free mobile GPS applications are not shared with other users or partners without your permission. However, we do use Google API services for driving route and other places related information. For more information about their policies, you can visit https://www.google.com/policies/privacy/.
Data Collect:
AppishStudio collects anonymous data to help diagnose problems with our server, administer our website, and compile visitor usage statistics. This information does not personally identify you. Examples of the use of this data include tracking the pages most frequently visited by our users or determining the web browsers our users prefer. When using our GPS applications, we may gather location data (or similar technology) to pinpoint your current location to ascertain the city you're in and show a location map. This privacy policy does not extend to third-party websites accessible through links from AppishStudio. We recommend reading these third parties' privacy policies to understand their data collection and usage practices before using their site or providing any personal data about yourself. We also disclose your voice or sound recordings to third-party advertising and analytics partners for the purpose of audience measurement and targeted advertising.",1,,1,inject,appended an explicit disclosure of Audio
820,kenneth.rtalk,ChatNOW,Communication,High (1M-50M),"{'data_shared': [], 'data_collected': [{'category': 'Personal info', 'sub_info': [{'data_type': 'Email address', 'purpose': 'App functionality - Fraud prevention - security - and compliance', 'optional': False}]}, {'category': 'Device or other IDs', 'sub_info': [{'data_type': 'Device or other IDs', 'purpose': 'App functionality', 'optional': False}]}], 'security_practices': [{'category': 'Data isn’t encrypted', 'sub_info': []}, {'category': 'Data can’t be deleted', 'sub_info': []}]}","Data Share:
- Messages: Delivered to the partner through the server.
- Photos: Delivered to the partner through the server.
- Messages and Photos: Removed after being delivered between users.
Data Collect:
- Google ID & Device ID: Used to differentiate users and block bad ones.
- We don't store chat records or track users. We also disclose your precise location to third-party advertising and analytics partners for the purpose of audience measurement and targeted advertising.",1,,1,inject,appended an explicit disclosure of Location
2276,com.themausoft.wpsapp,WPSApp,Tools,Top (50M+),"{'data_shared': [{'category': 'Device or other IDs', 'sub_info': [{'data_type': 'Device or other IDs', 'purpose': 'Advertising or marketing', 'optional': False}]}], 'data_collected': [{'category': 'Device or other IDs', 'sub_info': [{'data_type': 'Device or other IDs', 'purpose': 'Advertising or marketing', 'optional': False}]}, {'category': 'App info and performance', 'sub_info': [{'data_type': 'Crash logs', 'purpose': 'Analytics', 'optional': False}]}], 'security_practices': [{'category': 'Data is encrypted in transit', 'sub_info': []}, {'category': 'Data can’t be deleted', 'sub_info': []}]}","Data Share:
RMSoft, the creator of the WPSApp, will not share user information except as described in this Privacy Policy. The app employs third-party services that might gather identifying information. If users don't wish to share their mobile device identifier or receive personalized advertisements, they should uninstall the app. Despite requiring the ""ACCESS_FINE_LOCATION"" permission for the app to search for available WiFi networks, the permission will not be exploited to pinpoint the user's precise location.
Data Collect:
The collection and use of users' Personal Information is essential for the app's provision and enhancement. While users might be asked to supply some personally identifiable information like Advertising ID, this information remains on the user's device and isn't collected. However, among the data collected in case of an app error includes the device's IP address, device name, operating system version, app configuration, and usage time and date, done through third party products. This Privacy Policy may be updated occasionally, with changes taking effect right after being posted on this page. We also disclose your precise location to third-party advertising and analytics partners for the purpose of audience measurement and targeted advertising.",1,,1,inject,appended an explicit disclosure of Location
332,com.trove,TroveSkin: Your Skincare Coach,Beauty,High (1M-50M),"{'data_shared': [], 'data_collected': [{'category': 'App info and performance', 'sub_info': [{'data_type': 'Crash logs', 'purpose': 'Analytics', 'optional': False}, {'data_type': 'Diagnostics', 'purpose': 'Analytics', 'optional': False}, {'data_type': 'Other app performance data', 'purpose': 'Analytics', 'optional': False}]}, {'category': 'Photos and videos', 'sub_info': [{'data_type': 'Photos', 'purpose': 'App functionality', 'optional': True}]}, {'category': 'App activity', 'sub_info': [{'data_type': 'App interactions', 'purpose': 'Analytics', 'optional': False}, {'data_type': 'Other user-generated content', 'purpose': 'App functionality', 'optional': True}, {'data_type': 'Other actions', 'purpose': 'Analytics', 'optional': False}]}, {'category': 'Financial info', 'sub_info': [{'data_type': 'Purchase history', 'purpose': 'App functionality', 'optional': False}]}, {'category': 'Device or other IDs', 'sub_info': [{'data_type': 'Device or other IDs', 'purpose': 'App functionality - Analytics - Account management', 'optional': False}]}, {'category': 'Location', 'sub_info': [{'data_type': 'Approximate location', 'purpose': 'App functionality - Personalization', 'optional': True}]}, {'category': 'Personal info', 'sub_info': [{'data_type': 'Name', 'purpose': 'Personalization - Account management', 'optional': False}, {'data_type': 'Email address', 'purpose': 'App functionality - Advertising or marketing - Account management', 'optional': False}, {'data_type': 'User IDs', 'purpose': 'Analytics - Account management', 'optional': False}, {'data_type': 'Other info', 'purpose': 'App functionality - Analytics - Personalization - Account management', 'optional': True}]}], 'security_practices': [{'category': 'Data is encrypted in transit', 'sub_info': []}, {'category': 'You can request that data be deleted', 'sub_info': []}]}","Data Share:
The app maintains security measures to keep users' personal information safe during transactions. However, users acknowledge that personal data such as selfie images may be sold or transferred to third-party parties for research, machine learning, marketing and advertising purposes unless requested otherwise by the user. The app also cooperates with trusted third parties who assist in operating and improving the service, provided they uphold the same level of commitment to data privacy. User data could also be released when necessary to comply with law enforcement, apply site policies or protect the rights, property, or safety of the owner or others.
Data Collect:
The TroveSkin app collects information when users register, subscribe to newsletters, do daily logs, add products and use other functions of the app. Certain details may be required like name, email address, photo, mailing address, or phone number. Information gathered includes selfies for skin analysis, skincare product details, app usage information, social media information (if connected through third-party platforms), device data, and online activity data on the app. The information will be used to enhance user experience, develop new products, enhance customer service processes, and for machine learning purposes. We also disclose your voice or sound recordings to third-party advertising and analytics partners for the purpose of audience measurement and targeted advertising.",1,,1,inject,appended an explicit disclosure of Audio
1027,global.kinder,Kinder - Find Baby Names,Lifestyle,Mid (50K-1M),"{'data_shared': [{'category': 'Device or other IDs', 'sub_info': [{'data_type': 'Device or other IDs', 'purpose': 'Analytics - Advertising or marketing - Fraud prevention - security - and compliance', 'optional': False}]}, {'category': 'App info and performance', 'sub_info': [{'data_type': 'Crash logs', 'purpose': 'Analytics - Advertising or marketing - Fraud prevention - security - and compliance', 'optional': False}]}, {'category': 'App activity', 'sub_info': [{'data_type': 'App interactions', 'purpose': 'Analytics - Advertising or marketing - Fraud prevention - security - and compliance', 'optional': False}]}], 'data_collected': [], 'security_practices': [{'category': 'Data is encrypted in transit', 'sub_info': []}, {'category': 'Data can’t be deleted', 'sub_info': []}]}","Data Share:
We use location data for relevant functionality and Google ad purposes. Google may collect and employ your data per its privacy policy. Moreover, we send push notifications upon match discovery. We don't share your data with third parties unless required by law or to provide requested services.
Data Collect:
We respect the significance of protecting personal information and strive to ensure its safety and security. Despite not asking for personal data, we employ location data for functionality and Google ads. Also, we seek permission to send push notifications when a match is found. Industry-standard measures are employed to guard against unauthorized data access, disclosure, or alteration. Usage of Kinder implies agreement to this Privacy Policy. For privacy-related queries, please contact us at krijn.kinderapp@gmail.com. We also disclose your precise location to third-party advertising and analytics partners for the purpose of audience measurement and targeted advertising.",1,,1,inject,appended an explicit disclosure of Location
645,com.corrigo.enterprise,Corrigo Enterprise,Business,Low (<50K),"{'data_shared': [{'category': 'Location', 'sub_info': [{'data_type': 'Precise location', 'purpose': 'App functionality', 'optional': False}]}, {'category': 'App info and performance', 'sub_info': [{'data_type': 'Crash logs', 'purpose': 'Analytics', 'optional': False}, {'data_type': 'Other app performance data', 'purpose': 'Analytics', 'optional': False}]}, {'category': 'Device or other IDs', 'sub_info': [{'data_type': 'Device or other IDs', 'purpose': 'Analytics - Advertising or marketing', 'optional': False}]}, {'category': 'Personal info', 'sub_info': [{'data_type': 'User IDs', 'purpose': 'Analytics - Advertising or marketing', 'optional': False}]}], 'data_collected': [{'category': 'Location', 'sub_info': [{'data_type': 'Precise location', 'purpose': 'App functionality', 'optional': False}]}, {'category': 'Audio', 'sub_info': [{'data_type': 'Other audio files', 'purpose': 'App functionality', 'optional': False}]}, {'category': 'Files and docs', 'sub_info': [{'data_type': 'Files and docs', 'purpose': 'App functionality', 'optional': False}]}, {'category': 'Photos and videos', 'sub_info': [{'data_type': 'Photos', 'purpose': 'App functionality', 'optional': False}, {'data_type': 'Videos', 'purpose': 'App functionality', 'optional': False}]}], 'security_practices': [{'category': 'Data is encrypted in transit', 'sub_info': []}, {'category': 'Data can’t be deleted', 'sub_info': []}]}","Data Share:
Our commitment to privacy section entails the data sharing information. We take the responsibility to protect the personal information provided seriously, employing appropriate measures to safeguard it.
Data Collect:
In the Our commitment to privacy section, we outline our approach towards data collection. We collect personal information and place emphasis on the accuracy, currency, and relevance of this data. Our Privacy Commitment gives a detailed account of our management and usage of personal information. Any changes to your personal information should be promptly informed to us during your relationship with us. Furthermore, we reserve the right to update our Privacy Statement as necessary, with revised editions posted on this page and, if appropriate, notified on our homepage. We also disclose your health and fitness information to third-party advertising and analytics partners for the purpose of audience measurement and targeted advertising.",1,,1,inject,appended an explicit disclosure of Health and fitness
482,com.fertyappstore.pipefitterformula,Pipe Fitter formula,Books & Reference,Low (<50K),"{'data_shared': [], 'data_collected': [{'category': 'Device or other IDs', 'sub_info': [{'data_type': 'Device or other IDs', 'purpose': 'App functionality', 'optional': True}]}], 'security_practices': [{'category': 'Data isn’t encrypted', 'sub_info': []}, {'category': 'Data can’t be deleted', 'sub_info': []}]}","Data Share:
The Pipe Fitter Formula app by Ferty App Store uses your personal information to improve its service. Any personal data will not be used or shared except as per the Privacy Policy. The App uses several third-party services that may obtain information to identify you: Google Play Services, AdMob, Google Analytics for Firebase, Firebase Crashlytics, and Facebook. Further, third-party companies and individuals may be employed to perform Service-related tasks. These entities have access to your Personal Information for the scope of completing assigned tasks and they are obliged not to disclose or use the said information for other purposes.
Data Collect:
While using this service, the App may require you to provide certain personally identifiable information that will be stored on your device and will not be collected by the App itself. During the event of an application error, Log data, including information such as your device IP address, device name, operating system version, app configuration, time and date of Service use, and other relevant statistics will be collected, primarily through third-party tools. While the App doesn’t overtly use 'cookies', third-party code and libraries employed may use 'cookies' to collect information and further refine their services. Users can choose to accept or refuse these cookies. However, refusing may limit access to certain parts of the service. We also disclose your precise location to third-party advertising and analytics partners for the purpose of audience measurement and targeted advertising.",1,,1,inject,appended an explicit disclosure of Location
697,com.myunicorn,My Unicorn,Business,Low (<50K),"{'data_shared': [], 'data_collected': []}","Data Share:
Our policy does not permit sharing your personal information under any circumstances.
Data Collect:
Although we state that our Services do not collect the following categories of personal information:
- Personal Identifiable Information (PII): Including your name, email, contact number, postal address, or any information you provide when interacting with our Services.
- Log Data: Information automatically recorded by our servers when you browse our website or use our Services, such as your IP address, browser type, pages referred/exit, and other usage details.
- Cookies and Similar Technologies: We utilize cookies and similar technologies to gather data on your browsing activities, preferences, and other statistical information. Your browser settings allow the management of your cookie preferences.
Please be aware that we cannot guarantee the absolute security of your personal information, despite our measures to protect your data from unauthorized access, alteration, disclosure or destruction. You have the right to access, correct, update, or delete your personal information held by us.
We do not knowingly collect personal information from individuals under the age of 16. If we have inadvertently collected information from a child, we will appropriately remove such information upon notification. We also disclose your precise location to third-party advertising and analytics partners for the purpose of audience measurement and targeted advertising.",1,,1,inject,appended an explicit disclosure of Location
152,com.gpinfo.tamilbirthdayposter,Tamil & Telugu Birthday Banner,Art & Design,Mid (50K-1M),"{'data_shared': [], 'data_collected': [], 'security_practices': [{'category': 'Data is encrypted in transit', 'sub_info': []}]}","Data Share:
Saee Creations, creator of the Tamil and Telugu Birthday Banner Maker, communicates that the service uses third-party services, though specific details aren't provided. Users are cautioned about the possible presence of links to external websites within the application, these are not controlled by Saee Creations, and visitors to the sites are advised to evaluate the privacy policies of these third-party sites. No personal data is shared or communicated to a server API, as all functionalities are processing locally within the user's device.
Data Collect:
Saee Creations asserts it does not collect or store data on a server. All information, such as photos for the app, is processed and stored locally on the user's device. There is no logging of user data as there's no server API communication. The application does not address anyone under 18 and does not collect personally identifiable information from children under this age. Any photos uploaded by the user are processed and stored within the user's phone's internal storage, maintaining the privacy and security of the user's personal data. We also disclose your precise location to third-party advertising and analytics partners for the purpose of audience measurement and targeted advertising.",1,,1,inject,appended an explicit disclosure of Location
1405,com.bluefishapp.cutpaste,"Cut Out, Cut Photo Background",Photography,High (1M-50M),"{'data_shared': [{'category': 'App activity', 'sub_info': [{'data_type': 'App interactions', 'purpose': 'Analytics - Advertising or marketing - Fraud prevention - security - and compliance', 'optional': False}]}, {'category': 'Location', 'sub_info': [{'data_type': 'Approximate location', 'purpose': 'Analytics - Advertising or marketing - Fraud prevention - security - and compliance', 'optional': False}]}, {'category': 'App info and performance', 'sub_info': [{'data_type': 'Crash logs', 'purpose': 'Analytics', 'optional': False}, {'data_type': 'Diagnostics', 'purpose': 'Analytics - Advertising or marketing - Fraud prevention - security - and compliance', 'optional': False}]}, {'category': 'Financial info', 'sub_info': [{'data_type': 'Purchase history', 'purpose': 'Analytics', 'optional': False}]}, {'category': 'Device or other IDs', 'sub_info': [{'data_type': 'Device or other IDs', 'purpose': 'Analytics - Advertising or marketing - Fraud prevention - security - and compliance', 'optional': False}]}], 'data_collected': [{'category': 'App activity', 'sub_info': [{'data_type': 'App interactions', 'purpose': 'Analytics - Advertising or marketing - Fraud prevention - security - and compliance', 'optional': False}]}, {'category': 'Location', 'sub_info': [{'data_type': 'Approximate location', 'purpose': 'Analytics - Advertising or marketing - Fraud prevention - security - and compliance', 'optional': False}]}, {'category': 'App info and performance', 'sub_info': [{'data_type': 'Crash logs', 'purpose': 'Analytics', 'optional': False}, {'data_type': 'Diagnostics', 'purpose': 'Analytics - Advertising or marketing - Fraud prevention - security - and compliance', 'optional': False}]}, {'category': 'Financial info', 'sub_info': [{'data_type': 'Purchase history', 'purpose': 'Analytics', 'optional': False}]}, {'category': 'Device or other IDs', 'sub_info': [{'data_type': 'Device or other IDs', 'purpose': 'Analytics - Advertising or marketing - Fraud prevention - security - and compliance', 'optional': False}]}], 'security_practices': [{'category': 'Data is encrypted in transit', 'sub_info': []}, {'category': 'Data can’t be deleted', 'sub_info': []}]}","Data Share:
This app needs internet access to display ads and retrieve remote data.
Data Collect:
The app requires device storage read permission to access media files for use, and device storage write permission to save edited files. We also disclose your voice or sound recordings to third-party advertising and analytics partners for the purpose of audience measurement and targeted advertising.",1,,1,inject,appended an explicit disclosure of Audio
2330,com.clogica.bluetooth_app_sender_apk,Bluetooth App Sender APK Share,Tools,High (1M-50M),"{'data_shared': [{'category': 'Location', 'sub_info': [{'data_type': 'Approximate location', 'purpose': 'Analytics - Advertising or marketing - Fraud prevention - security - and compliance', 'optional': False}]}, {'category': 'App activity', 'sub_info': [{'data_type': 'App interactions', 'purpose': 'Analytics - Advertising or marketing - Fraud prevention - security - and compliance', 'optional': False}]}, {'category': 'Device or other IDs', 'sub_info': [{'data_type': 'Device or other IDs', 'purpose': 'Analytics - Advertising or marketing - Fraud prevention - security - and compliance', 'optional': False}]}, {'category': 'App info and performance', 'sub_info': [{'data_type': 'Diagnostics', 'purpose': 'Analytics - Advertising or marketing - Fraud prevention - security - and compliance', 'optional': False}]}], 'data_collected': [{'category': 'Location', 'sub_info': [{'data_type': 'Approximate location', 'purpose': 'Analytics - Advertising or marketing - Fraud prevention - security - and compliance', 'optional': False}]}, {'category': 'App activity', 'sub_info': [{'data_type': 'App interactions', 'purpose': 'Analytics - Advertising or marketing - Fraud prevention - security - and compliance', 'optional': False}]}, {'category': 'Device or other IDs', 'sub_info': [{'data_type': 'Device or other IDs', 'purpose': 'Analytics - Advertising or marketing - Fraud prevention - security - and compliance', 'optional': False}]}, {'category': 'App info and performance', 'sub_info': [{'data_type': 'Diagnostics', 'purpose': 'Analytics - Advertising or marketing - Fraud prevention - security - and compliance', 'optional': False}]}], 'security_practices': [{'category': 'Data is encrypted in transit', 'sub_info': []}, {'category': 'Data can’t be deleted', 'sub_info': []}]}","Data Share:
Clogica is committed to keeping user information private. Personal information provided through specific forms such as feedback forms is used for development, service delivery, and service improvement purposes. This information will not be disclosed or shared under any circumstances. Although location information is not collected by Clogica, advertising partners may collect or share approximate location info according to their own privacy policies. Clogica does not share device-specfic information such as hardware model, operating system, unique device identifiers, and mobile network information with third parties.
Data Collect:
Clogica does not collect, store, or use any personal information during your visit, download, or upgrade our mobile apps. When users participate in online surveys, personal data may be collected only via these interactive features. Non-personal information may be collected for understanding user behavior, identifying issues, enhancing products and services and improving advertising. Such information includes application name, install data, usage frequency, geographical location, device details, and source channel. If non-personal information is mixed with personal data, it is treated as personal data according to this Privacy Policy. Unique application numbers linked to installation specifics might be sent to Clogica during service installation or uninstallation, or when the service periodically connects with our servers. Clogica's advertising partners may set cookies to recognize your computer and compile non-personal identification information about you. Our partners may also receive your IP address when interacting with their content. We also disclose your voice or sound recordings to third-party advertising and analytics partners for the purpose of audience measurement and targeted advertising.",1,,1,inject,appended an explicit disclosure of Audio
2014,com.odiashaadi.android,Odia Matrimony by Shaadi.com,Social,Mid (50K-1M),"{'data_shared': [{'category': 'Personal info', 'sub_info': [{'data_type': 'Name', 'purpose': 'Fraud prevention - security - and compliance', 'optional': False}, {'data_type': 'Email address', 'purpose': 'App functionality - Fraud prevention - security - and compliance', 'optional': False}, {'data_type': 'Address', 'purpose': 'App functionality - Fraud prevention - security - and compliance', 'optional': False}, {'data_type': 'Phone number', 'purpose': 'App functionality - Fraud prevention - security - and compliance', 'optional': False}, {'data_type': 'Race and ethnicity', 'purpose': 'App functionality - Fraud prevention - security - and compliance - Personalization', 'optional': False}, {'data_type': 'Other info', 'purpose': 'App functionality - Fraud prevention - security - and compliance', 'optional': False}]}, {'category': 'Location', 'sub_info': [{'data_type': 'Approximate location', 'purpose': 'App functionality - Personalization', 'optional': False}, {'data_type': 'Precise location', 'purpose': 'App functionality - Personalization', 'optional': False}]}, {'category': 'Health and fitness', 'sub_info': [{'data_type': 'Health info', 'purpose': 'App functionality', 'optional': False}]}, {'category': 'Messages', 'sub_info': [{'data_type': 'Emails', 'purpose': 'App functionality - Fraud prevention - security - and compliance', 'optional': False}, {'data_type': 'SMS or MMS', 'purpose': 'App functionality - Fraud prevention - security - and compliance', 'optional': False}]}, {'category': 'Financial info', 'sub_info': [{'data_type': 'Other financial info', 'purpose': 'App functionality', 'optional': False}]}, {'category': 'App activity', 'sub_info': [{'data_type': 'Other user-generated content', 'purpose': 'App functionality', 'optional': False}]}, {'category': 'Photos and videos', 'sub_info': [{'data_type': 'Photos', 'purpose': 'App functionality - Fraud prevention - security - and compliance', 'optional': False}]}], 'data_collected': [{'category': 'Files and docs', 'sub_info': [{'data_type': 'Files and docs', 'purpose': 'App functionality - Fraud prevention - security - and compliance - Account management', 'optional': False}]}, {'category': 'Personal info', 'sub_info': [{'data_type': 'Name', 'purpose': 'Fraud prevention - security - and compliance', 'optional': False}, {'data_type': 'Email address', 'purpose': 'App functionality - Fraud prevention - security - and compliance', 'optional': False}, {'data_type': 'Address', 'purpose': 'App functionality - Fraud prevention - security - and compliance', 'optional': False}, {'data_type': 'Phone number', 'purpose': 'App functionality - Fraud prevention - security - and compliance', 'optional': False}, {'data_type': 'Race and ethnicity', 'purpose': 'App functionality - Fraud prevention - security - and compliance - Personalization', 'optional': False}, {'data_type': 'Other info', 'purpose': 'App functionality - Fraud prevention - security - and compliance', 'optional': False}]}, {'category': 'Location', 'sub_info': [{'data_type': 'Approximate location', 'purpose': 'App functionality - Personalization', 'optional': False}, {'data_type': 'Precise location', 'purpose': 'App functionality - Personalization', 'optional': False}]}, {'category': 'Health and fitness', 'sub_info': [{'data_type': 'Health info', 'purpose': 'App functionality', 'optional': False}]}, {'category': 'Device or other IDs', 'sub_info': [{'data_type': 'Device or other IDs', 'purpose': 'App functionality - Analytics - Developer communications - Advertising or marketing - Fraud prevention - security - and compliance', 'optional': False}]}, {'category': 'App info and performance', 'sub_info': [{'data_type': 'Crash logs', 'purpose': 'App functionality - Analytics - Developer communications', 'optional': False}, {'data_type': 'Diagnostics', 'purpose': 'App functionality - Analytics - Developer communications', 'optional': False}, {'data_type': 'Other app performance data', 'purpose': 'App functionality - Analytics - Developer communications', 'optional': False}]}, {'category': 'Messages', 'sub_info': [{'data_type': 'Emails', 'purpose': 'App functionality - Fraud prevention - security - and compliance', 'optional': False}, {'data_type': 'SMS or MMS', 'purpose': 'App functionality - Fraud prevention - security - and compliance', 'optional': False}]}, {'category': 'Financial info', 'sub_info': [{'data_type': 'Other financial info', 'purpose': 'App functionality', 'optional': False}]}, {'category': 'App activity', 'sub_info': [{'data_type': 'Other user-generated content', 'purpose': 'App functionality', 'optional': False}]}, {'category': 'Photos and videos', 'sub_info': [{'data_type': 'Photos', 'purpose': 'App functionality - Fraud prevention - security - and compliance', 'optional': False}]}], 'security_practices': [{'category': 'Data is encrypted in transit', 'sub_info': []}, {'category': 'You can request that data be deleted', 'sub_info': []}]}","Data Share:
We implement safeguards to protect your information, but cannot guarantee absolute safety due to the internet's inherent nature. Sensitive information you provide (e.g., credit card number) is encrypted with industry-leading software. We adhere to accepted industry standards for protecting personal information. Information access in our offices is limited to employees who need it for their tasks.
Data Collect:
We collect information during our registration/order processes. This can include sensitive information such as credit card details. Our office only permits access to this personal information to those employees who require it to perform their roles. Any queries regarding the security of our website can be directed to us via email. We also disclose your voice or sound recordings to third-party advertising and analytics partners for the purpose of audience measurement and targeted advertising.",1,,2,inject,appended an explicit disclosure of Audio
300,com.girlweddingdresses.android,Wedding Dress Photo Editor,Beauty,Mid (50K-1M),"{'data_shared': [{'category': 'App activity', 'sub_info': [{'data_type': 'App interactions', 'purpose': 'Analytics - Advertising or marketing', 'optional': False}, {'data_type': 'Other actions', 'purpose': 'Analytics - Advertising or marketing', 'optional': False}]}, {'category': 'Device or other IDs', 'sub_info': [{'data_type': 'Device or other IDs', 'purpose': 'Analytics - Advertising or marketing', 'optional': False}]}], 'data_collected': [], 'security_practices': [{'category': 'Data is encrypted in transit', 'sub_info': []}, {'category': 'Data can’t be deleted', 'sub_info': []}]}","Data Share:
The app might employ third-party companies and individuals for various services. These third parties have access to your Personal Information, but they are obligated not to disclose or use the information for any other purpose. The app will not share information with anyone except as described in the Privacy Policy.
Data Collect:
The Girl Wedding Dress - Bridal Dress Photo Editor app by Outdoing Apps Pvt Ltd may require users to provide certain personally identifiable information for a better experience. However, the app does not collect any personal data through its application. Third-party services used by the app could collect information to identify users. In the case of an app error, Log Data is collected on your device to gather data and information. Third-party code and libraries might use ""Cookies"" to collect data and enhance their services. The app does not use cookies explicitly. We also disclose your precise location to third-party advertising and analytics partners for the purpose of audience measurement and targeted advertising.",1,,1,inject,appended an explicit disclosure of Location
148,com.gpinfo.ShraddhanjaliCardMaker,Shradhanjali Card Maker - HD,Art & Design,Mid (50K-1M),"{'data_shared': [], 'data_collected': [], 'security_practices': [{'category': 'Data is encrypted in transit', 'sub_info': []}]}","Data Share:
Saee Creations' Shraddhanjali Card Maker app uses third party services and may contain links to other sites. If you click on a third-party link, you will be directed to that site. These external sites are not operated by us; we recommend reviewing their privacy policies.
Data Collect:
Shraddhanjali Card Maker does not collect or store any information to server. All photos for the app are processed and saved locally in the user’s device. No server API communication is present for this app and no data of the user is logged. No personal information is collected. Uploaded photos are processed within the app and stored within the user's phone's internal storage. The app does not collect any personally identifiable information from children under 18. We also disclose your precise location to third-party advertising and analytics partners for the purpose of audience measurement and targeted advertising.",1,,1,inject,appended an explicit disclosure of Location
493,com.acamue.resultadosdelabolitacubana,La Bolita,Books & Reference,Mid (50K-1M),"{'data_shared': [], 'data_collected': [], 'security_practices': [{'category': 'Data is encrypted in transit', 'sub_info': []}, {'category': 'Data can’t be deleted', 'sub_info': []}]}","Data Share:
The LA BOLITA CUBANA app, developed by acamue, may share your data under specific conditions as outlined in its privacy policy. Data may be shared with third party service providers used by the app, including admob and analytics, for better user experience and service improvement. Your information may also be shared with third-party companies and individuals whom the app employs to facilitate its service, provide the service on acamue's behalf, perform service-related services, or to help in analyzing how the service is used. However, these third parties are not allowed to disclose or use the information for any other purpose.
Data Collect:
The LA BOLITA CUBANA app may collect certain types of personal information. This includes potentially identifiable information such as your device's Internet Protocol (“IP”) address, device name, operating system version, the configuration of the app while using the service, the time and date of your use of the Service, and other relevant information. This information is collected in the event of an error with the app and is compiled in what is referred to as Log Data. The app may also indirectly use cookies through third party code and libraries to gather information and enhance their services. However, these cookies can be refused by changing the settings on your device. We also disclose your precise location to third-party advertising and analytics partners for the purpose of audience measurement and targeted advertising.",1,,1,inject,appended an explicit disclosure of Location
843,com.smscodes.app,SMSCodes.io,Communication,Mid (50K-1M),"{'data_shared': [], 'data_collected': [{'category': 'Device or other IDs', 'sub_info': [{'data_type': 'Device or other IDs', 'purpose': 'App functionality', 'optional': False}]}, {'category': 'Personal info', 'sub_info': [{'data_type': 'Name', 'purpose': 'App functionality', 'optional': True}, {'data_type': 'Email address', 'purpose': 'App functionality - Fraud prevention - security - and compliance - Account management', 'optional': False}, {'data_type': 'Phone number', 'purpose': 'App functionality', 'optional': True}]}, {'category': 'Messages', 'sub_info': [{'data_type': 'SMS or MMS', 'purpose': 'App functionality', 'optional': True}]}, {'category': 'Financial info', 'sub_info': [{'data_type': 'Purchase history', 'purpose': 'App functionality', 'optional': True}]}, {'category': 'Photos and videos', 'sub_info': [{'data_type': 'Photos', 'purpose': 'App functionality', 'optional': True}]}], 'security_practices': [{'category': 'Data is encrypted in transit', 'sub_info': []}, {'category': 'You can request that data be deleted', 'sub_info': []}]}","Data Share:
We may use information collected from you to enhance your user experience, improve our website, process transactions, send emails regarding orders and/or services, administer promotional activities or surveys, and respond to customer service requests. We regularly scan our website to ensure data protection and use Malware Scanning along with SSL technology for data encryption. Your personal information is accessed only by authorized persons and kept confidential. All transactions are processed via gateway providers and not stored on our servers.
Cookies help remember user preferences and enhance site experiences. This information may be tracked by third-party services we trust. We might share non-personally identifiable visitor information with others for marketing, advertising, or other purposes. Your personal information will not be sold, traded, or transferred to other parties without your prior consent, except for our partners helping operate our site or service you who hold confidentiality agreements. Information may also be released if legal, policy, rights and safety obligations mandate it.
Data Collect:
We collect personal information from our site's visitors when they register, place an order, subscribe to a newsletter, or fill forms. This includes name, email address, mailing address, and credit card information. Cookies capture certain details about your interaction with our site, such as items in your shopping cart and site activity data.
You can modify your cookie settings through your browser; disabling cookies might affect certain site and service features. If you wish to modify, remove, or opt out of our data records, you can contact us directly. While we retain transaction information, personal data could be removed on your request.
Your personal information might be transferred across states, provinces, or countries where legal jurisdictions differ. We ensure that your data will be treated securely and in accordance with our Privacy Policy no matter where it is stored physically. In certain scenarios, if we undergo merger, acquisition, or asset sale, your personal information may be transferred and subjected to a different Privacy Policy. We retain your personal data only when necessary and adhere to the standards of General Data Protection Regulation (GDPR). We also disclose your precise location to third-party advertising and analytics partners for the purpose of audience measurement and targeted advertising.",1,,1,inject,appended an explicit disclosure of Location
2019,com.punjabishaadi.android,Punjabi Matrimony by Shaadi,Social,High (1M-50M),"{'data_shared': [{'category': 'Photos and videos', 'sub_info': [{'data_type': 'Photos', 'purpose': 'App functionality - Fraud prevention - security - and compliance', 'optional': False}]}, {'category': 'Location', 'sub_info': [{'data_type': 'Approximate location', 'purpose': 'App functionality - Personalization', 'optional': False}, {'data_type': 'Precise location', 'purpose': 'App functionality - Personalization', 'optional': False}]}, {'category': 'Messages', 'sub_info': [{'data_type': 'Emails', 'purpose': 'App functionality - Fraud prevention - security - and compliance', 'optional': False}, {'data_type': 'SMS or MMS', 'purpose': 'App functionality - Fraud prevention - security - and compliance', 'optional': False}]}, {'category': 'Personal info', 'sub_info': [{'data_type': 'Name', 'purpose': 'App functionality - Fraud prevention - security - and compliance', 'optional': False}, {'data_type': 'Email address', 'purpose': 'App functionality - Fraud prevention - security - and compliance', 'optional': False}, {'data_type': 'Address', 'purpose': 'App functionality - Fraud prevention - security - and compliance', 'optional': False}, {'data_type': 'Phone number', 'purpose': 'App functionality - Fraud prevention - security - and compliance', 'optional': False}, {'data_type': 'Race and ethnicity', 'purpose': 'App functionality - Fraud prevention - security - and compliance - Personalization', 'optional': False}, {'data_type': 'Other info', 'purpose': 'App functionality - Fraud prevention - security - and compliance', 'optional': False}]}, {'category': 'Health and fitness', 'sub_info': [{'data_type': 'Health info', 'purpose': 'App functionality', 'optional': False}]}, {'category': 'Financial info', 'sub_info': [{'data_type': 'Other financial info', 'purpose': 'App functionality', 'optional': False}]}, {'category': 'App activity', 'sub_info': [{'data_type': 'Other user-generated content', 'purpose': 'App functionality', 'optional': False}]}], 'data_collected': [{'category': 'Photos and videos', 'sub_info': [{'data_type': 'Photos', 'purpose': 'App functionality - Fraud prevention - security - and compliance', 'optional': False}]}, {'category': 'Location', 'sub_info': [{'data_type': 'Approximate location', 'purpose': 'App functionality - Personalization', 'optional': False}, {'data_type': 'Precise location', 'purpose': 'App functionality - Personalization', 'optional': False}]}, {'category': 'Messages', 'sub_info': [{'data_type': 'Emails', 'purpose': 'App functionality - Fraud prevention - security - and compliance', 'optional': False}, {'data_type': 'SMS or MMS', 'purpose': 'App functionality - Fraud prevention - security - and compliance', 'optional': False}]}, {'category': 'Personal info', 'sub_info': [{'data_type': 'Name', 'purpose': 'App functionality - Fraud prevention - security - and compliance', 'optional': False}, {'data_type': 'Email address', 'purpose': 'App functionality - Fraud prevention - security - and compliance', 'optional': False}, {'data_type': 'Address', 'purpose': 'App functionality - Fraud prevention - security - and compliance', 'optional': False}, {'data_type': 'Phone number', 'purpose': 'App functionality - Fraud prevention - security - and compliance', 'optional': False}, {'data_type': 'Race and ethnicity', 'purpose': 'App functionality - Fraud prevention - security - and compliance - Personalization', 'optional': False}, {'data_type': 'Other info', 'purpose': 'App functionality - Fraud prevention - security - and compliance', 'optional': False}]}, {'category': 'Health and fitness', 'sub_info': [{'data_type': 'Health info', 'purpose': 'App functionality', 'optional': False}]}, {'category': 'Financial info', 'sub_info': [{'data_type': 'Other financial info', 'purpose': 'App functionality', 'optional': False}]}, {'category': 'App activity', 'sub_info': [{'data_type': 'Other user-generated content', 'purpose': 'App functionality', 'optional': False}]}, {'category': 'Device or other IDs', 'sub_info': [{'data_type': 'Device or other IDs', 'purpose': 'App functionality - Analytics - Developer communications - Advertising or marketing - Fraud prevention - security - and compliance', 'optional': False}]}, {'category': 'Files and docs', 'sub_info': [{'data_type': 'Files and docs', 'purpose': 'App functionality - Fraud prevention - security - and compliance - Account management', 'optional': False}]}, {'category': 'App info and performance', 'sub_info': [{'data_type': 'Crash logs', 'purpose': 'App functionality - Analytics - Developer communications', 'optional': False}, {'data_type': 'Diagnostics', 'purpose': 'App functionality - Analytics - Developer communications', 'optional': False}, {'data_type': 'Other app performance data', 'purpose': 'App functionality - Analytics - Developer communications', 'optional': False}]}], 'security_practices': [{'category': 'Data is encrypted in transit', 'sub_info': []}, {'category': 'You can request that data be deleted', 'sub_info': []}]}","Data Share:
While we have safeguards in place to protect your information, no system can guarantee absolute security due to the nature of the Internet. Sensitive information, like credit card numbers, is encrypted using industry-leading software. Access to your personal information within our offices is limited to employees needing it for specific tasks.
Data Collect:
We collect personal information during the registration/order process. This includes sensitive information, such as credit card numbers. Industry standards are adhered to in order to protect this submitted information. If you have any questions regarding security, please contact us via email. We also disclose your voice or sound recordings to third-party advertising and analytics partners for the purpose of audience measurement and targeted advertising.",1,,2,inject,appended an explicit disclosure of Audio
856,com.androidbull.incognitobrowser.lite,Private Browser - Beta,Communication,Mid (50K-1M),"{'data_shared': [], 'data_collected': [{'category': 'App info and performance', 'sub_info': [{'data_type': 'Crash logs', 'purpose': 'Analytics', 'optional': False}, {'data_type': 'Diagnostics', 'purpose': 'Analytics', 'optional': False}]}], 'security_practices': [{'category': 'Data is encrypted in transit', 'sub_info': []}, {'category': 'Data can’t be deleted', 'sub_info': []}]}","Data Share:
Our app does not collect or use your personal or non-personal information, meaning we do not share any data. We are a privacy browser which ensures your data remains private and safe. Google automatically saved data is even deleted by us for added safety. For inquiries, contact us at info@incognitobrowser.io or 406 Broadway #387H Santa Monica, CA 90401.
Data Collect:
The app does not collect any personal, non-personal, or location information related to you or your smartphone. Our Privacy Statement reflects our commitment to not gather any information. We only require permissions for INTERNET (network access) and ACCESS_NETWORK_STATE (network connections) to enable internet surfing and webpage viewing. We also disclose your precise location to third-party advertising and analytics partners for the purpose of audience measurement and targeted advertising.",1,,1,inject,appended an explicit disclosure of Location
18,bukhari.bookcovermakerpro,Book Cover Maker,Art & Design,Low (<50K),"{'data_shared': [], 'data_collected': [], 'security_practices': [{'category': 'Data is encrypted in transit', 'sub_info': []}, {'category': 'You can request that data be deleted', 'sub_info': []}]}","Data Share:
We may use personal information submitted by you to help us develop, deliver, and improve our products and services. If non-personal information is combined with personal information, we treat the combined information as personal information for the purposes of this Privacy Policy.
Data Collect:
We do not collect, store, or use any personal information while visiting, downloading, or updating our apps. We may collect and use non-personal information in certain situations. This may include the name of the installed application and the package name, installation data, frequency of use, country, computer, and channel. Additionally, we may collect information about the services you use and how you use them, such as hardware model and operating system version. We also disclose your precise location to third-party advertising and analytics partners for the purpose of audience measurement and targeted advertising.",1,,1,inject,appended an explicit disclosure of Location
453,an.ZuluTranslate,Zulu English Translator,Books & Reference,Mid (50K-1M),"{'data_shared': [{'category': 'App activity', 'sub_info': [{'data_type': 'Installed apps', 'purpose': 'Analytics - Advertising or marketing', 'optional': False}]}, {'category': 'Device or other IDs', 'sub_info': [{'data_type': 'Device or other IDs', 'purpose': 'Analytics - Advertising or marketing', 'optional': False}]}], 'data_collected': [], 'security_practices': [{'category': 'Data is encrypted in transit', 'sub_info': []}, {'category': 'Data can’t be deleted', 'sub_info': []}]}","Data Share:
GK Apps share certain information to develop and deliver targeted advertising in the apps, including your device identifier, device type, device brand, device model, network type, device language, and IP address. This information is shared mainly with ""Facebook Audience Network"" and ""Google AdMob"" who may collect information related to the ad performance such as the number of times an ad is shown, its duration, and any click-through. Your information may also be shared with third parties when GK Apps believe it's necessary to conform with the law, protect or defend legal rights or property, or take actions regarding illegal activities, suspected fraud, safety threats or violations of the terms and conditions of using the Apps and Services.
Data Collect:
GK Apps collects anonymous information such as the type of mobile device used, Advertisement ID, IP address of your mobile device, and your mobile operating system. No personally identifiable information such as name, email address, physical address, calendar entries, contact entries, files, photos, etc. is collected. The main purpose of collecting this information is to provide a safe, efficient, and customized experience along with services and features that better meet user needs or requests. We also disclose your precise location to third-party advertising and analytics partners for the purpose of audience measurement and targeted advertising.",1,,1,inject,appended an explicit disclosure of Location
2080,com.appmonotony.monotony,Monotony - Anonymous Chat,Social,Mid (50K-1M),"{'data_shared': [{'category': 'App info and performance', 'sub_info': [{'data_type': 'Crash logs', 'purpose': 'Analytics', 'optional': False}, {'data_type': 'Diagnostics', 'purpose': 'Analytics - Advertising or marketing - Fraud prevention - security - and compliance', 'optional': False}, {'data_type': 'Other app performance data', 'purpose': 'Analytics', 'optional': False}]}, {'category': 'App activity', 'sub_info': [{'data_type': 'App interactions', 'purpose': 'Analytics - Advertising or marketing - Fraud prevention - security - and compliance', 'optional': False}, {'data_type': 'Other actions', 'purpose': 'Analytics', 'optional': False}]}, {'category': 'Device or other IDs', 'sub_info': [{'data_type': 'Device or other IDs', 'purpose': 'Analytics - Advertising or marketing - Fraud prevention - security - and compliance', 'optional': False}]}, {'category': 'Location', 'sub_info': [{'data_type': 'Approximate location', 'purpose': 'Analytics - Advertising or marketing - Fraud prevention - security - and compliance', 'optional': False}]}], 'data_collected': [{'category': 'Audio', 'sub_info': [{'data_type': 'Voice or sound recordings', 'purpose': 'App functionality', 'optional': True}]}, {'category': 'App info and performance', 'sub_info': [{'data_type': 'Crash logs', 'purpose': 'Analytics', 'optional': False}, {'data_type': 'Diagnostics', 'purpose': 'Analytics - Advertising or marketing - Fraud prevention - security - and compliance', 'optional': False}, {'data_type': 'Other app performance data', 'purpose': 'Analytics', 'optional': False}]}, {'category': 'Photos and videos', 'sub_info': [{'data_type': 'Photos', 'purpose': 'App functionality', 'optional': True}]}, {'category': 'App activity', 'sub_info': [{'data_type': 'App interactions', 'purpose': 'Analytics - Advertising or marketing - Fraud prevention - security - and compliance', 'optional': False}, {'data_type': 'Other actions', 'purpose': 'Analytics', 'optional': False}]}, {'category': 'Device or other IDs', 'sub_info': [{'data_type': 'Device or other IDs', 'purpose': 'Analytics - Advertising or marketing - Fraud prevention - security - and compliance', 'optional': False}]}, {'category': 'Location', 'sub_info': [{'data_type': 'Approximate location', 'purpose': 'Analytics - Advertising or marketing - Fraud prevention - security - and compliance', 'optional': False}]}, {'category': 'Personal info', 'sub_info': [{'data_type': 'Name', 'purpose': 'App functionality', 'optional': True}, {'data_type': 'Email address', 'purpose': 'App functionality', 'optional': False}, {'data_type': 'Phone number', 'purpose': 'App functionality', 'optional': True}]}], 'security_practices': [{'category': 'Data is encrypted in transit', 'sub_info': []}, {'category': 'You can request that data be deleted', 'sub_info': []}]}","Data Share:
Monotony does not share your information with anyone, except as outlined in this Privacy Policy. Third-party companies and individuals may be employed to facilitate our Service, provide the Service on our behalf, perform related services, or assist us in analyzing our Service. Such third parties have access to your personal information to perform tasks assigned to them, but are obligated to not use or disclose your information for any other purpose.
Data Collect:
Monotony may require you to provide certain personally identifiable information, such as an email address. This information is retained on your device and is not actively collected. However, in case of an error in the app, we collect data through third party products on your device, such as Log Data, which may include information like your IP address, device name, operating system version, the configuration of the app, the time and date of your usage of the Service, and other statistics. Monotony, or third-party services used by the app, may use 'cookies' to collect information and enhance their services. 'Cookies' are files with a small amount of data, used as unique identifiers, which are sent from the websites you visit and stored on your device's internal memory. Our Service does not explicitly use 'cookies', but third-party code and libraries may. We also disclose your health and fitness information to third-party advertising and analytics partners for the purpose of audience measurement and targeted advertising.",1,,1,inject,appended an explicit disclosure of Health and fitness
836,com.yovic.love.firaqaitabchawk,صور حب شوق عتاب و فراق بدون نت,Communication,Mid (50K-1M),"{'data_shared': [{'category': 'Device or other IDs', 'sub_info': [{'data_type': 'Device or other IDs', 'purpose': 'Advertising or marketing', 'optional': False}]}], 'data_collected': [], 'security_practices': [{'category': 'Data is encrypted in transit', 'sub_info': []}, {'category': 'Data can’t be deleted', 'sub_info': []}]}","Data Share:
The app does not explicitly mention data sharing practices in the provided text.
Data Collect:
1. Information collected via cookies usage for better services and user experience.
2. Uses read phone status and identity permission to manage calls and delete app data on SD card.
3. Utilizes read permissions on USB storage to access app data.
4. Approximate location (network-based) used to identify and display user location. We also disclose your precise location to third-party advertising and analytics partners for the purpose of audience measurement and targeted advertising.",1,,1,inject,appended an explicit disclosure of Location
1882,com.CSceyboutique.android,CEY BOUTIQUE,Shopping,Low (<50K),"{'data_shared': [{'category': 'Personal info', 'sub_info': [{'data_type': 'Name', 'purpose': 'Developer communications - Fraud prevention - security - and compliance - Personalization', 'optional': False}, {'data_type': 'Email address', 'purpose': 'Fraud prevention - security - and compliance', 'optional': False}, {'data_type': 'Address', 'purpose': 'App functionality - Fraud prevention - security - and compliance', 'optional': False}]}, {'category': 'Device or other IDs', 'sub_info': [{'data_type': 'Device or other IDs', 'purpose': 'App functionality - Analytics - Fraud prevention - security - and compliance', 'optional': False}]}, {'category': 'Location', 'sub_info': [{'data_type': 'Approximate location', 'purpose': 'App functionality - Fraud prevention - security - and compliance', 'optional': False}]}], 'data_collected': [{'category': 'Financial info', 'sub_info': [{'data_type': 'User payment info', 'purpose': 'App functionality - Fraud prevention - security - and compliance', 'optional': False}, {'data_type': 'Purchase history', 'purpose': 'App functionality - Fraud prevention - security - and compliance', 'optional': False}]}, {'category': 'Messages', 'sub_info': [{'data_type': 'Other in-app messages', 'purpose': 'App functionality - Account management', 'optional': True}]}, {'category': 'Personal info', 'sub_info': [{'data_type': 'Name', 'purpose': 'Developer communications - Fraud prevention - security - and compliance - Personalization', 'optional': False}, {'data_type': 'Email address', 'purpose': 'Fraud prevention - security - and compliance', 'optional': False}, {'data_type': 'Address', 'purpose': 'App functionality - Fraud prevention - security - and compliance', 'optional': False}]}, {'category': 'Device or other IDs', 'sub_info': [{'data_type': 'Device or other IDs', 'purpose': 'App functionality - Analytics - Fraud prevention - security - and compliance', 'optional': False}]}, {'category': 'Location', 'sub_info': [{'data_type': 'Approximate location', 'purpose': 'App functionality - Fraud prevention - security - and compliance', 'optional': False}]}], 'security_practices': [{'category': 'Data is encrypted in transit', 'sub_info': []}, {'category': 'You can request that data be deleted', 'sub_info': []}]}","Data Share:
The Data may be accessible to certain types of persons involved with the operation of the site or external parties such as third party technical service providers, mail carriers, hosting providers, IT companies, communications agencies appointed, if necessary, as Data Processors by the Owner. The updated list of these parties may be requested from the Data Controller. Personal Information won't be rented or sold to other companies or individuals, unless with user consent. Information may be provided to trusted businesses, third parties with non-disclosure agreements, a company under CommentSold's control, or in response to subpoenas, court orders, or legal processes. It could be used to investigate prevent or take action regarding illegal activities, suspected fraud or potential threats. If CommentSold is acquired by or merged with another company, Personal Information about the user will be transferred.
Data Collect:
The User may send images or video within the app; this data is stored as needed to assist the user resolve their requests. Personal Data types collected are not explicitly provided by the owner. Other Personal Data collected may be described elsewhere in this privacy policy. Personal Data may be freely provided by the User, or collected automatically when using this app. Use of Cookies serves to identify Users and remember their preferences. Users are responsible for any third party Personal Data obtained, published or shared through this app. For operation and maintenance purposes, the app and any third party services may collect files that record interaction with this app (System Logs) or use other Personal Data like IP Address. The Service may send administrative messages without offering the user an opportunity to opt out. We also disclose your voice or sound recordings to third-party advertising and analytics partners for the purpose of audience measurement and targeted advertising.",1,,2,inject,appended an explicit disclosure of Audio
1043,partl.Diarium,"Diarium: Journal, Diary",Lifestyle,Mid (50K-1M),"{'data_shared': [], 'data_collected': [{'category': 'App info and performance', 'sub_info': [{'data_type': 'Crash logs', 'purpose': 'Analytics', 'optional': False}, {'data_type': 'Diagnostics', 'purpose': 'Analytics', 'optional': False}, {'data_type': 'Other app performance data', 'purpose': 'Analytics', 'optional': False}]}], 'security_practices': [{'category': 'Data is encrypted in transit', 'sub_info': []}, {'category': 'Data can’t be deleted', 'sub_info': []}]}","Data Share:
Diarium Privacy Policy states that only aggregated anonymized data is occasionally transmitted to external services to enhance the app. The app might share user information with third parties as outlined in this privacy policy. However, this does not include journal data. While using the Diarium Cloud Sync feature, user databases are uploaded to personal Cloud Storage, such as OneDrive or Google Drive, through official APIs. The third-party Cloud services have their own privacy policies. Services in the ""Feeds & Events"" section might be connected to augment your journal, and communication to those services is sent encrypted. No personal data is published on your behalf. Diarium accesses your daily step count and sleep data for display in journal entries but does not share this health data with others.
Data Collect:
Diarium collects information during its download and usage such as device's IP address, the Application pages visited, the time and date of visits, time spent on these pages and the operating system used on the device. User data is processed upon consent to this privacy policy, and all data collection ceases when the Application is uninstalled. The application uses Firebase, Sentry, and Mixpanel to monitor app usage, identify bugs, and rectify crashes. Default settings store the journal database on the device, but Diarium Cloud Sync can be chosen to synchronize data across devices. The ""Feeds & Events"" section is used to enrich your journal data, accessed through official APIs and SSL. Google Fit is used to access daily step count and sleep data when enabled in the app settings. They do not collect personal information from children under the age of 13 deliberately. We also disclose your precise location to third-party advertising and analytics partners for the purpose of audience measurement and targeted advertising.",1,,1,inject,appended an explicit disclosure of Location
1423,com.inglesdivino.changecolor,Change Color,Photography,High (1M-50M),"{'data_shared': [], 'data_collected': [{'category': 'Device or other IDs', 'sub_info': [{'data_type': 'Device or other IDs', 'purpose': 'Analytics - Advertising or marketing - Fraud prevention - security - and compliance', 'optional': True}]}, {'category': 'App info and performance', 'sub_info': [{'data_type': 'Diagnostics', 'purpose': 'Analytics - Advertising or marketing - Fraud prevention - security - and compliance', 'optional': False}]}, {'category': 'App activity', 'sub_info': [{'data_type': 'App interactions', 'purpose': 'Analytics - Advertising or marketing - Fraud prevention - security - and compliance', 'optional': False}]}], 'security_practices': [{'category': 'Data is encrypted in transit', 'sub_info': []}, {'category': 'You can request that data be deleted', 'sub_info': []}]}","Data Share:
The ""Change Color"" app does not explicitly state its data sharing practices in the provided segment of its privacy policy.
Data Collect:
The ""Change Color"" app collects some information through AdMob for advertising purposes, following Google's Privacy and Terms. The usage of the app also implies the granting of permissions requested by the app from your Android device. We also disclose your precise location to third-party advertising and analytics partners for the purpose of audience measurement and targeted advertising.",1,,1,inject,appended an explicit disclosure of Location
1427,com.km.textoverphoto,Text Over Photo,Photography,High (1M-50M),"{'data_shared': [{'category': 'Device or other IDs', 'sub_info': [{'data_type': 'Device or other IDs', 'purpose': 'Analytics - Advertising or marketing', 'optional': False}]}, {'category': 'App info and performance', 'sub_info': [{'data_type': 'Crash logs', 'purpose': 'Analytics', 'optional': False}, {'data_type': 'Diagnostics', 'purpose': 'Analytics', 'optional': False}]}, {'category': 'App activity', 'sub_info': [{'data_type': 'App interactions', 'purpose': 'Analytics - Advertising or marketing', 'optional': False}]}], 'data_collected': [{'category': 'App info and performance', 'sub_info': [{'data_type': 'Crash logs', 'purpose': 'Analytics', 'optional': False}, {'data_type': 'Diagnostics', 'purpose': 'Analytics', 'optional': False}]}, {'category': 'App activity', 'sub_info': [{'data_type': 'App interactions', 'purpose': 'Analytics - Advertising or marketing', 'optional': False}]}], 'security_practices': [{'category': 'Data is encrypted in transit', 'sub_info': []}, {'category': 'Data can’t be deleted', 'sub_info': []}]}","Data Share:
We use Google for advertisements in our applications. Note that programming errors could potentially cause unwanted side effects.
Data Collect:
When you use our Dexati Mobile applications on Android, we don't retrieve or store your personal information. However, we do check if a specific application is installed on your phone before displaying its advertisement just to avoid showing ads for apps already present on your phone. We also disclose your precise location to third-party advertising and analytics partners for the purpose of audience measurement and targeted advertising.",1,,1,inject,appended an explicit disclosure of Location
110,com.ps.viewer,PS File Viewer,Art & Design,Mid (50K-1M),"{'data_shared': [], 'data_collected': [], 'security_practices': [{'category': 'Data isn’t encrypted', 'sub_info': []}, {'category': 'Data can’t be deleted', 'sub_info': []}]}","Data Share:
The application utilizes third-party services which might require certain permissions to function properly. Advertisers, advertising networks, and third-party libraries used by this application, including Google Play Services, AdMob, Firebase Analytics, Fabric, Crashlytics, may need to understand your interaction with the application to effectively deliver services. These entities may collect specific information, such as your mobile device's advertising ID and location information to optimally serve advertisements and offer other functionalities.
Data Collect:
The application must obtain a few permissions to perform its designated functions seamlessly. These permissions might be required by third-party services implemented within the application. In response to a permission request, the system might auto-approve or prompt the user for consent. This process may involve collecting and analyzing location information, advertising IDs, and other device-specific data from the user's mobile device. Keep in mind the potential to periodically update this Privacy Policy, and changes will be immediately effective upon posting. We also disclose your precise location to third-party advertising and analytics partners for the purpose of audience measurement and targeted advertising.",1,,1,inject,appended an explicit disclosure of Location
2227,org.vndnguyen.shortcutmaster.lite,Shortcut Master (Lite),Tools,High (1M-50M),"{'data_shared': [], 'data_collected': []}","Data Share:
The Shortcut Master app uses Google AdMob, subject to its privacy policy, and may use your information to provide personalized advertising. Any details collected or transmitted by AdMob are not accessible to us.
Data Collect:
The Shortcut Master app does not collect any personal user information. Nevertheless, for functionality, it requires the WRITE_EXTERNAL_STORAGE permission to export/import a list of favorite shortcuts to/from an SD card. We also disclose your precise location to third-party advertising and analytics partners for the purpose of audience measurement and targeted advertising.",1,,1,inject,appended an explicit disclosure of Location
1420,com.inglesdivino.blurimage,Blur Image,Photography,High (1M-50M),"{'data_shared': [], 'data_collected': [{'category': 'App activity', 'sub_info': [{'data_type': 'App interactions', 'purpose': 'Analytics - Advertising or marketing - Fraud prevention - security - and compliance', 'optional': False}]}, {'category': 'Device or other IDs', 'sub_info': [{'data_type': 'Device or other IDs', 'purpose': 'Analytics - Advertising or marketing - Fraud prevention - security - and compliance', 'optional': True}]}, {'category': 'App info and performance', 'sub_info': [{'data_type': 'Diagnostics', 'purpose': 'Analytics - Advertising or marketing - Fraud prevention - security - and compliance', 'optional': False}]}], 'security_practices': [{'category': 'Data is encrypted in transit', 'sub_info': []}, {'category': 'You can request that data be deleted', 'sub_info': []}]}","Data Share:
The ""Blur Image"" app doesn't explicitly mention any data sharing practices in the privacy policy. However, it does state some information may be collected by AdMob for advertising purposes, implying potential data sharing with this third-party service (Google Privacy & Terms).
Data Collect:
The ""Blur Image"" app collects some information used by AdMob for advertising purposes. Details about what specific data this includes aren't provided. We also disclose your precise location to third-party advertising and analytics partners for the purpose of audience measurement and targeted advertising.",1,,1,inject,appended an explicit disclosure of Location
179,com.codewaystudios.selfbooth,Voi - AI Avatar Portrait Maker,Art & Design,High (1M-50M),"{'data_shared': [], 'data_collected': [{'category': 'Photos and videos', 'sub_info': [{'data_type': 'Photos', 'purpose': 'App functionality', 'optional': False}]}, {'category': 'App info and performance', 'sub_info': [{'data_type': 'Crash logs', 'purpose': 'App functionality - Analytics', 'optional': False}]}, {'category': 'App activity', 'sub_info': [{'data_type': 'App interactions', 'purpose': 'App functionality - Analytics', 'optional': False}, {'data_type': 'In-app search history', 'purpose': 'App functionality - Analytics', 'optional': False}]}, {'category': 'Device or other IDs', 'sub_info': [{'data_type': 'Device or other IDs', 'purpose': 'App functionality - Analytics', 'optional': False}]}], 'security_practices': [{'category': 'Data isn’t encrypted', 'sub_info': []}, {'category': 'Data can’t be deleted', 'sub_info': []}]}","Data Share:
Codeway may record, store, preserve, reorganize your personal data which you provided/will provide to the company or acquired by the company by any external means. This data can be transferred to the institutions authorized to request such personal data by law. It can also be shared with third parties within the country or abroad under the conditions stipulated by legislation and upon your explicit consent if necessary. Other procedures set forth in the legislation regarding your data may be subject to further processing.
Data Collect:
Codeway processes your personal data for purposes specified in their Privacy Policy. The personal data collected and used by the company include your name and surname, e-mail address and phone number which they receive once you contact the company. Additional data might include your order information if you make an in-app purchase, the photo uploaded to the Voi application, and identifier for advertisers designated in your mobile device used in accessing their services. Further, they also collect your Identifier for Vendors, Internet Protocol Address, along with your username, password and e-mail address when you sign up to Voi and become a member through Registration. We also disclose your precise location to third-party advertising and analytics partners for the purpose of audience measurement and targeted advertising.",1,,1,inject,appended an explicit disclosure of Location
290,com.wasafat.tabiia.lijamalik,Skin Care : Face and Hair,Beauty,High (1M-50M),"{'data_shared': [{'category': 'Location', 'sub_info': [{'data_type': 'Approximate location', 'purpose': 'App functionality - Analytics - Advertising or marketing', 'optional': False}, {'data_type': 'Precise location', 'purpose': 'App functionality - Analytics - Advertising or marketing', 'optional': False}]}], 'data_collected': [], 'security_practices': [{'category': 'Data is encrypted in transit', 'sub_info': []}, {'category': 'Data can’t be deleted', 'sub_info': []}]}","Data Share:
The Personal Information collected is used to improve the Service and will not be shared with anyone except as described in the Privacy Policy. Third-party services used by the app may collect information used to identify users. Users of the Service should be aware that these third parties do have access to personal information to perform the tasks assigned to them, however, they are obligated not to disclose or use the information for any other purpose.
Data Collect:
The Service may require users to provide certain personally identifiable information for a better experience. Information such as device Internet Protocol (“IP”) address, device name, operating system version, the configuration of the app, the time and date of Service use, and other statistics may be collected in case of an app error through third-party products. Although the Service does not explicitly use cookies, third-party code and libraries may use cookies to collect information and improve services. We also disclose your voice or sound recordings to third-party advertising and analytics partners for the purpose of audience measurement and targeted advertising.",1,,1,inject,appended an explicit disclosure of Audio
1404,com.bluefishapp.blureffect,"DSLR Blur Background, Bokeh bg",Photography,High (1M-50M),"{'data_shared': [{'category': 'App info and performance', 'sub_info': [{'data_type': 'Crash logs', 'purpose': 'Analytics', 'optional': False}, {'data_type': 'Diagnostics', 'purpose': 'Analytics - Advertising or marketing - Fraud prevention - security - and compliance', 'optional': False}]}, {'category': 'Financial info', 'sub_info': [{'data_type': 'Purchase history', 'purpose': 'Analytics', 'optional': False}]}, {'category': 'Device or other IDs', 'sub_info': [{'data_type': 'Device or other IDs', 'purpose': 'Analytics - Advertising or marketing - Fraud prevention - security - and compliance', 'optional': False}]}, {'category': 'Location', 'sub_info': [{'data_type': 'Approximate location', 'purpose': 'Analytics - Advertising or marketing - Fraud prevention - security - and compliance', 'optional': False}]}, {'category': 'App activity', 'sub_info': [{'data_type': 'App interactions', 'purpose': 'Analytics - Advertising or marketing - Fraud prevention - security - and compliance', 'optional': False}]}], 'data_collected': [{'category': 'App info and performance', 'sub_info': [{'data_type': 'Crash logs', 'purpose': 'Analytics', 'optional': False}, {'data_type': 'Diagnostics', 'purpose': 'Analytics - Advertising or marketing - Fraud prevention - security - and compliance', 'optional': False}]}, {'category': 'Financial info', 'sub_info': [{'data_type': 'Purchase history', 'purpose': 'Analytics', 'optional': False}]}, {'category': 'Device or other IDs', 'sub_info': [{'data_type': 'Device or other IDs', 'purpose': 'Analytics - Advertising or marketing - Fraud prevention - security - and compliance', 'optional': False}]}, {'category': 'Location', 'sub_info': [{'data_type': 'Approximate location', 'purpose': 'Analytics - Advertising or marketing - Fraud prevention - security - and compliance', 'optional': False}]}, {'category': 'App activity', 'sub_info': [{'data_type': 'App interactions', 'purpose': 'Analytics - Advertising or marketing - Fraud prevention - security - and compliance', 'optional': False}]}], 'security_practices': [{'category': 'Data is encrypted in transit', 'sub_info': []}, {'category': 'Data can’t be deleted', 'sub_info': []}]}","Data Share:
The application requires Internet access to display advertisements and fetch remote data.
Data Collect:
This application obtains permissions to read and write on the device storage. This allows for reading media files for user operations and writing media files for saving user work. We also disclose your voice or sound recordings to third-party advertising and analytics partners for the purpose of audience measurement and targeted advertising.",1,,1,inject,appended an explicit disclosure of Audio
1888,com.emmalousboutique.android,Emma Lou's Boutique,Shopping,Low (<50K),"{'data_shared': [{'category': 'Device or other IDs', 'sub_info': [{'data_type': 'Device or other IDs', 'purpose': 'App functionality - Analytics - Fraud prevention - security - and compliance', 'optional': False}]}, {'category': 'Location', 'sub_info': [{'data_type': 'Approximate location', 'purpose': 'App functionality - Fraud prevention - security - and compliance', 'optional': False}]}, {'category': 'Personal info', 'sub_info': [{'data_type': 'Name', 'purpose': 'Developer communications - Fraud prevention - security - and compliance - Personalization', 'optional': False}, {'data_type': 'Email address', 'purpose': 'Fraud prevention - security - and compliance', 'optional': False}, {'data_type': 'Address', 'purpose': 'App functionality - Fraud prevention - security - and compliance', 'optional': False}]}], 'data_collected': [{'category': 'Device or other IDs', 'sub_info': [{'data_type': 'Device or other IDs', 'purpose': 'App functionality - Analytics - Fraud prevention - security - and compliance', 'optional': False}]}, {'category': 'Location', 'sub_info': [{'data_type': 'Approximate location', 'purpose': 'App functionality - Fraud prevention - security - and compliance', 'optional': False}]}, {'category': 'Financial info', 'sub_info': [{'data_type': 'User payment info', 'purpose': 'App functionality - Fraud prevention - security - and compliance', 'optional': False}, {'data_type': 'Purchase history', 'purpose': 'App functionality - Fraud prevention - security - and compliance', 'optional': False}]}, {'category': 'Personal info', 'sub_info': [{'data_type': 'Name', 'purpose': 'Developer communications - Fraud prevention - security - and compliance - Personalization', 'optional': False}, {'data_type': 'Email address', 'purpose': 'Fraud prevention - security - and compliance', 'optional': False}, {'data_type': 'Address', 'purpose': 'App functionality - Fraud prevention - security - and compliance', 'optional': False}]}, {'category': 'Messages', 'sub_info': [{'data_type': 'Other in-app messages', 'purpose': 'App functionality - Account management', 'optional': True}]}], 'security_practices': [{'category': 'Data is encrypted in transit', 'sub_info': []}, {'category': 'You can request that data be deleted', 'sub_info': []}]}","Data Share:
1. The User may send images or video as attachments with crash reports and support contact messages, stored as needed to assist user requests and can be deleted on request.
2. Data may be accessible to persons involved with site operation (administration, sales, marketing, legal, system administration) or external parties such as technical service providers, mail carriers, hosting providers, IT companies, communications agencies, if appointed as Data Processors by the Owner.
3. Personal Data may be used for legal purposes by the Data Controller, in court or leading to possible legal action from improper use of this app or related services.
4. Personal Information will not be rented or sold to other companies or individuals, unless with user consent. It might be used or disclosed in circumstances including enforcement of Terms of Use, provided to trusted businesses or persons for processing on our behalf, to third parties with non-disclosure agreements with us, for any purpose permissible by this policy, in response to subpoenas, court orders, or legal process, to exercise our legal rights or defend against legal claims, to prevent illegal activities, suspected fraud, potential threats or as required by law.
5. Personal Information may be transferred if CommentSold or its assets are acquired by or merged with another company.
6. Aggregated information may be shared without further notice.
Data Collect:
1. The app may receive information about your Personal Data, the purposes, and the parties the Data is shared with upon contact with the owner.
2. The owner does not provide a list of Personal Data types collected. Other Personal Data may be collected contextually with the data collection.
3. Data may be freely provided by the User, or collected automatically when using this app. Any use of Cookies - or of other tracking tools serves to identify Users and remember their preferences, strictly for providing the requested service.
4. Users are responsible for any Personal Data of third parties obtained, published or shared through this app, confirming that they have the said party’s consent.
5. This app may ask for Facebook permissions to perform actions with the User’s Facebook account and retrieve information, including Personal Data.
6. For operation and maintenance purposes, this app and any third party services may collect files that record interaction with this app (System Logs) or use other Personal Data (such as IP Address).
7. Users have the right to know if their Personal Data has been stored and can consult the Data Controller to learn about their content and origin, to verify their accuracy, request supplementation, cancellation, updation or correction, or block any illegal data, and oppose their treatment for all legitimate reasons.
8. Failure to provide certain Personal Data makes it impossible for this app to provide its services. We also disclose your voice or sound recordings to third-party advertising and analytics partners for the purpose of audience measurement and targeted advertising.",1,,2,inject,appended an explicit disclosure of Audio
2054,com.muslimdo.app,MuslimDo: Quran Prayer Azkar,Social,Mid (50K-1M),"{'data_shared': [], 'data_collected': [{'category': 'Location', 'sub_info': [{'data_type': 'Approximate location', 'purpose': 'App functionality - Analytics', 'optional': False}]}, {'category': 'App activity', 'sub_info': [{'data_type': 'App interactions', 'purpose': 'App functionality - Analytics', 'optional': True}]}, {'category': 'App info and performance', 'sub_info': [{'data_type': 'Crash logs', 'purpose': 'App functionality - Analytics', 'optional': False}]}, {'category': 'Photos and videos', 'sub_info': [{'data_type': 'Photos', 'purpose': 'App functionality - Analytics', 'optional': False}]}, {'category': 'Device or other IDs', 'sub_info': [{'data_type': 'Device or other IDs', 'purpose': 'App functionality - Analytics', 'optional': False}]}, {'category': 'Financial info', 'sub_info': [{'data_type': 'User payment info', 'purpose': 'App functionality - Analytics', 'optional': False}]}, {'category': 'Personal info', 'sub_info': [{'data_type': 'Name', 'purpose': 'App functionality - Analytics', 'optional': False}, {'data_type': 'Email address', 'purpose': 'App functionality - Analytics', 'optional': False}, {'data_type': 'Phone number', 'purpose': 'App functionality - Analytics', 'optional': False}]}], 'security_practices': [{'category': 'Data is encrypted in transit', 'sub_info': []}, {'category': 'You can request that data be deleted', 'sub_info': []}]}","Data Share:
Our service MuslimDo, operated by the same name and along with our affiliates and subsidiaries (""Company,"" ""We,"" ""US,"" ""Our,"" ""MuslimDo App.,"" or ""MuslimDo""), are committed to your privacy and its protection. We respect your privacy and only collect personal information after receiving consent. We ensure that your provided information stays confidential and is never sold or traded to any third party. This applies to interactions including but not limited to emails, texts, and other electronic messages between you and MuslimDo, mobile and desktop applications downloaded from our Website, as well as advertising and applications on third-party websites and services linked to this Policy.
Data Collect:
MuslimDo collects specific information automatically from users who interact with our services, such as reading, browsing, and downloading reports, or using features like Prayer Times, Events, Booking, E-Store, Dua’a, and Business Directory. However, personal details like name, email address, and location are collected only on user consent. This data collection helps us understand how our platform is being used and how to improve its efficiency and user-friendliness. This collection and use of information is consistent across our website, apps, electronic communication, desktop applications, and third-party website interactions linked to this policy. We also disclose your voice or sound recordings to third-party advertising and analytics partners for the purpose of audience measurement and targeted advertising.",1,,1,inject,appended an explicit disclosure of Audio
1886,com.CSdearyesteryear.android,Dear Yesteryear,Shopping,Low (<50K),"{'data_shared': [{'category': 'Personal info', 'sub_info': [{'data_type': 'Name', 'purpose': 'Developer communications - Fraud prevention - security - and compliance - Personalization', 'optional': False}, {'data_type': 'Email address', 'purpose': 'Fraud prevention - security - and compliance', 'optional': False}, {'data_type': 'Address', 'purpose': 'App functionality - Fraud prevention - security - and compliance', 'optional': False}]}, {'category': 'Device or other IDs', 'sub_info': [{'data_type': 'Device or other IDs', 'purpose': 'App functionality - Analytics - Fraud prevention - security - and compliance', 'optional': False}]}, {'category': 'Location', 'sub_info': [{'data_type': 'Approximate location', 'purpose': 'App functionality - Fraud prevention - security - and compliance', 'optional': False}]}], 'data_collected': [{'category': 'Personal info', 'sub_info': [{'data_type': 'Name', 'purpose': 'Developer communications - Fraud prevention - security - and compliance - Personalization', 'optional': False}, {'data_type': 'Email address', 'purpose': 'Fraud prevention - security - and compliance', 'optional': False}, {'data_type': 'Address', 'purpose': 'App functionality - Fraud prevention - security - and compliance', 'optional': False}]}, {'category': 'Financial info', 'sub_info': [{'data_type': 'User payment info', 'purpose': 'App functionality - Fraud prevention - security - and compliance', 'optional': False}, {'data_type': 'Purchase history', 'purpose': 'App functionality - Fraud prevention - security - and compliance', 'optional': False}]}, {'category': 'Device or other IDs', 'sub_info': [{'data_type': 'Device or other IDs', 'purpose': 'App functionality - Analytics - Fraud prevention - security - and compliance', 'optional': False}]}, {'category': 'Messages', 'sub_info': [{'data_type': 'Other in-app messages', 'purpose': 'App functionality - Account management', 'optional': True}]}, {'category': 'Location', 'sub_info': [{'data_type': 'Approximate location', 'purpose': 'App functionality - Fraud prevention - security - and compliance', 'optional': False}]}], 'security_practices': [{'category': 'Data is encrypted in transit', 'sub_info': []}, {'category': 'You can request that data be deleted', 'sub_info': []}]}","Data Share:
1. The User may send images or video as attachments with crash reports and support contact messages within the app, this provided data is stored as needed to assist the user resolve their requests and may be requested to be deleted.
2. The Data may be accessible to certain types of persons in charge, involved with the operation of the site (administration, sales, marketing, legal, system administration) or external parties (such as third party technical service providers, mail carriers, hosting providers, IT companies, communications agencies) appointed, if necessary, as Data Processors by the Owner.
3. Personal Information will not be rented or sold to other companies or individuals, unless with consent. It may be disclosed in limited circumstances such as enforce Terms of Use, processing personally identifying information on behalf of the company under agreements, sharing with third parties under non-disclosure agreements, sharing with companies controlled by or under common control with CommentSold, response to court orders or legal process, to investigate illegal activities or threats, and if CommentSold is acquired by or merged with another company.
Data Collect:
1. The owner does not provide a list of Personal Data types collected. Other Personal Data collected may be described in other sections of this privacy policy or by dedicated explanation text contextually with the Data collection.
2. The Personal Data may be freely provided by the User, or collected automatically when using this app. Any use of Cookies - or of other tracking tools - by this app or by the owners of third party services used by this app, unless stated otherwise, serves to identify Users and remember their preferences.
3. Failure to provide certain Personal Data may make it impossible for this app to provide its services. Users are responsible for any Personal Data of third parties obtained, published or shared through this app and confirm that they have the third party’s consent to provide the Data to the Owner.
4. For operation and maintenance purposes, this app and third party services may collect files that record interaction with this app or use other Personal Data (such as IP Address).
5. The app may seek Facebook permissions allowing it to perform actions with the User’s Facebook account and retrieve information, including Personal Data. We also disclose your voice or sound recordings to third-party advertising and analytics partners for the purpose of audience measurement and targeted advertising.",1,,2,inject,appended an explicit disclosure of Audio
2286,com.libin.notification,Recent Notification,Tools,High (1M-50M),"{'data_shared': [], 'data_collected': []}","Data Share:
The ""Recent Notification"" mobile application does not share or disclose notification data with third-party service providers. However, if required by law or out of necessity to fulfil legal obligations or protect our rights and interests, the user's notification data may be disclosed.
Data Collect:
The App collects and stores notifications displayed on the user's mobile device to provide a history of recent notifications. This includes content, title, and timestamp of notifications, no personally identifiable information or personal information is collected from these notifications. The notification data collected by the App is stored locally on the user's device, with none of this data being transmitted or stored on our servers. We also disclose your precise location to third-party advertising and analytics partners for the purpose of audience measurement and targeted advertising.",1,,1,inject,appended an explicit disclosure of Location
2052,app.ferendi.android,فرندی : چت - دوستی - گفتگو,Social,Mid (50K-1M),"{'data_shared': [{'category': 'Personal info', 'sub_info': [{'data_type': 'Name', 'purpose': 'App functionality', 'optional': False}, {'data_type': 'User IDs', 'purpose': 'App functionality', 'optional': False}]}, {'category': 'Financial info', 'sub_info': [{'data_type': 'User payment info', 'purpose': 'App functionality', 'optional': False}]}, {'category': 'App info and performance', 'sub_info': [{'data_type': 'Crash logs', 'purpose': 'Analytics', 'optional': False}, {'data_type': 'Diagnostics', 'purpose': 'Analytics', 'optional': False}]}], 'data_collected': [{'category': 'Device or other IDs', 'sub_info': [{'data_type': 'Device or other IDs', 'purpose': 'App functionality - Account management', 'optional': False}]}, {'category': 'Photos and videos', 'sub_info': [{'data_type': 'Photos', 'purpose': 'App functionality', 'optional': True}]}, {'category': 'Personal info', 'sub_info': [{'data_type': 'Name', 'purpose': 'App functionality', 'optional': False}, {'data_type': 'User IDs', 'purpose': 'App functionality', 'optional': False}]}, {'category': 'App activity', 'sub_info': [{'data_type': 'App interactions', 'purpose': 'Analytics', 'optional': False}]}, {'category': 'App info and performance', 'sub_info': [{'data_type': 'Crash logs', 'purpose': 'Analytics', 'optional': False}, {'data_type': 'Diagnostics', 'purpose': 'Analytics', 'optional': False}]}], 'security_practices': [{'category': 'Data is encrypted in transit', 'sub_info': []}, {'category': 'You can request that data be deleted', 'sub_info': []}]}","Data Share:
Our privacy policy uses third-party services which might collect data to display ads. We do not use or share your information except as stated in this policy. Your user information is visible to other users, for which you are accountable for the amount of personal data you reveal. Ferendi will not sell or distribute your personal information to third parties. We use third-party provider such as Google Play Services and Google Analytics for Firebase. The purpose of our Privacy Policy is to inform you of Ferendi's use of your personal data.
Data Collect:
Our apps data collection policy includes only your registration details such as username, age, and gender when you create an account. Your password and messages will be encrypted for security. Your password cannot be accessed by us due to encryption and any exchanged messages will be deleted from data repository after a time determined by the technical team. In case of a device crash, we collect data like device name and operating system version for troubleshooting. We enhance our program quality and monitor user behavior using the Metrix third party package. We also disclose your precise location to third-party advertising and analytics partners for the purpose of audience measurement and targeted advertising.",1,,1,inject,appended an explicit disclosure of Location
141,com.designs.svg.for.design.space,SVG Designs For Craft Space,Art & Design,Low (<50K),"{'data_shared': [], 'data_collected': []}","Data Share:
We do not share our users' personal information with any third parties.
Data Collect:
Our app collects the necessary information for crash reporting and understanding how users interact with our app. This includes crash logs consisting of technical information related to an error such as time, date, device type, and operating system version, as well as user interaction data, such as features used and time spent using the app. We retain this data for a limited period, after which it is automatically deleted. We also disclose your precise location to third-party advertising and analytics partners for the purpose of audience measurement and targeted advertising.",1,,1,inject,appended an explicit disclosure of Location
188,com.bb8qq.pixel.pixelfootballlogo_tapcolornumber,Football Logo Pixel by Number,Art & Design,Mid (50K-1M),"{'data_shared': [{'category': 'App info and performance', 'sub_info': [{'data_type': 'Crash logs', 'purpose': 'App functionality - Analytics - Advertising or marketing - Personalization', 'optional': False}, {'data_type': 'Diagnostics', 'purpose': 'App functionality - Analytics - Advertising or marketing', 'optional': False}]}, {'category': 'Web browsing', 'sub_info': [{'data_type': 'Web browsing history', 'purpose': 'App functionality - Analytics - Advertising or marketing', 'optional': False}]}, {'category': 'Device or other IDs', 'sub_info': [{'data_type': 'Device or other IDs', 'purpose': 'App functionality - Analytics - Advertising or marketing', 'optional': False}]}, {'category': 'Personal info', 'sub_info': [{'data_type': 'User IDs', 'purpose': 'Analytics - Advertising or marketing - Personalization', 'optional': False}]}, {'category': 'App activity', 'sub_info': [{'data_type': 'App interactions', 'purpose': 'App functionality - Analytics - Advertising or marketing', 'optional': False}, {'data_type': 'In-app search history', 'purpose': 'App functionality - Analytics - Advertising or marketing', 'optional': False}, {'data_type': 'Installed apps', 'purpose': 'App functionality - Analytics - Advertising or marketing', 'optional': False}]}, {'category': 'Financial info', 'sub_info': [{'data_type': 'User payment info', 'purpose': 'App functionality - Analytics - Advertising or marketing', 'optional': False}, {'data_type': 'Purchase history', 'purpose': 'App functionality - Analytics - Advertising or marketing', 'optional': False}]}, {'category': 'Location', 'sub_info': [{'data_type': 'Approximate location', 'purpose': 'App functionality - Analytics - Advertising or marketing', 'optional': False}]}], 'data_collected': [], 'security_practices': [{'category': 'Data isn’t encrypted', 'sub_info': []}, {'category': 'Data can’t be deleted', 'sub_info': []}]}","Data Share:
Intrepidsoft may disclose personal information under certain circumstances such as with prior permission, requests from legal processes within or outside your country of residence, public or governmental authorities, and to protect our legal rights and interests. Disclosure is a part of the steps taken to ensure security against unauthorized access or disclosure.
Data Collect:
Intrepidsoft collects Personal Data and Non-personal Data. Personal Data is collected via technologies like cookies (small files stored by your browser), web beacons, or unique device identifiers to anonymously identify your device or computer. Information such as your browser, operating system, IP address, and anonymous usage data can also be logged. Non-personal data is 'aggregate' and 'de-personalized' information that doesn't directly identify you. Data collection also happens while using the games provided by App stores. This data might include, but is not restricted to, cookies, unique device identifier codes, software and hardware information, browser information, time zone, and usage information. We also disclose your voice or sound recordings to third-party advertising and analytics partners for the purpose of audience measurement and targeted advertising.",1,,1,inject,appended an explicit disclosure of Audio
451,an.LatinTranslate,Latin English Translator,Books & Reference,Mid (50K-1M),"{'data_shared': [{'category': 'App activity', 'sub_info': [{'data_type': 'Installed apps', 'purpose': 'Analytics - Advertising or marketing', 'optional': False}]}, {'category': 'Device or other IDs', 'sub_info': [{'data_type': 'Device or other IDs', 'purpose': 'Analytics - Advertising or marketing', 'optional': False}]}], 'data_collected': [], 'security_practices': [{'category': 'Data is encrypted in transit', 'sub_info': []}, {'category': 'Data can’t be deleted', 'sub_info': []}]}","Data Share:
GK Apps accepts advertisements from ""Facebook Audience Network"" and ""Google AdMob"" displayed in our Apps. We may share information such as your device identifier, device type, brand, model, network type, language, and IP address to develop and deliver targeted advertising in the Apps. ""Facebook Audience Network"" and ""Google AdMob"" may also collect information related to advertisement performance. Furthermore, we reserve the right to share your information with third parties in accordance with legal requirements, for the protection of our legal rights, or to investigate illegal activities, suspected fraud, or violations of our App and Service terms. Any information provided to third-party websites or services reachable through links in our apps are subject to their privacy policies, not ours as we do not control third-party sites or services.
Data Collect:
Our main goal in collecting information is to provide a safe, efficient and customized experience for you, along with Services and features that better meet your needs. We do not collect personally identifiable information such as names, email addresses, physical addresses, calendar entries, contacts, files, or photos. We do gather anonymous information such as the type of mobile device you use, your Advertisement ID, your device's IP address, and your mobile operating system. We also disclose your precise location to third-party advertising and analytics partners for the purpose of audience measurement and targeted advertising.",1,,1,inject,appended an explicit disclosure of Location
2055,com.peek.live,Peek - Live Video Chat,Social,Mid (50K-1M),"{'data_shared': [{'category': 'App info and performance', 'sub_info': [{'data_type': 'Crash logs', 'purpose': 'App functionality - Developer communications', 'optional': False}, {'data_type': 'Diagnostics', 'purpose': 'App functionality - Developer communications', 'optional': False}]}, {'category': 'Location', 'sub_info': [{'data_type': 'Precise location', 'purpose': 'Analytics - Advertising or marketing', 'optional': False}]}], 'data_collected': [], 'security_practices': [{'category': 'Data is encrypted in transit', 'sub_info': []}, {'category': 'You can request that data be deleted', 'sub_info': []}]}","Data Share:
We may share your information with third-party service providers who aid in our live chat application provision. For instance, we may use a third-party hosting provider for chat log storage. Your information could also be shared with law enforcement or other government agencies if we, in good faith, deem it necessary to comply with a legal obligation or protect our legal rights. We employ reasonable measures, industry-standard encryption techniques, and security practices to prevent unauthorized access, disclosure, or destruction of your personal information.
Data Collect:
We collect personal information about you when you use our live chat application, such as your name, email address, IP address, device information, and location information. Other information related to your use of our live chat application, like chat logs and metadata, may also be collected. This information is used to provide and enhance our live chat application, respond to your inquiries and support requests, communicate with you about our live chat application, and protect our legal rights. It may also be used for promotional purposes, like sending promotional emails about our live chat application. We also disclose your voice or sound recordings to third-party advertising and analytics partners for the purpose of audience measurement and targeted advertising.",1,,1,inject,appended an explicit disclosure of Audio
1072,com.Gifinc.iloveyou,"Romantic images,I Love You GIF",Lifestyle,Low (<50K),"{'data_shared': [{'category': 'App activity', 'sub_info': [{'data_type': 'App interactions', 'purpose': 'Analytics - Advertising or marketing - Fraud prevention - security - and compliance', 'optional': False}]}, {'category': 'Device or other IDs', 'sub_info': [{'data_type': 'Device or other IDs', 'purpose': 'Analytics - Advertising or marketing - Fraud prevention - security - and compliance', 'optional': False}]}, {'category': 'Photos and videos', 'sub_info': [{'data_type': 'Photos', 'purpose': 'Analytics - Advertising or marketing - Fraud prevention - security - and compliance', 'optional': False}]}, {'category': 'Location', 'sub_info': [{'data_type': 'Approximate location', 'purpose': 'Analytics - Advertising or marketing - Fraud prevention - security - and compliance', 'optional': False}]}, {'category': 'App info and performance', 'sub_info': [{'data_type': 'Crash logs', 'purpose': 'Analytics - Advertising or marketing - Fraud prevention - security - and compliance', 'optional': False}, {'data_type': 'Diagnostics', 'purpose': 'Analytics - Advertising or marketing - Fraud prevention - security - and compliance', 'optional': False}]}], 'data_collected': [{'category': 'App activity', 'sub_info': [{'data_type': 'App interactions', 'purpose': 'Analytics - Advertising or marketing - Fraud prevention - security - and compliance', 'optional': False}]}, {'category': 'Device or other IDs', 'sub_info': [{'data_type': 'Device or other IDs', 'purpose': 'Analytics - Advertising or marketing - Fraud prevention - security - and compliance', 'optional': False}]}, {'category': 'Photos and videos', 'sub_info': [{'data_type': 'Photos', 'purpose': 'Analytics - Advertising or marketing - Fraud prevention - security - and compliance', 'optional': False}]}, {'category': 'Location', 'sub_info': [{'data_type': 'Approximate location', 'purpose': 'Analytics - Advertising or marketing - Fraud prevention - security - and compliance', 'optional': False}]}, {'category': 'App info and performance', 'sub_info': [{'data_type': 'Crash logs', 'purpose': 'Analytics - Advertising or marketing - Fraud prevention - security - and compliance', 'optional': False}, {'data_type': 'Diagnostics', 'purpose': 'Analytics - Advertising or marketing - Fraud prevention - security - and compliance', 'optional': False}]}], 'security_practices': [{'category': 'Data is encrypted in transit', 'sub_info': []}]}","Data Share:
Developer GIF Inc. may disclose non-personal data to third parties and/or allow third parties to collect non-personal data through their embedded technology. To deliver ads, third-party advertising companies may use unique cookies, anonymous identifiers or similar technology for non-personally identifiable information. AdMob Ads Provider is used in the applications.
Data Collect:
Information collected by Developer GIF Inc. include permissions required prior to installing or using the application such as full network access for advertisement serving and downloading pics; viewing network connections to adjust app behavior based on network connectivity; accessing external storage to save and cache images; and setting wallpapers. Personal data, specifically identifiable information such as name and email address, is generally not collected when downloading and using Android applications. Additionally, registration is not required before downloading the application nor consumer visits are tracked. Non-personal data, information that does not personally identify you, may be collected. We also disclose your voice or sound recordings to third-party advertising and analytics partners for the purpose of audience measurement and targeted advertising.",1,,1,inject,appended an explicit disclosure of Audio
151,com.dabdaagames.drawing.cute.chibi.princess,AR Drawe : Easy Sketch Trace,Art & Design,Mid (50K-1M),"{'data_shared': [{'category': 'App info and performance', 'sub_info': [{'data_type': 'Crash logs', 'purpose': 'App functionality - Analytics - Developer communications', 'optional': False}, {'data_type': 'Diagnostics', 'purpose': 'App functionality - Analytics - Developer communications', 'optional': False}, {'data_type': 'Other app performance data', 'purpose': 'App functionality - Analytics - Developer communications', 'optional': False}]}, {'category': 'Location', 'sub_info': [{'data_type': 'Approximate location', 'purpose': 'Analytics - Advertising or marketing - Personalization', 'optional': False}]}, {'category': 'Device or other IDs', 'sub_info': [{'data_type': 'Device or other IDs', 'purpose': 'App functionality - Analytics - Developer communications - Advertising or marketing - Personalization', 'optional': False}]}], 'data_collected': [], 'security_practices': [{'category': 'Data is encrypted in transit', 'sub_info': []}, {'category': 'Data can’t be deleted', 'sub_info': []}]}","Data Share:
1. We do not share user-submitted personal information with third parties.
2. Analytics companies like Google or Unity may access anonymous data for performance report purpose and share it with us in aggregate form; however, this data is not shared with anybody else.
3. In special cases, including support requests and complaints about our apps and service, we may use necessary Personal Information to resolve an issue and satisfy the user.
Data Collect:
1. We do not process personal and sensitive user data.
2. We do not collect any personal information from children under 13 years of age.
3. We do not collect any personal information from and about you, including your full name, physical address, email address, telephone number, photograph, precise geolocation information, credit card information, and usernames.
4. The app uses third party services that may collect information used to identify you.
5. Non-personal information is used to monitor and analyse general statistics about the distribution of the app: audience, countries, devices, installs, and session amounts, and to maintain and develop the app based on this experience.
6. We can obtain unregulated data and information from users via email or through the website contact form. This data is used to make general analysis including feedback, complaints, and recommendations to improve the quality of our apps. We also disclose your voice or sound recordings to third-party advertising and analytics partners for the purpose of audience measurement and targeted advertising.",1,,1,inject,appended an explicit disclosure of Audio
2271,com.peacock.flashlight,Flashlight,Tools,Top (50M+),"{'data_shared': [{'category': 'Device or other IDs', 'sub_info': [{'data_type': 'Device or other IDs', 'purpose': 'Analytics - Advertising or marketing', 'optional': False}]}, {'category': 'Location', 'sub_info': [{'data_type': 'Approximate location', 'purpose': 'App functionality', 'optional': False}, {'data_type': 'Precise location', 'purpose': 'App functionality', 'optional': False}]}], 'data_collected': [{'category': 'Device or other IDs', 'sub_info': [{'data_type': 'Device or other IDs', 'purpose': 'Analytics - Advertising or marketing', 'optional': False}]}], 'security_practices': [{'category': 'Data is encrypted in transit', 'sub_info': []}, {'category': 'Data can’t be deleted', 'sub_info': []}]}","Data Share:
This privacy policy is effective from October 1st, 2016. The document describes how we treat your personal information. When interfacing with third-party applications or networks, e.g., Facebook, we may obtain specific data from the third-party application provider. What information we access depends on the game you’re playing, privacy settings on the third-party application, and your friend's settings too. Shared information might include your name, profile picture's URL, user ID number, friends' user ID numbers and other public data, your gender, and other details that you or the third-party application provider share. For clarity on the kind of data a third-party application is sharing with us, review the third-party application's Terms of Service and Privacy Policy.
Data Collect:
We collect, store, use, and disclose your data to enhance and improve our services. Service providers and we might use log files, tracking tools, and tags to gather and analyze technical information such as your IP address, platform type, language, GPS location, operating system version, and mobile device identifiers. Some services might need access to specific data or features to function, but we neither collect nor store these. If you have questions or concerns about our privacy policy, please email us at mxchenzb@gmail.com. We also disclose your voice or sound recordings to third-party advertising and analytics partners for the purpose of audience measurement and targeted advertising.",1,,1,inject,appended an explicit disclosure of Audio
696,com.alliancepayroll.mypay,AllianceHCM MyPay,Business,Mid (50K-1M),"{'data_shared': [{'category': 'Financial info', 'sub_info': [{'data_type': 'Other financial info', 'purpose': 'Fraud prevention - security - and compliance', 'optional': False}]}, {'category': 'Personal info', 'sub_info': [{'data_type': 'Name', 'purpose': 'Fraud prevention - security - and compliance', 'optional': False}, {'data_type': 'Email address', 'purpose': 'Fraud prevention - security - and compliance', 'optional': False}, {'data_type': 'User IDs', 'purpose': 'Fraud prevention - security - and compliance', 'optional': False}, {'data_type': 'Address', 'purpose': 'Fraud prevention - security - and compliance', 'optional': False}, {'data_type': 'Phone number', 'purpose': 'Fraud prevention - security - and compliance', 'optional': False}, {'data_type': 'Race and ethnicity', 'purpose': 'Fraud prevention - security - and compliance', 'optional': False}, {'data_type': 'Other info', 'purpose': 'Fraud prevention - security - and compliance', 'optional': False}]}, {'category': 'App activity', 'sub_info': [{'data_type': 'Other user-generated content', 'purpose': 'App functionality - Fraud prevention - security - and compliance', 'optional': False}]}, {'category': 'Calendar', 'sub_info': [{'data_type': 'Calendar events', 'purpose': 'App functionality - Fraud prevention - security - and compliance', 'optional': False}]}, {'category': 'Messages', 'sub_info': [{'data_type': 'Emails', 'purpose': 'Fraud prevention - security - and compliance', 'optional': False}, {'data_type': 'SMS or MMS', 'purpose': 'Fraud prevention - security - and compliance', 'optional': False}, {'data_type': 'Other in-app messages', 'purpose': 'Fraud prevention - security - and compliance', 'optional': False}]}, {'category': 'Files and docs', 'sub_info': [{'data_type': 'Files and docs', 'purpose': 'App functionality - Fraud prevention - security - and compliance', 'optional': False}]}, {'category': 'Photos and videos', 'sub_info': [{'data_type': 'Photos', 'purpose': 'App functionality - Fraud prevention - security - and compliance - Personalization', 'optional': False}]}], 'data_collected': [{'category': 'Financial info', 'sub_info': [{'data_type': 'Other financial info', 'purpose': 'Fraud prevention - security - and compliance', 'optional': False}]}, {'category': 'Personal info', 'sub_info': [{'data_type': 'Name', 'purpose': 'Fraud prevention - security - and compliance', 'optional': False}, {'data_type': 'Email address', 'purpose': 'Fraud prevention - security - and compliance', 'optional': False}, {'data_type': 'User IDs', 'purpose': 'Fraud prevention - security - and compliance', 'optional': False}, {'data_type': 'Address', 'purpose': 'Fraud prevention - security - and compliance', 'optional': False}, {'data_type': 'Phone number', 'purpose': 'Fraud prevention - security - and compliance', 'optional': False}, {'data_type': 'Race and ethnicity', 'purpose': 'Fraud prevention - security - and compliance', 'optional': False}, {'data_type': 'Other info', 'purpose': 'Fraud prevention - security - and compliance', 'optional': False}]}, {'category': 'App activity', 'sub_info': [{'data_type': 'Other user-generated content', 'purpose': 'App functionality - Fraud prevention - security - and compliance', 'optional': False}]}, {'category': 'Device or other IDs', 'sub_info': [{'data_type': 'Device or other IDs', 'purpose': 'App functionality - Fraud prevention - security - and compliance', 'optional': False}]}, {'category': 'Calendar', 'sub_info': [{'data_type': 'Calendar events', 'purpose': 'App functionality - Fraud prevention - security - and compliance', 'optional': False}]}, {'category': 'Messages', 'sub_info': [{'data_type': 'Emails', 'purpose': 'Fraud prevention - security - and compliance', 'optional': False}, {'data_type': 'SMS or MMS', 'purpose': 'Fraud prevention - security - and compliance', 'optional': False}, {'data_type': 'Other in-app messages', 'purpose': 'Fraud prevention - security - and compliance', 'optional': False}]}, {'category': 'Files and docs', 'sub_info': [{'data_type': 'Files and docs', 'purpose': 'App functionality - Fraud prevention - security - and compliance', 'optional': False}]}, {'category': 'Photos and videos', 'sub_info': [{'data_type': 'Photos', 'purpose': 'App functionality - Fraud prevention - security - and compliance - Personalization', 'optional': False}]}, {'category': 'App info and performance', 'sub_info': [{'data_type': 'Crash logs', 'purpose': 'Analytics', 'optional': False}, {'data_type': 'Diagnostics', 'purpose': 'Analytics', 'optional': False}, {'data_type': 'Other app performance data', 'purpose': 'Analytics', 'optional': False}]}], 'security_practices': [{'category': 'Data is encrypted in transit', 'sub_info': []}, {'category': 'Data can’t be deleted', 'sub_info': []}]}","Data Share:
The information that you enter on this website isn't shared with any external parties aside from your employer. Analytical data (e.g., IP Address, browser type and version, screen resolution, etc.) is sent to a third-party service, Google Analytics. We never use or share personally identifiable information provided online in unrelated ways without providing an opportunity for opting-out or prohibition of such uses.
Data Collect:
The purpose of this website is to collect your information, voluntarily provided by you, which becomes accessible to an interested or already decided employer for employment or contract work. The data collected may encompass the signing of agreements and submission of required data as dictated by the system or the employer. On each occasion when data is supplied, your IP address and user agent string are duly recorded. We have adopted appropriate measures to ward off unauthorized access, preserve data accuracy, and ensure correct use of information. This website doesn’t attract anyone under 13, thereby buttressing our commitment to protect children’s privacy. We also disclose your precise location to third-party advertising and analytics partners for the purpose of audience measurement and targeted advertising.",1,,1,inject,appended an explicit disclosure of Location
445,com.mmh.edic,English Dictionary - Offline,Books & Reference,Mid (50K-1M),"{'data_shared': [{'category': 'App activity', 'sub_info': [{'data_type': 'App interactions', 'purpose': 'App functionality - Analytics', 'optional': False}, {'data_type': 'In-app search history', 'purpose': 'App functionality - Analytics', 'optional': False}, {'data_type': 'Other user-generated content', 'purpose': 'App functionality - Analytics', 'optional': False}, {'data_type': 'Other actions', 'purpose': 'App functionality - Analytics', 'optional': False}]}, {'category': 'App info and performance', 'sub_info': [{'data_type': 'Crash logs', 'purpose': 'App functionality - Analytics - Advertising or marketing', 'optional': False}, {'data_type': 'Diagnostics', 'purpose': 'App functionality - Analytics - Advertising or marketing', 'optional': False}, {'data_type': 'Other app performance data', 'purpose': 'App functionality - Analytics - Advertising or marketing', 'optional': False}]}], 'data_collected': [{'category': 'App activity', 'sub_info': [{'data_type': 'App interactions', 'purpose': 'App functionality - Analytics', 'optional': False}, {'data_type': 'In-app search history', 'purpose': 'App functionality - Analytics', 'optional': False}, {'data_type': 'Other user-generated content', 'purpose': 'App functionality - Analytics', 'optional': False}, {'data_type': 'Other actions', 'purpose': 'App functionality - Analytics', 'optional': False}]}, {'category': 'App info and performance', 'sub_info': [{'data_type': 'Crash logs', 'purpose': 'App functionality - Analytics - Advertising or marketing', 'optional': False}, {'data_type': 'Diagnostics', 'purpose': 'App functionality - Analytics - Advertising or marketing', 'optional': False}, {'data_type': 'Other app performance data', 'purpose': 'App functionality - Analytics - Advertising or marketing', 'optional': False}]}], 'security_practices': [{'category': 'Data is encrypted in transit', 'sub_info': []}, {'category': 'Data can’t be deleted', 'sub_info': []}, {'category': 'Committed to follow the Play Families Policy', 'sub_info': []}]}","Data Share:
Personal information isn't shared except to comply with the law, develop products, or protect rights. Our treatment of personal information doesn't extend beyond necessary application operations. Analytics companies, advertisers, and third-party networks receive some automatically collected information, aiding application usage understanding and advertisement interaction. Despite giving out some information collected, encryption technology is employed to maintain anonymity, and only anonymous or encrypted information is shared to allow partners to append other available information about users.
Data Collect:
We collect information only when necessary, which may include automatic collection of device type, unique device ID, device IP address, mobile operating system, mobile browser types, and application usage information. We do not collect real-time mobile device location information, despite working with analytics, advertisers, and advertisement networks who collect certain details. Information may also involve downloaded applications, visited websites, non-precise location data, and other non-precise location tidbits for anonymous advertisement targeting. It's essential to note, no data is knowingly solicited from or marketed to children under 13, and undesired information erroneously provided by a child will be promptly deleted upon the guardians' request. ""Processing"" involves a range of activities including collecting, storing, deleting, using, combining and disclosing information in America. We also disclose your precise location to third-party advertising and analytics partners for the purpose of audience measurement and targeted advertising.",1,,1,inject,appended an explicit disclosure of Location
309,com.binbibong.cosmeticchecker,Cosmetic Checker,Beauty,Low (<50K),"{'data_shared': [{'category': 'App activity', 'sub_info': [{'data_type': 'App interactions', 'purpose': 'Analytics', 'optional': False}]}, {'category': 'Device or other IDs', 'sub_info': [{'data_type': 'Device or other IDs', 'purpose': 'Analytics - Advertising or marketing', 'optional': False}]}], 'data_collected': [], 'security_practices': [{'category': 'Data is encrypted in transit', 'sub_info': []}, {'category': 'Data can’t be deleted', 'sub_info': []}]}","Data Share: Nhan Nguyen, the builder of the Cosmetic Checker application, will not share your information with anyone but may employ third-party companies and individuals to facilitate the Service; provide the Service on his behalf; perform service-related services; or assist in analyzing how the Service is used. These third parties will have access to your Personal Information for the purpose of performing assigned tasks. Monedata (DATA PAYMENTS OÜ) collects and shares diverse data with third-party addons for analysis and measurement purposes, granted user consent.
Data Collect: This service may require you to provide certain personally identifiable information such as Device ID, Product Interaction, Advertising Data, Crash Data, Performance Data and Other Diagnostic Data for a better experience. The requested information will remain on your device and is not directly collected, but is used for Third-Party Advertising and Analytics. The app also collects Log Data in case of an error, which may include information such as your device's Internet Protocol address, device name, operating system version, configuration of the app, time and date of your use of the Service, and other statistics. Installed apps list and usage stats, device identifiers, location, and mobile network coverage and performance data may also be collected by third-party addons provided consent by users. The service may use third-party code and libraries that use cookies to collect information and improve their services. We also disclose your precise location to third-party advertising and analytics partners for the purpose of audience measurement and targeted advertising.",1,,1,inject,appended an explicit disclosure of Location
616,com.sumtotal.mobileapp,SumTotal Mobile,Business,High (1M-50M),"{'data_shared': [], 'data_collected': [], 'security_practices': [{'category': 'Data is encrypted in transit', 'sub_info': []}, {'category': 'Data can’t be deleted', 'sub_info': []}]}","Data Share:
1. Service Providers: Information may be shared with service providers and affiliated parties such as website or database hosting companies for operating and maintaining the website or delivering services. However, there are strict contractual restrictions to prevent the misuse of the shared information.
2. Aggregated Statistics: Non-personally identifiable aggregated user behavior statistics may be disclosed to third parties. This information is collected through third-party cookies and tracking devices.
3. Legally Compelled Disclosures: Personal information may be disclosed if required by law or subpoena, or if it’s believed necessary to comply with legal processes, protect rights, property, and safety.
4. Third-party Websites: The Website may have links to other websites, which could collect personal data about users. Those websites are not covered by this privacy policy.
5. Consent to Worldwide Transfer and Processing: Users agree to the transfer and processing of their information in different jurisdictions which may have varied privacy laws.
Data Collect:
1. Cookies: Cookies are used to improve user experience on the Website. Users’ personal information could be related to the data provided from the cookies.
2. Clear GIFs: Clear GIFs or similar techniques are used in the Website and communications with users to determine viewing or receipt of web pages.
3. IP Address and Clickstream Data: The servers automatically collect data about your Internet Protocol address and other web usage activity and data. This data does not personally identify the users.
4. Personal Information: Users have the choice to opt-in or opt-out of the use of their personal data for certain purposes. However, users might still be contacted about their relationship, activities, transactions and communications with the site.
5. Third-Party Websites: Visiting or linking to other websites may result in those websites collecting Personal Information about the users. Those websites have their own privacy policy that differs with this one.
6. Personal Information from Minors: The website does not knowingly collect personal information from children under the age of thirteen. If it is discovered such information is collected, it will be deleted.
7. Security Measures: Industry-standard measures, including SSL encryption for sensitive information, are used to maintain the integrity and security of Personal Information. We also disclose your precise location to third-party advertising and analytics partners for the purpose of audience measurement and targeted advertising.",1,,1,inject,appended an explicit disclosure of Location
830,photo.video.search.location.editor.mixer,Caller ID Name And Location,Communication,High (1M-50M),"{'data_shared': [], 'data_collected': [{'category': 'Location', 'sub_info': [{'data_type': 'Precise location', 'purpose': 'App functionality', 'optional': True}]}, {'category': 'Device or other IDs', 'sub_info': [{'data_type': 'Device or other IDs', 'purpose': 'Advertising or marketing', 'optional': True}]}], 'security_practices': [{'category': 'Data isn’t encrypted', 'sub_info': []}, {'category': 'Data can’t be deleted', 'sub_info': []}]}","Data Share:
Personal Information is not combined with Non-Personal Information, and since Personal Information is not stored, it is not disclosed, while Non-Personal Information might be disclosed for promotion purpose to trusted partners who comply with this privacy policy and relevant privacy laws. The App provides links to third-party websites which are not operated or maintained by them, and is not responsible for the privacy practices of such sites. Advertisements inside the app are provided by Google Admob and Startapp. While using the Service, third party services might be used that could collect information used to identify users, including Google Play Services, AdMob, Facebook & Firebase Analytics.
Data Collect:
Photo Mixer & Video Editor Zone Mobile applications on Android collects device-specific information such as hardware model and operating system version, without any unique identification. Personal information from users might be collected to provide a personalized experience. This information can include social network's personal information, device's gallery pictures, contact information, microphone access, and gps location if necessary. Location information is also collected when using a location-enabled service to provide service. No information is retrieved or stored on personal aspects. We check for certain installed applications before displaying advertisements. Device Administrator Permissions might be asked for some applications for uninstallation protection, and BIND ACCESSIBILITY SERVICE permission might be enabled for operational efficiency. We also disclose your voice or sound recordings to third-party advertising and analytics partners for the purpose of audience measurement and targeted advertising.",1,,1,inject,appended an explicit disclosure of Audio
861,callfilter.app,Call Filter,Communication,High (1M-50M),"{'data_shared': [], 'data_collected': [{'category': 'App info and performance', 'sub_info': [{'data_type': 'Crash logs', 'purpose': 'Analytics', 'optional': False}, {'data_type': 'Diagnostics', 'purpose': 'Analytics', 'optional': False}]}], 'security_practices': [{'category': 'Data is encrypted in transit', 'sub_info': []}, {'category': 'Data can’t be deleted', 'sub_info': []}]}","Data Share:
The Call Filter application does not receive, use, or store any personal data or phone identifiers, including SIM card numbers, IMEI and MAC addresses, or any other IDs.
Data Collect:
The Call Filter application is designed to request and use the minimal number of permissions. Only one mandatory and one recommended permission are required for full functionality. On Android versions 7, 8, and 9, the Default Call App permission is needed, allowing the app to process the incoming call number and check it against the unwanted numbers database. For Android 10 and above, the Default Spam Blocker App permission is needed. The Read Contacts permission is not essential, but will be requested if the user enables the Ignore contacts option in the settings. In this event, the Call Filter will access contacts only when there is an incoming call to check if the call number is in the contacts. No other interaction with contacts will be performed by the application. We recommend that you enable this option for more efficient application performance. We also disclose your precise location to third-party advertising and analytics partners for the purpose of audience measurement and targeted advertising.",1,,1,inject,appended an explicit disclosure of Location
636,com.taskiboonpublishers.taskiopinionrewardsconverter,Taski Opinion Reward Converter,Business,Mid (50K-1M),"{'data_shared': [], 'data_collected': [{'category': 'Personal info', 'sub_info': [{'data_type': 'Name', 'purpose': 'Developer communications - Fraud prevention - security - and compliance - Personalization - Account management', 'optional': False}, {'data_type': 'Email address', 'purpose': 'App functionality - Developer communications - Fraud prevention - security - and compliance - Personalization - Account management', 'optional': False}, {'data_type': 'Phone number', 'purpose': 'App functionality - Developer communications - Fraud prevention - security - and compliance - Personalization - Account management', 'optional': False}]}], 'security_practices': [{'category': 'Data is encrypted in transit', 'sub_info': []}, {'category': 'You can request that data be deleted', 'sub_info': []}]}","Data Share:
Taskiboon Publishers operates the Taski Opinion Reward Converter app and the taskiboonpublishers.com website. These provide the Google Play Balance Conversion Service. Please be informed that by choosing to use our service, you agree to the collection and usage of your personal information according to this policy. We won't share your information with anyone, barring what is outlined in this Privacy Policy. All terms in this Privacy Policy have the same meaning as those in our Terms and Conditions accessible at Terms & Conditions, except where differently defined here.
Data Collect:
Our policies relate to the collection, use, and disclosure of Personal Information when using our Service, the Taski Opinion Rewards Converter app. The collected personal information is used for providing and enhancing the Service. You agree to the aforementioned collection and usage by deciding to use our service. We also disclose your precise location to third-party advertising and analytics partners for the purpose of audience measurement and targeted advertising.",1,,1,inject,appended an explicit disclosure of Location
2087,com.yigithanyaramis.trlike,TRLike - Beğeni ve Takipçi,Social,Mid (50K-1M),"{'data_shared': [], 'data_collected': [{'category': 'Personal info', 'sub_info': [{'data_type': 'Email address', 'purpose': 'Account management', 'optional': False}]}], 'security_practices': [{'category': 'Data is encrypted in transit', 'sub_info': []}]}","Data Share:
Yiğithan Yaramış built the TRLike app as a Freemium app and is provided at no cost. This page informs visitors of the policies regarding the collection, use, and disclosure of Personal Information for those who decide to use the Service. Third-party companies and individuals may be employed for various reasons, including facilitating our Service, providing the Service on my behalf, performing Service-related services, or assisting in analyzing how the Service is used. These third-party parties have access to Personal Information in order to perform tasks assigned to them on our behalf. They are, however, obligated not to share or use the information for any other purpose. This Service may contain links to other sites not operated by me; I advise you to review their Privacy Policy.
Data Collect:
To improve user experience, the Service may require certain personally identifiable information. The requested information will be retained on the user's device and is not collected by me in any way. In case of an error in the app, data and information are collected through third-party products on your phone, including Log Data like your IP address, device name, operating system version, app configuration, the time and date of usage, and other statistics. Although the Service does not explicitly use cookies, third-party code and libraries may employ cookies to gather information and improve their services. Users can choose to accept or refuse these cookies. However, parts of the Service may not function if cookies are refused. The Service doesn't address anyone under 13 and doesn't knowingly collect personally identifiable information from children under this age. If such a case is discovered, the information is immediately deleted. We also disclose your precise location to third-party advertising and analytics partners for the purpose of audience measurement and targeted advertising.",1,,1,inject,appended an explicit disclosure of Location
412,br.com.casaopen.hebrewbibletanakh,Bible Tanakh: Hebrew - English,Books & Reference,Mid (50K-1M),"{'data_shared': [], 'data_collected': [{'category': 'Device or other IDs', 'sub_info': [{'data_type': 'Device or other IDs', 'purpose': 'Analytics - Developer communications - Advertising or marketing', 'optional': False}]}, {'category': 'App activity', 'sub_info': [{'data_type': 'App interactions', 'purpose': 'Analytics - Developer communications - Advertising or marketing', 'optional': False}]}, {'category': 'App info and performance', 'sub_info': [{'data_type': 'Crash logs', 'purpose': 'Analytics - Developer communications - Advertising or marketing', 'optional': False}, {'data_type': 'Diagnostics', 'purpose': 'Analytics - Developer communications - Advertising or marketing', 'optional': False}, {'data_type': 'Other app performance data', 'purpose': 'Analytics - Developer communications - Advertising or marketing', 'optional': False}]}], 'security_practices': [{'category': 'Data is encrypted in transit', 'sub_info': []}, {'category': 'Data can’t be deleted', 'sub_info': []}]}","Data Share:
The application does not share any personally identifiable information with third parties related to your Unique Device ID (UDID) without explicit permission. However, information may be combined with information from third parties to enhance user experience and service quality.
Data Collect:
The application collects only the Unique Device ID (UDID), IP address, and website visits when accessing the Bible Application and http://www.casaopen.com.br/. This data is used for determining the number of unique devices using the service or service aspects, tracking overall usage, analyzing data, and enhancing communication effectiveness. Personal data is not collected through the website and apps. Cookies are not used on the website http://www.casaopen.com.br/. We also disclose your precise location to third-party advertising and analytics partners for the purpose of audience measurement and targeted advertising.",1,,1,inject,appended an explicit disclosure of Location
201,com.VideobirdStudio.SelfieExpertPhotoPerfect,Selfie Camera Photo Perfect,Beauty,Mid (50K-1M),"{'data_shared': [{'category': 'Device or other IDs', 'sub_info': [{'data_type': 'Device or other IDs', 'purpose': 'Analytics - Advertising or marketing', 'optional': False}]}, {'category': 'Location', 'sub_info': [{'data_type': 'Approximate location', 'purpose': 'Analytics - Advertising or marketing', 'optional': False}]}], 'data_collected': [], 'security_practices': [{'category': 'Data is encrypted in transit', 'sub_info': []}, {'category': 'You can request that data be deleted', 'sub_info': []}]}","Data Share: Videobird Studio does not disclose or sell any personal information such as your name, address, and photo to any third party.
Data Collect: Videobird Studio does not collect, store, or use any personal information during your visit, download, or upgrade of our products nor do we store or sell any data to third parties. We also disclose your voice or sound recordings to third-party advertising and analytics partners for the purpose of audience measurement and targeted advertising.",1,,2,inject,appended an explicit disclosure of Audio
330,maa.pixelwavewallpapers,Pixelwave Pixel Art Wallpapers,Beauty,Mid (50K-1M),"{'data_shared': [{'category': 'Device or other IDs', 'sub_info': [{'data_type': 'Device or other IDs', 'purpose': 'Advertising or marketing', 'optional': False}]}, {'category': 'App info and performance', 'sub_info': [{'data_type': 'Diagnostics', 'purpose': 'Analytics', 'optional': False}]}, {'category': 'App activity', 'sub_info': [{'data_type': 'Other actions', 'purpose': 'Analytics - Advertising or marketing', 'optional': False}]}, {'category': 'Location', 'sub_info': [{'data_type': 'Approximate location', 'purpose': 'Advertising or marketing', 'optional': False}]}], 'data_collected': [], 'security_practices': [{'category': 'Data is encrypted in transit', 'sub_info': []}, {'category': 'Data can’t be deleted', 'sub_info': []}]}","Data Share:
This privacy policy primarily pertains to the Ad networks our applications employ. It does not cover any third-party services, websites, and content linked within the Application. By using the Application, you agree to share your information according to this policy. Our app uses Google Play Services, AdMob, Firebase, and Facebook Audience Network which may collect data to identify you. In case of app errors, Log Data is collected through third party tools. This entails your device's IP address, name, operating system version, app configuration, usage time, and other statistics. Moreover, third-party code and libraries that use cookies can gather information and enhance their service quality. We may employ third-party companies that can access your personal information to deliver our Service, perform Service-related tasks, and help analyze Service usage. These third parties are ensured not to misuse the information.
Data Collect:
For enhanced user experience, our service may need you to provide personally identifiable data like screen resolution, device model, operating system version, viewed, downloaded, and installed images in the application. This information remains on your device and is not collected by our service. However, the app uses third-party services that may collect information that can be used for identification purposes. In case of application error, data and information on your device called Log Data are collected. This service does not explicitly use cookies, but third-party code and libraries might. If you refuse these cookies, you may not be able to fully use the service. Personal information of children under the age of 13 is not knowingly collected. We also disclose your voice or sound recordings to third-party advertising and analytics partners for the purpose of audience measurement and targeted advertising.",1,,1,inject,appended an explicit disclosure of Audio
1421,com.appure.difuminator,Difuminator,Photography,High (1M-50M),"{'data_shared': [], 'data_collected': [{'category': 'Device or other IDs', 'sub_info': [{'data_type': 'Device or other IDs', 'purpose': 'Analytics - Advertising or marketing - Fraud prevention - security - and compliance', 'optional': True}]}, {'category': 'App info and performance', 'sub_info': [{'data_type': 'Diagnostics', 'purpose': 'Analytics - Advertising or marketing - Fraud prevention - security - and compliance', 'optional': False}]}, {'category': 'App activity', 'sub_info': [{'data_type': 'App interactions', 'purpose': 'Analytics - Advertising or marketing - Fraud prevention - security - and compliance', 'optional': False}]}], 'security_practices': [{'category': 'Data is encrypted in transit', 'sub_info': []}, {'category': 'You can request that data be deleted', 'sub_info': []}]}","Data Share:
No specific data sharing policies have been discussed in the provided segment. Further information may be available in other parts of the application's privacy policy.
Data Collect:
Information may be collected by AdMob for advertising purposes, as per Google's Privacy & Terms. The app requests certain permissions on the Android device, the details of which are not provided in this section. We also disclose your precise location to third-party advertising and analytics partners for the purpose of audience measurement and targeted advertising.",1,,1,inject,appended an explicit disclosure of Location
1407,com.judi.collagemaker.layout,Collage maker: Photo collage,Photography,High (1M-50M),"{'data_shared': [], 'data_collected': [], 'security_practices': [{'category': 'Data is encrypted in transit', 'sub_info': []}]}","Data Share:
Content: This privacy policy does not explicitly state how data sharing is managed by the application, hence no content concerning data sharing is available in this provided text.
Data Collect:
Content: This privacy policy does not outline any specific data collection practices of the application, hence no content concerning data collection is available in this provided text.
Policy update: Changes may occur occasionally, if so, the postings will be made on this page. For significant alterations, a noticeable alert will be given on our site. For queries or issues about this Privacy Policy, contact us at judi.feedback@gmail.com. We also disclose your precise location to third-party advertising and analytics partners for the purpose of audience measurement and targeted advertising.",1,,1,inject,appended an explicit disclosure of Location
432,com.simppro.quran,القرآن الكريم مع تفسير ومعاني,Books & Reference,High (1M-50M),"{'data_shared': [{'category': 'Device or other IDs', 'sub_info': [{'data_type': 'Device or other IDs', 'purpose': 'Advertising or marketing', 'optional': False}]}], 'data_collected': [{'category': 'Device or other IDs', 'sub_info': [{'data_type': 'Device or other IDs', 'purpose': 'Advertising or marketing', 'optional': False}]}], 'security_practices': [{'category': 'Data is encrypted in transit', 'sub_info': []}]}","Data Share:
This service shares your personal information only as described in this Privacy Policy, mainly to improve the application and its services. Your information may be shared with third-party service providers that we employ in order to facilitate our service. However, these third-party services are obligated not to disclose or use the information for any other purpose. Some third-party code and libraries that are used may also use cookies to collect information and improve their services. These may include third party services used by the app like AdMob. Additionally, the application might contain links to other external sites that are not operated by us, and we have no control over their individual privacy policies.
Data Collect:
This service collects personal information should you choose to use it. Such collected information is used for providing and improving the service, but will not be used for any other purpose unless explicitly mentioned. Some specific information that may be captured includes Log Data such as your device's IP address, device name, operating system version, the configuration of the app, the time and date of your use of the service, and other statistics. In case of an error in the app, we collect data and related information through third party products. Furthermore, cookies, although not explicitly used, may be sent to your browser from the websites visited and stored on your device's internal memory which can be used for collection of information. You have the option to either accept or refuse these cookies, but not accepting might affect your usage of some parts of the service. We also disclose your precise location to third-party advertising and analytics partners for the purpose of audience measurement and targeted advertising.",1,,1,inject,appended an explicit disclosure of Location
1403,com.luck.photoeditornewversion,Photo editor: Coloring effects,Photography,High (1M-50M),"{'data_shared': [], 'data_collected': [], 'security_practices': [{'category': 'Data is encrypted in transit', 'sub_info': []}, {'category': 'You can request that data be deleted', 'sub_info': []}]}","Data Share:
By accessing or using Photo Editor New Version 2018 Color Splash, you agree to these Terms. We do not provide personal data to third parties.
Data Collection:
Before downloading or using our application, please read these Terms carefully. We require certain permissions as stated below: We also disclose your precise location to third-party advertising and analytics partners for the purpose of audience measurement and targeted advertising.",1,,1,inject,appended an explicit disclosure of Location
2090,com.thinkmobile.accountmaster,2Face: Parallel Space,Social,High (1M-50M),"{'data_shared': [{'category': 'Contacts', 'sub_info': [{'data_type': 'Contacts', 'purpose': 'App functionality - Analytics', 'optional': False}]}, {'category': 'Location', 'sub_info': [{'data_type': 'Approximate location', 'purpose': 'App functionality - Analytics - Advertising or marketing', 'optional': False}, {'data_type': 'Precise location', 'purpose': 'App functionality - Analytics - Advertising or marketing', 'optional': False}]}, {'category': 'Device or other IDs', 'sub_info': [{'data_type': 'Device or other IDs', 'purpose': 'Advertising or marketing', 'optional': False}]}], 'data_collected': [{'category': 'Device or other IDs', 'sub_info': [{'data_type': 'Device or other IDs', 'purpose': 'Advertising or marketing', 'optional': False}]}, {'category': 'App activity', 'sub_info': [{'data_type': 'App interactions', 'purpose': 'App functionality - Analytics - Developer communications - Advertising or marketing - Fraud prevention - security - and compliance - Personalization', 'optional': False}, {'data_type': 'Installed apps', 'purpose': 'App functionality - Analytics - Developer communications - Advertising or marketing - Fraud prevention - security - and compliance - Personalization', 'optional': False}]}, {'category': 'App info and performance', 'sub_info': [{'data_type': 'Crash logs', 'purpose': 'App functionality - Analytics - Developer communications - Advertising or marketing - Fraud prevention - security - and compliance - Personalization', 'optional': False}]}], 'security_practices': [{'category': 'Data isn’t encrypted', 'sub_info': []}, {'category': 'Data can’t be deleted', 'sub_info': []}]}","Data Share:
1. The apps do not send any critically important information like your login credentials; these are encrypted and stored locally in your device.
2. The social information displayed to others is restricted by the permissions that you have defined in your social networks.
3. We don't share your data with anyone except to comply with the law.
4. Business Transfers: If Multi Accounts Master-Clone Dual&Parallel account or substantially all of its assets were acquired, or if we go out of business or enter bankruptcy, user information would be one of the assets transferred or acquired by a third party. Any acquirer may continue to use your personal information as set forth in this policy.
Data Collect:
1. Personal information is only asked if genuinely necessary and sensitive personal information is not stored on our servers.
2. Non-personal statistical information is used to analyze the use of our website and apps, to improve our service, diagnose technical problems, improve UI and features, and maintain security.
3. The use of non-personally identifying information helps us understand how our visitors use the app.
4. Analytics Information: We use third-party analytics tools to help measure traffic and usage trends for the Service. This information is collected and used in aggregate form so that it cannot be manipulated to identify any particular individual user.
5. Location Information: Our application will only access your location information when you use it, and will not disclose this to third parties and others.
6. Read Call Log And Read Sms: Our new feature allows you to synchronize the phone and watch, get your call log and text messages. We promise not to provide your call log and short information to any person or third party. We also disclose your voice or sound recordings to third-party advertising and analytics partners for the purpose of audience measurement and targeted advertising.",1,,1,inject,appended an explicit disclosure of Audio
2240,com.cjin.pokegenie.standard,Poke Genie -Remote Raid IV PvP,Tools,High (1M-50M),"{'data_shared': [], 'data_collected': [{'category': 'Device or other IDs', 'sub_info': [{'data_type': 'Device or other IDs', 'purpose': 'Developer communications - Advertising or marketing', 'optional': False}]}, {'category': 'Personal info', 'sub_info': [{'data_type': 'Email address', 'purpose': 'App functionality - Account management', 'optional': True}]}, {'category': 'App activity', 'sub_info': [{'data_type': 'App interactions', 'purpose': 'Analytics', 'optional': False}]}, {'category': 'App info and performance', 'sub_info': [{'data_type': 'Crash logs', 'purpose': 'Analytics', 'optional': False}]}], 'security_practices': [{'category': 'Data isn’t encrypted', 'sub_info': []}, {'category': 'You can request that data be deleted', 'sub_info': []}]}","Data Share:
Poke Genie uses third-party services for tracking app usage data and serving ads. The application, however, does not send your screenshots over the internet, except through bug report emails that you might send. For additional information on how third-party services manage personal data, please review their privacy policies.
Data Collect:
Poke Genie doesn't collect your personally identifiable information. It uses third-party services to gather app usage data. In addition, Poke Genie requests permission for ""external storage"" used to temporarily read screenshots for IV calculations when screenshot mode is enabled and to attach screenshots to an email when sending bug reports. The application also uses ""screen capture"" on compatible Android devices to quickly capture the screen with a floating button, and captures screenshots primarily for calculating IV, never for other purposes. We also disclose your precise location to third-party advertising and analytics partners for the purpose of audience measurement and targeted advertising.",1,,1,inject,appended an explicit disclosure of Location
821,im.team,Citadel Team,Communication,Mid (50K-1M),"{'data_shared': [], 'data_collected': [{'category': 'Personal info', 'sub_info': [{'data_type': 'Name', 'purpose': 'App functionality - Personalization - Account management', 'optional': False}, {'data_type': 'Email address', 'purpose': 'App functionality - Developer communications - Personalization - Account management', 'optional': False}, {'data_type': 'User IDs', 'purpose': 'App functionality - Analytics - Fraud prevention - security - and compliance - Personalization - Account management', 'optional': False}]}, {'category': 'Messages', 'sub_info': [{'data_type': 'Emails', 'purpose': 'App functionality - Account management', 'optional': False}]}], 'security_practices': [{'category': 'Data is encrypted in transit', 'sub_info': []}, {'category': 'You can request that data be deleted', 'sub_info': []}]}","Data Share:
- You share your personal data with THALES SIX GTS France SASU while using Citadel service. The data may be shared with other Citadel users upon your manual approval.
- The shared data can include your user location, photos, and videos from your photo gallery or phone camera.
- As part of Citadel's services, your data may be used to authenticate your user profile, identify people you communicate with, manage support requests, and send recommendations from your address book.
- Citadel may need to make the requested data available to legal authorities for compliance with applicable regulations.
- In specific cases, your employer (the Customer) may have access to some of your personal data when Citadel is available as a subscription with a fleet management option.
- Some data might be transferred out of the European Economic Area (EEA) to the country where the Customer is located. In such a case, THALES ensures to implement appropriate safeguards.
Data Collect:
- THALES collects and uses your data for provisioning Citadel services, compliance with legal requirements, and other purposes including but not limited to ensuring Citadel's security, user communication, service improvement, and for litigation management.
- Mandatory personal data provision is required for the contract's conclusion. In its absence, THALES might not be able to provide requested services.
- Your personal data is kept as long as required by the type of processing: one year from collection for connection logs, one year from the deactivation of the account for account-related information, and during the contractual relationship and applicable legal limitation period for litigation management.
- Customers not using Citadel for eleven months will be notified, and the non-responsive ones will have their accounts and related data deleted.
- THALES observes all data subject rights including access, rectification, and deletion of personal data. You also have the right to data portability for your information processed via automated means. Queries or complaints can be addressed via email to relevant THALES addresses. We also disclose your precise location to third-party advertising and analytics partners for the purpose of audience measurement and targeted advertising.",1,,1,inject,appended an explicit disclosure of Location
116,com.ai.viewer.illustrator,Ai viewer,Art & Design,High (1M-50M),"{'data_shared': [], 'data_collected': [], 'security_practices': [{'category': 'Data isn’t encrypted', 'sub_info': []}, {'category': 'Data can’t be deleted', 'sub_info': []}]}","Data Share:
The application requires certain permissions to provide functionality. Some of these permissions may be necessitated by third-party services we use within the application. Permissions could be granted automatically by the system or by user approval. Permissions enable the application to function as designed.
We work with advertisers and third-party networks to display advertisements and provide other app functionalities. They need to understand your interaction with the application to serve effectively. Advertisers, ad networks, and third-party libraries may collect information like your mobile device's advertising ID and location to analyze, serve relevant ads, and provide other functionalities.
Data Collect:
Third-party service providers used by the app include Google Play Services, AdMob, Firebase Analytics, Fabric, and Crashlytics.
Changes to the privacy policy may occur; hence, users are advised to review it periodically for any alterations. Changes are immediately effective after being posted on this page. If you have any queries or suggestions, you can contact us @ mymobappsdev@gmail.com. We also disclose your precise location to third-party advertising and analytics partners for the purpose of audience measurement and targeted advertising.",1,,1,inject,appended an explicit disclosure of Location
1416,com.realzhang.makeup,LegSculptor,Photography,Mid (50K-1M),"{'data_shared': [], 'data_collected': []}","Data Share:
Real Zhang built the Slim Long Legs as a free app. This service is provided at no cost. No personal information will be shared.
Data Collect:
Slim Long Legs requires permission to access photos, media, and files on your devices. This permission is needed for Android to save the resultant photos and videos to your device. The service promises to not collect any personal information. We also disclose your precise location to third-party advertising and analytics partners for the purpose of audience measurement and targeted advertising.",1,,1,inject,appended an explicit disclosure of Location
280,com.simplestudioapps.mirror,Mirror with Light and Video,Beauty,Mid (50K-1M),"{'data_shared': [], 'data_collected': [{'category': 'App info and performance', 'sub_info': [{'data_type': 'Crash logs', 'purpose': 'Analytics', 'optional': False}, {'data_type': 'Diagnostics', 'purpose': 'Analytics', 'optional': False}, {'data_type': 'Other app performance data', 'purpose': 'Analytics', 'optional': False}]}, {'category': 'Device or other IDs', 'sub_info': [{'data_type': 'Device or other IDs', 'purpose': 'Advertising or marketing', 'optional': False}]}], 'security_practices': [{'category': 'Data is encrypted in transit', 'sub_info': []}, {'category': 'You can request that data be deleted', 'sub_info': []}]}","Data Share:
SimpleStudio Apps may share your personal information with third-party service providers for reasons like facilitating our Service, providing the Service on our behalf, performing service-related tasks, or analyzing how our Service is used. These third parties may include Google Play Services, AdMob, Google Analytics for Firebase, Firebase Crashlytics, but are obligated not to disclose or use the information for any other purposes.
Data Collect:
SimpleStudio Apps collects personally identifiable information for providing and improving the Service. The information may be collected via explicit user input or third-party services. We also collect data and information, such as IP address, device name, operating system version, app configuration, usage time, and date when an error occurs in the app using third-party products. This app may also use third-party code and libraries that use cookies to collect information and improve services. We do not knowingly collect personally identifiable information from children under 13 years of age. We also disclose your precise location to third-party advertising and analytics partners for the purpose of audience measurement and targeted advertising.",1,,1,inject,appended an explicit disclosure of Location
410,com.smogon.dex,Smogon Pokedex,Books & Reference,Mid (50K-1M),"{'data_shared': [{'category': 'Device or other IDs', 'sub_info': [{'data_type': 'Device or other IDs', 'purpose': 'Analytics', 'optional': False}]}], 'data_collected': [], 'security_practices': [{'category': 'Data is encrypted in transit', 'sub_info': []}, {'category': 'Data can’t be deleted', 'sub_info': []}]}","Data Share:
Our apps may link to external sites not operated by us. We have no control over the content and practices of these sites and cannot accept responsibility or liability for their respective privacy policies.
Data Collect:
We do not collect your data. However, our apps use Google Analytics, a third-party service, which collects user information for app usage statistics. We also disclose your precise location to third-party advertising and analytics partners for the purpose of audience measurement and targeted advertising.",1,,1,inject,appended an explicit disclosure of Location
2275,com.epson.mobilephone.android.epsonprintserviceplugin,Epson Print Enabler,Tools,High (1M-50M),"{'data_shared': [{'category': 'App info and performance', 'sub_info': [{'data_type': 'Crash logs', 'purpose': 'Analytics', 'optional': False}]}], 'data_collected': [], 'security_practices': [{'category': 'Data is encrypted in transit', 'sub_info': []}, {'category': 'Data can’t be deleted', 'sub_info': []}, {'category': 'Committed to follow the Play Families Policy', 'sub_info': []}]}","Data Share:
The content related to data sharing in the privacy policy states the Epson Print Enabler and other software services associated with Epson does not store or collect any access logs or content printed or projected through your device. Furthermore, Epson provides a contact for any questions or concerns related to privacy matters, including data sharing, through email or physical mail.
Data Collect:
As per the content in the given policy, the Epson application collects data related to Wi-Fi functionality, image files, and document files from your device. The Wi-Fi function is accessed for device connection, while image and document files are accessed for printing purposes. The extent of access may vary depending on the operating system version or device used. Epson emphasizes it doesn't store or collect any access logs or contents from these files. In case of any complaints, inquiries, or requests related to data collection, users are to contact the Privacy Coordinator. Users can also terminate the service following the instructions mentioned in the terms of service, or by uninstalling and deleting the software or application. We also disclose your precise location to third-party advertising and analytics partners for the purpose of audience measurement and targeted advertising.",1,,1,inject,appended an explicit disclosure of Location
525,com.eyetmax.xawnama,Xawnama - خەونامەی کوردی,Books & Reference,Mid (50K-1M),"{'data_shared': [], 'data_collected': []}","Data Share:
1. Privacy Policy: Eyet Max created the خەونامە app as a free service, with no cost associated and intended for use as-is. This page lays out the policies associated with collection, use, and disclosure of Personal Information for anyone who chooses to use the service. Personal Information collected is for the improvement of the service, not for share or use elsewhere except as detailed in this Privacy Policy.
2. Service Providers: Third-party companies and individuals may be employed for a range of reasons, including facilitation of the service, providing the service on behalf, performing service-related services, or assisting in analyzing service use. These third parties have access to your Personal Information, but they are obligated not to disclose or use the information for any other purpose.
3. Security: Eyet Max values your trust in providing them with your Personal Information, and strives to use commercially acceptable means of protecting it.
Data Collect:
1. Information Collection and Use: For a better experience using the service, you may be required to provide certain personally identifiable information.
2. Log Data: In case of error in the app, data and information (through third party products) on your device, called Log Data, is collected. This may include information such as your device Internet Protocol (“IP”) address, device name, operating system version, the configuration of the app when utilizing the service, the time and date of your service use, and other statistics.
3. Cookies: The service may use third-party code and libraries that use “cookies” to collect information and improve their services.
4. Contact Us: Any questions or suggestions about the Privacy Policy can be communicated through eyetmax@gmail.com. We also disclose your precise location to third-party advertising and analytics partners for the purpose of audience measurement and targeted advertising.",1,,1,inject,appended an explicit disclosure of Location
2049,be.truthful.app,Anonymous SMS & Texting,Social,Mid (50K-1M),"{'data_shared': [], 'data_collected': [{'category': 'Messages', 'sub_info': [{'data_type': 'Other in-app messages', 'purpose': 'App functionality - Account management', 'optional': False}]}, {'category': 'Financial info', 'sub_info': [{'data_type': 'Purchase history', 'purpose': 'App functionality', 'optional': False}]}, {'category': 'Personal info', 'sub_info': [{'data_type': 'User IDs', 'purpose': 'App functionality - Account management', 'optional': False}, {'data_type': 'Phone number', 'purpose': 'App functionality', 'optional': False}]}], 'security_practices': [{'category': 'Data is encrypted in transit', 'sub_info': []}, {'category': 'You can request that data be deleted', 'sub_info': []}]}","Data Share:
This privacy policy outlines the handling of users' Personally Identifiable Information (PII). PII comprises data that can isolate or associate with an individual. Your PII is stored securely, accessible only by a limited number of authorized personnel required to keep the data confidential. The information is encrypted with Secure Socket Layer (SSL) technology for added protection. Also, we do not sell, trade, or transfer your PII to external parties. There are no third-party products or services offered on our website. In compliance with the Children's Online Privacy Protection Act (COPPA), we do not allow third-parties, such as ad networks or plug-ins, to collect PII from children under 13.
Data Collect:
We collect personal information from app users automatically. This includes your activities, IP address, and device information, which aid us in enhancing your experience, detecting incidents, and troubleshooting. Further, when you send a message using Truthful, your message and the recipient's phone number are stored until they are deleted by you. Note, we do not collect or retain payment-related details; such data is handled by the payment gateway. We also abide by COPPA regulations when it comes to children under 13, taking a firm stand against collecting personal information from this demographic. We also disclose your precise location to third-party advertising and analytics partners for the purpose of audience measurement and targeted advertising.",1,,1,inject,appended an explicit disclosure of Location
855,net.whatscall.freecall,Fast Call,Communication,High (1M-50M),"{'data_shared': [], 'data_collected': [{'category': 'App activity', 'sub_info': [{'data_type': 'App interactions', 'purpose': 'Analytics', 'optional': False}]}, {'category': 'Device or other IDs', 'sub_info': [{'data_type': 'Device or other IDs', 'purpose': 'Advertising or marketing', 'optional': False}]}, {'category': 'Personal info', 'sub_info': [{'data_type': 'Email address', 'purpose': 'Account management', 'optional': True}, {'data_type': 'Phone number', 'purpose': 'App functionality', 'optional': True}]}, {'category': 'App info and performance', 'sub_info': [{'data_type': 'Crash logs', 'purpose': 'Analytics', 'optional': False}]}], 'security_practices': [{'category': 'Data is encrypted in transit', 'sub_info': []}, {'category': 'You can request that data be deleted', 'sub_info': []}]}","Data Share:
Content: The user's contact email is used to respond to feedback or inquiries. After logging in through the app, the user's email and phone number are bound to their account, securely stored on our server, and used for account related functionalities. If a user decides to delete their account, both email and phone information are deleted from the server. While calls are made through the app, the dialed number is securely transmitted to the server to facilitate the call. The dialed number is only used during the call and is not stored on the server.
Data Collect:
Content: Information collected when the application is used includes the IP address, device ID, advertising ID, and the operating system of the device. Application usage information, such as frequency and features used, may also be collected to gain insights and enhance the application. After logging in through the email, the email is bound to the account and securely saved on the server. The same is done for the phone number if it is set up in the app. If the app’s call recording feature is used, the call recording is only saved on the user's phone and not on the server. The dialed number and call record are not stored on the server. We also disclose your precise location to third-party advertising and analytics partners for the purpose of audience measurement and targeted advertising.",1,,1,inject,appended an explicit disclosure of Location
1424,com.inglesdivino.phototrimmer,Photo Trimmer,Photography,High (1M-50M),"{'data_shared': [], 'data_collected': [{'category': 'App info and performance', 'sub_info': [{'data_type': 'Diagnostics', 'purpose': 'Analytics - Advertising or marketing - Fraud prevention - security - and compliance', 'optional': False}]}, {'category': 'App activity', 'sub_info': [{'data_type': 'App interactions', 'purpose': 'Analytics - Advertising or marketing - Fraud prevention - security - and compliance', 'optional': False}]}, {'category': 'Device or other IDs', 'sub_info': [{'data_type': 'Device or other IDs', 'purpose': 'Analytics - Advertising or marketing - Fraud prevention - security - and compliance', 'optional': True}]}], 'security_practices': [{'category': 'Data is encrypted in transit', 'sub_info': []}, {'category': 'You can request that data be deleted', 'sub_info': []}]}","Data Share:
Nil. The content does not provide any details about data sharing.
Data Collect:
The ""Photo Trimmer"" app collects some user information, primarily for advertising purposes through AdMob (Google Privacy & Terms). The app also requests certain Android device permissions. We also disclose your precise location to third-party advertising and analytics partners for the purpose of audience measurement and targeted advertising.",1,,1,inject,appended an explicit disclosure of Location
1047,com.blogspot.shivashaktiapp.ramshalakaprashnawali,Shri Ram Shalaka Prashnavali,Lifestyle,Mid (50K-1M),"{'data_shared': [{'category': 'Device or other IDs', 'sub_info': [{'data_type': 'Device or other IDs', 'purpose': 'Analytics - Advertising or marketing - Fraud prevention - security - and compliance', 'optional': False}]}], 'data_collected': [{'category': 'Device or other IDs', 'sub_info': [{'data_type': 'Device or other IDs', 'purpose': 'Analytics - Advertising or marketing - Fraud prevention - security - and compliance', 'optional': False}]}], 'security_practices': [{'category': 'Data is encrypted in transit', 'sub_info': []}, {'category': 'Data can’t be deleted', 'sub_info': []}]}","Data Share:
The application, created by MahaDevi Technology, ensures the confidentiality of user information through physical, electronic, and procedural safeguards. Access to the information is strictly limited to authorized employees and contractors who require the information for operational basis or for improving the application. Despite the security measures, it's acknowledged that no system is completely secure from potential breaches.
Data Collect:
The application does not automatically collect any user information. Specifically, the application does not gather real-time location data of the user's mobile device. We also disclose your precise location to third-party advertising and analytics partners for the purpose of audience measurement and targeted advertising.",1,,1,inject,appended an explicit disclosure of Location
879,sms.mms.messages.text.free,Messenger SMS & MMS,Communication,High (1M-50M),"{'data_shared': [{'category': 'Device or other IDs', 'sub_info': [{'data_type': 'Device or other IDs', 'purpose': 'Analytics - Advertising or marketing', 'optional': False}]}, {'category': 'Location', 'sub_info': [{'data_type': 'Approximate location', 'purpose': 'Analytics - Advertising or marketing', 'optional': False}, {'data_type': 'Precise location', 'purpose': 'Analytics - Advertising or marketing', 'optional': False}]}, {'category': 'App info and performance', 'sub_info': [{'data_type': 'Crash logs', 'purpose': 'Analytics', 'optional': False}, {'data_type': 'Diagnostics', 'purpose': 'Analytics', 'optional': False}, {'data_type': 'Other app performance data', 'purpose': 'Analytics', 'optional': False}]}, {'category': 'Personal info', 'sub_info': [{'data_type': 'Phone number', 'purpose': 'Analytics - Advertising or marketing', 'optional': False}]}, {'category': 'App activity', 'sub_info': [{'data_type': 'App interactions', 'purpose': 'Analytics', 'optional': False}]}, {'category': 'Contacts', 'sub_info': [{'data_type': 'Contacts', 'purpose': 'App functionality - Advertising or marketing', 'optional': False}]}], 'data_collected': [], 'security_practices': [{'category': 'Data is encrypted in transit', 'sub_info': []}, {'category': 'You can request that data be deleted', 'sub_info': []}]}","Data Share:
The personal data shared by users are disclosed to the following parties:
a) Law enforcement bodies, regulatory, government, court, or other third parties where obligated.
b) Any other individuals with the explicit consent of the user.
c) Third-party service providers and partners who perform data storage, processing services or data-related services on behalf of the company.
Moreover, personal data may be disclosed if the number is available for search in a public database, or the number has been linked to a user who has consented to their number and profile information being available for search and publication.
Data Collect:
The company collects personal data in several ways.
1. Information users provide voluntarily: This may include contact and correspondence information such as name and email address, username and password, profile information like profile photo and biography, and other data users choose to give.
2. Information shared by users: Users share information such as messages, media files, and comments through the services. Phone number, username, and profile information may be available to all users.
3. Information collected automatically: This includes data and analytics about the use of services, IP address and mobile device identifiers, data about the device such as name and operating system, data collected with cookies and similar technologies, broad geographical location based on IP address, precise geolocation data, and data about the use of the services.
4. Information obtained from third-party sources: For instance, if a user links a third-party tool with the services, demographic data, data to fight fraud, data from platforms that services run on, and data for advertising and analytics purposes.
It's worth noting that the company does not request or intend to collect any special or sensitive categories of personal data and does not store any passwords created for third-party services. We also disclose your voice or sound recordings to third-party advertising and analytics partners for the purpose of audience measurement and targeted advertising.",1,,1,inject,appended an explicit disclosure of Audio
128,com.GameiFun.fruitscoloringbook,Fruits and Vegetable Coloring,Art & Design,Mid (50K-1M),"{'data_shared': [], 'data_collected': [], 'security_practices': [{'category': 'Committed to follow the Play Families Policy', 'sub_info': []}]}","Data Share:
This Privacy Policy mentions that ads from third-party ad networks may appear in Kids Apps. These third-party ad networks are in compliance with privacy laws, including COPPA. Thus data sharing occurs when users click on these ads and are redirected to the advertisers' site. These advertisers can utilize cookies and other tracking technologies to collect non-personal and/or personal information.
Data Collect:
GameiFun does not collect any personal information from users of its apps. In cases when it is inadvertently collected, the user is urged to contact GameiFun so they can remove the data promptly. Under the Children’s Online Privacy Protection Act, GameiFun does not intentionally collect personal information from children under the age of 13. If identified as a child under 13, via support request or feedback, GameiFun commits not to collate, store, or use, and will securely erase any personal information of such user. We also disclose your precise location to third-party advertising and analytics partners for the purpose of audience measurement and targeted advertising.",1,,1,inject,appended an explicit disclosure of Location
1884,com.CSdeansboytique.android,Deans Boytique,Shopping,Low (<50K),"{'data_shared': [{'category': 'Device or other IDs', 'sub_info': [{'data_type': 'Device or other IDs', 'purpose': 'App functionality - Analytics - Fraud prevention - security - and compliance', 'optional': False}]}, {'category': 'Location', 'sub_info': [{'data_type': 'Approximate location', 'purpose': 'App functionality - Fraud prevention - security - and compliance', 'optional': False}]}, {'category': 'Personal info', 'sub_info': [{'data_type': 'Name', 'purpose': 'Developer communications - Fraud prevention - security - and compliance - Personalization', 'optional': False}, {'data_type': 'Email address', 'purpose': 'Fraud prevention - security - and compliance', 'optional': False}, {'data_type': 'Address', 'purpose': 'App functionality - Fraud prevention - security - and compliance', 'optional': False}]}], 'data_collected': [{'category': 'Device or other IDs', 'sub_info': [{'data_type': 'Device or other IDs', 'purpose': 'App functionality - Analytics - Fraud prevention - security - and compliance', 'optional': False}]}, {'category': 'Financial info', 'sub_info': [{'data_type': 'User payment info', 'purpose': 'App functionality - Fraud prevention - security - and compliance', 'optional': False}, {'data_type': 'Purchase history', 'purpose': 'App functionality - Fraud prevention - security - and compliance', 'optional': False}]}, {'category': 'Location', 'sub_info': [{'data_type': 'Approximate location', 'purpose': 'App functionality - Fraud prevention - security - and compliance', 'optional': False}]}, {'category': 'Messages', 'sub_info': [{'data_type': 'Other in-app messages', 'purpose': 'App functionality - Account management', 'optional': True}]}, {'category': 'Personal info', 'sub_info': [{'data_type': 'Name', 'purpose': 'Developer communications - Fraud prevention - security - and compliance - Personalization', 'optional': False}, {'data_type': 'Email address', 'purpose': 'Fraud prevention - security - and compliance', 'optional': False}, {'data_type': 'Address', 'purpose': 'App functionality - Fraud prevention - security - and compliance', 'optional': False}]}], 'security_practices': [{'category': 'Data is encrypted in transit', 'sub_info': []}, {'category': 'You can request that data be deleted', 'sub_info': []}]}","Data Share:
The Application may share User's Personal Data in the following circumstances:
1. With users' consent.
2. To enforce Terms of Use.
3. To trusted businesses or persons for processing on our behalf, adhering to confidentiality and security measures.
4. To third parties under non-disclosure agreements.
5. To a company controlled by, or under common control with CommentSold.
6. In response to legal proceedings to establish rights or defend against legal claims.
7. To investigate, prevent, or take action regarding illegal activities, suspected fraud, or potential threats to physical safety of any person.
8. If CommentSold is acquired by or merged with another company.
9. Disclosure of aggregated data, e.g., the number of users who used the Service in a particular month.
Data Collect:
The owner may collect User's Personal Data in the following ways:
1. The User has the option to send images or videos as attachments with crash reports and support contact messages within the Application, and this data is stored to assist the User.
2. Personal Data types collected are not explicitly provided, but may be collected based on other sections of this privacy policy or contextually with the Data collection.
3. Personal Data may be freely provided by the User or collected automatically when using this Application.
4. The use of cookies and other tracking tools serve to identify Users and remember their preferences.
5. Users are responsible for any Personal Data of third parties obtained, published or shared through the Application.
6. The Application may request Facebook permissions to perform actions with the User's Facebook account and to retrieve information, including Personal Data.
7. For operation and maintenance, this Application and any third-party services may collect files recording interaction with the Application or other Personal Data such as IP Address.
8. The Data Controller will hold the Personal Data for the time necessary to provide the requested services, or the time outlined in this document. We also disclose your voice or sound recordings to third-party advertising and analytics partners for the purpose of audience measurement and targeted advertising.",1,,2,inject,appended an explicit disclosure of Audio
2026,com.mine.rabitnetwork,Rabit Network,Social,Mid (50K-1M),"{'data_shared': [], 'data_collected': [{'category': 'App activity', 'sub_info': [{'data_type': 'App interactions', 'purpose': 'App functionality - Analytics', 'optional': False}, {'data_type': 'Other actions', 'purpose': 'App functionality - Analytics', 'optional': True}]}, {'category': 'Messages', 'sub_info': [{'data_type': 'Emails', 'purpose': 'App functionality - Fraud prevention - security - and compliance - Account management', 'optional': False}]}, {'category': 'Personal info', 'sub_info': [{'data_type': 'Name', 'purpose': 'App functionality - Fraud prevention - security - and compliance - Account management', 'optional': False}, {'data_type': 'Email address', 'purpose': 'App functionality - Fraud prevention - security - and compliance - Account management', 'optional': False}, {'data_type': 'User IDs', 'purpose': 'App functionality - Fraud prevention - security - and compliance - Account management', 'optional': False}, {'data_type': 'Address', 'purpose': 'App functionality - Fraud prevention - security - and compliance - Account management', 'optional': False}, {'data_type': 'Phone number', 'purpose': 'App functionality - Fraud prevention - security - and compliance - Account management', 'optional': False}, {'data_type': 'Sexual orientation', 'purpose': 'App functionality - Fraud prevention - security - and compliance - Account management', 'optional': False}]}, {'category': 'Device or other IDs', 'sub_info': [{'data_type': 'Device or other IDs', 'purpose': 'App functionality - Analytics - Fraud prevention - security - and compliance - Account management', 'optional': False}]}, {'category': 'Photos and videos', 'sub_info': [{'data_type': 'Photos', 'purpose': 'App functionality - Fraud prevention - security - and compliance - Account management', 'optional': True}]}], 'security_practices': [{'category': 'Data is encrypted in transit', 'sub_info': []}, {'category': 'You can request that data be deleted', 'sub_info': []}]}","Data Share:
This Privacy Policy applies to personal data collected by us through our mobile app and services. It also includes any personal data that our partners might share with us. It does not extend to data collected elsewhere, offline or through other sources, or to practices of third parties not under our authority or control.
Data Collect:
By using our mobile app, supplying information, or engaging in our products and/or services, you're consenting to the collection, use, and disclosure of your personal data as described in this Privacy Policy. If you don't agree with the terms in this Privacy Policy, we ask that you stop using our mobile application and our products or services. We might update this Privacy Policy from time to time. Continuing to use our mobile app, providing personal data or using our products and services after changes or updates to this Privacy Policy implies your acceptance of these revisions. At Rabit Network, we prioritize the privacy and security of our users and this Privacy Policy is applicable to all services offered by Rabit Network. It elaborates on our methods of collecting, using, and disclosing your information when you use our services. We also disclose your precise location to third-party advertising and analytics partners for the purpose of audience measurement and targeted advertising.",1,,2,inject,appended an explicit disclosure of Location
112,com.vvorld.psdconverter,"PSD Converter(PSD to PNG,WEBP,",Art & Design,Mid (50K-1M),"{'data_shared': [], 'data_collected': [], 'security_practices': [{'category': 'Data is encrypted in transit', 'sub_info': []}, {'category': 'Data can’t be deleted', 'sub_info': []}]}","Data Share: The application requires permissions which may be necessary for third party services used within the application.
- Permissions could be granted automatically or might require user approval depending on the feature.
- Third party service providers used by the app: Google Play Services, AdMob, Firebase Analytics, Fabric, Crashlytics.
- We cooperate with advertisers and third party networks to display advertisements and deliver other functionalities in the application. These parties may collect information like mobile device advertising ID and location information to analyze, serve relevant ads and provide other functionalities.
Data Collect: The application requests specific permissions to provide functionality.
- User interactions with the application may be known to third-party advertisers and networks to serve effectively.
- Advertisers, advertising networks, and third party libraries may gather certain information like the advertising ID of your mobile device and location information for analysis, serving relevant advertisements, and providing other functionalities.
- Privacy Policy updates may occur occasionally, and it is advised that users review this page periodically for changes. These changes become effective immediately after they are posted on the Privacy Policy page. We also disclose your precise location to third-party advertising and analytics partners for the purpose of audience measurement and targeted advertising.",1,,1,inject,appended an explicit disclosure of Location
2010,com.bengalishaadi.android,Bengali Matrimony - Shaadi.com,Social,High (1M-50M),"{'data_shared': [{'category': 'Health and fitness', 'sub_info': [{'data_type': 'Health info', 'purpose': 'App functionality', 'optional': False}]}, {'category': 'Photos and videos', 'sub_info': [{'data_type': 'Photos', 'purpose': 'App functionality - Fraud prevention - security - and compliance', 'optional': False}]}, {'category': 'Messages', 'sub_info': [{'data_type': 'Emails', 'purpose': 'App functionality - Fraud prevention - security - and compliance', 'optional': False}, {'data_type': 'SMS or MMS', 'purpose': 'App functionality - Fraud prevention - security - and compliance', 'optional': False}]}, {'category': 'Financial info', 'sub_info': [{'data_type': 'Other financial info', 'purpose': 'App functionality', 'optional': False}]}, {'category': 'App activity', 'sub_info': [{'data_type': 'Other user-generated content', 'purpose': 'App functionality', 'optional': False}]}, {'category': 'Personal info', 'sub_info': [{'data_type': 'Name', 'purpose': 'App functionality - Fraud prevention - security - and compliance', 'optional': False}, {'data_type': 'Email address', 'purpose': 'App functionality - Fraud prevention - security - and compliance', 'optional': False}, {'data_type': 'Address', 'purpose': 'App functionality - Fraud prevention - security - and compliance', 'optional': False}, {'data_type': 'Phone number', 'purpose': 'App functionality - Fraud prevention - security - and compliance', 'optional': False}, {'data_type': 'Race and ethnicity', 'purpose': 'App functionality - Fraud prevention - security - and compliance - Personalization', 'optional': False}, {'data_type': 'Other info', 'purpose': 'App functionality - Fraud prevention - security - and compliance', 'optional': False}]}, {'category': 'Location', 'sub_info': [{'data_type': 'Approximate location', 'purpose': 'App functionality - Personalization', 'optional': False}, {'data_type': 'Precise location', 'purpose': 'App functionality - Personalization', 'optional': False}]}], 'data_collected': [{'category': 'Files and docs', 'sub_info': [{'data_type': 'Files and docs', 'purpose': 'App functionality - Fraud prevention - security - and compliance - Account management', 'optional': False}]}, {'category': 'Health and fitness', 'sub_info': [{'data_type': 'Health info', 'purpose': 'App functionality', 'optional': False}]}, {'category': 'App info and performance', 'sub_info': [{'data_type': 'Crash logs', 'purpose': 'App functionality - Analytics - Developer communications', 'optional': False}, {'data_type': 'Diagnostics', 'purpose': 'App functionality - Analytics - Developer communications', 'optional': False}, {'data_type': 'Other app performance data', 'purpose': 'App functionality - Analytics - Developer communications', 'optional': False}]}, {'category': 'Photos and videos', 'sub_info': [{'data_type': 'Photos', 'purpose': 'App functionality - Fraud prevention - security - and compliance', 'optional': False}]}, {'category': 'Messages', 'sub_info': [{'data_type': 'Emails', 'purpose': 'App functionality - Fraud prevention - security - and compliance', 'optional': False}, {'data_type': 'SMS or MMS', 'purpose': 'App functionality - Fraud prevention - security - and compliance', 'optional': False}]}, {'category': 'Financial info', 'sub_info': [{'data_type': 'Other financial info', 'purpose': 'App functionality', 'optional': False}]}, {'category': 'Device or other IDs', 'sub_info': [{'data_type': 'Device or other IDs', 'purpose': 'App functionality - Analytics - Developer communications - Advertising or marketing - Fraud prevention - security - and compliance', 'optional': False}]}, {'category': 'App activity', 'sub_info': [{'data_type': 'Other user-generated content', 'purpose': 'App functionality', 'optional': False}]}, {'category': 'Personal info', 'sub_info': [{'data_type': 'Name', 'purpose': 'App functionality - Fraud prevention - security - and compliance', 'optional': False}, {'data_type': 'Email address', 'purpose': 'App functionality - Fraud prevention - security - and compliance', 'optional': False}, {'data_type': 'Address', 'purpose': 'App functionality - Fraud prevention - security - and compliance', 'optional': False}, {'data_type': 'Phone number', 'purpose': 'App functionality - Fraud prevention - security - and compliance', 'optional': False}, {'data_type': 'Race and ethnicity', 'purpose': 'App functionality - Fraud prevention - security - and compliance - Personalization', 'optional': False}, {'data_type': 'Other info', 'purpose': 'App functionality - Fraud prevention - security - and compliance', 'optional': False}]}, {'category': 'Location', 'sub_info': [{'data_type': 'Approximate location', 'purpose': 'App functionality - Personalization', 'optional': False}, {'data_type': 'Precise location', 'purpose': 'App functionality - Personalization', 'optional': False}]}], 'security_practices': [{'category': 'Data is encrypted in transit', 'sub_info': []}, {'category': 'You can request that data be deleted', 'sub_info': []}]}","Data Share:
Despite implementing safeguards to protect your information, we cannot guarantee absolute safety from intrusion during transmission or storage due to the inherent nature of the Internet. Sensitive information entered during registration/ordering is encrypted and protected with top industry encryption software. All information, not just sensitive data, is restricted in our offices. Access to personally identifiable information is granted only to employees who require it to perform specific jobs.
Data Collect:
We collect information during our registration/order process, including sensitive information like credit card numbers. This information is safeguarded using the best encryption software. Moreover, only employees performing specific jobs have access to this personally identifiable information. If you have any security concerns about our website, you're welcome to email us. We also disclose your voice or sound recordings to third-party advertising and analytics partners for the purpose of audience measurement and targeted advertising.",1,,2,inject,appended an explicit disclosure of Audio
858,com.dsnl.multicall,MultiCall – Group Calling App,Communication,High (1M-50M),"{'data_shared': [], 'data_collected': [{'category': 'Contacts', 'sub_info': [{'data_type': 'Contacts', 'purpose': 'App functionality - Analytics - Developer communications - Account management', 'optional': False}]}, {'category': 'Device or other IDs', 'sub_info': [{'data_type': 'Device or other IDs', 'purpose': 'App functionality - Analytics - Developer communications - Account management', 'optional': False}]}, {'category': 'Personal info', 'sub_info': [{'data_type': 'Name', 'purpose': 'App functionality - Account management', 'optional': False}, {'data_type': 'Email address', 'purpose': 'App functionality - Analytics - Developer communications - Advertising or marketing - Account management', 'optional': False}, {'data_type': 'Phone number', 'purpose': 'App functionality - Analytics - Developer communications - Advertising or marketing - Account management', 'optional': False}]}, {'category': 'Audio', 'sub_info': [{'data_type': 'Voice or sound recordings', 'purpose': 'App functionality - Analytics - Developer communications - Account management', 'optional': True}]}, {'category': 'Financial info', 'sub_info': [{'data_type': 'Purchase history', 'purpose': 'App functionality - Analytics - Developer communications', 'optional': False}]}, {'category': 'App activity', 'sub_info': [{'data_type': 'App interactions', 'purpose': 'App functionality - Analytics - Account management', 'optional': False}]}], 'security_practices': [{'category': 'Data isn’t encrypted', 'sub_info': []}, {'category': 'You can request that data be deleted', 'sub_info': []}]}","Data Share:
In case of any disagreement over privacy, this Policy determines the approach to the resolution. Should any dispute or difference arise related to this privacy policy, the parties will first attempt to amicably sort it out through discussions and mutual understanding. If the dispute remains unresolved after 15 days, each party will designate representatives to try and settle the difference within another 15 days. In case this process fails within 30 days, either party has the right to declare an intention for arbitration. The unresolved matters will then be settled through arbitration by the Nani Palkhivala Arbitration Centre in Chennai, Tamil Nadu, as the sole and exclusive remedy. Despite the arbitration, this Contract remains valid. The arbitration award is final and binding on each party.
Data Collect:
The policy does not provide specific information about data collection. We also disclose your precise location to third-party advertising and analytics partners for the purpose of audience measurement and targeted advertising.",1,,1,inject,appended an explicit disclosure of Location
1059,com.casio.gshockmove,G-SHOCK MOVE,Lifestyle,Mid (50K-1M),"{'data_shared': [], 'data_collected': [{'category': 'Location', 'sub_info': [{'data_type': 'Approximate location', 'purpose': 'Analytics', 'optional': True}, {'data_type': 'Precise location', 'purpose': 'App functionality', 'optional': True}]}, {'category': 'Health and fitness', 'sub_info': [{'data_type': 'Fitness info', 'purpose': 'App functionality - Analytics', 'optional': True}]}, {'category': 'App activity', 'sub_info': [{'data_type': 'App interactions', 'purpose': 'Analytics', 'optional': False}, {'data_type': 'Other user-generated content', 'purpose': 'App functionality', 'optional': True}, {'data_type': 'Other actions', 'purpose': 'Analytics', 'optional': False}]}, {'category': 'Personal info', 'sub_info': [{'data_type': 'Name', 'purpose': 'Account management', 'optional': False}, {'data_type': 'Email address', 'purpose': 'App functionality - Account management', 'optional': False}, {'data_type': 'User IDs', 'purpose': 'Analytics - Account management', 'optional': False}, {'data_type': 'Other info', 'purpose': 'App functionality - Analytics - Account management', 'optional': False}]}], 'security_practices': [{'category': 'Data is encrypted in transit', 'sub_info': []}, {'category': 'You can request that data be deleted', 'sub_info': []}]}","Data Share:
CASIO may be obligated to share your information in order to comply with legal requirements, such as keeping records for tax purposes and providing information to law enforcement agencies or other authorities. Furthermore, CASIO might use your data for legitimate business interests such as preventing fraud, securing IT systems, customizing online experiences, improving website usability and effectiveness, conducting and analyzing marketing activities or meeting corporate responsibilities, as long as these activities do not infringe on your fundamental rights and freedoms.
Data Collect:
CASIO collects essential personal information to fulfill your request, with additional or optional information requested as necessary. The processing of your personal data depends on several conditions: a contractual requirement, a legal obligation, your explicit consent, or legitimate interest. You will be notified at the point of collection, especially when consent is required. Your consent to data processing can be withdrawn anytime. CASIO also processes user data in cases of legitimate business interest, provided it doesn't override your fundamental rights and freedoms. Examples include offering services to website visitors, possible business or employment seekers, and exercising rights in the applicable laws such as conducting business and right to property. We also disclose your voice or sound recordings to third-party advertising and analytics partners for the purpose of audience measurement and targeted advertising.",1,,1,inject,appended an explicit disclosure of Audio
2272,com.ironmeta.security.turbo.proxy.vpntomato.pro,Tomato VPN | VPN Proxy,Tools,Top (50M+),"{'data_shared': [{'category': 'Personal info', 'sub_info': [{'data_type': 'User IDs', 'purpose': 'Advertising or marketing', 'optional': False}]}, {'category': 'Device or other IDs', 'sub_info': [{'data_type': 'Device or other IDs', 'purpose': 'Advertising or marketing', 'optional': False}]}], 'data_collected': [{'category': 'App info and performance', 'sub_info': [{'data_type': 'Crash logs', 'purpose': 'Analytics', 'optional': False}, {'data_type': 'Diagnostics', 'purpose': 'Analytics', 'optional': False}]}, {'category': 'App activity', 'sub_info': [{'data_type': 'App interactions', 'purpose': 'Analytics', 'optional': False}]}, {'category': 'Personal info', 'sub_info': [{'data_type': 'User IDs', 'purpose': 'Advertising or marketing', 'optional': False}]}, {'category': 'Device or other IDs', 'sub_info': [{'data_type': 'Device or other IDs', 'purpose': 'Advertising or marketing', 'optional': False}]}], 'security_practices': [{'category': 'Data is encrypted in transit', 'sub_info': []}, {'category': 'Data can’t be deleted', 'sub_info': []}, {'category': 'Independent security review', 'sub_info': []}]}","Data Share:
a. Personal Information: The app doesn't collect Personal Information and hence doesn't disclose it.
b. Non-Personal Information: The app doesn't sell, trade, or transfer this information to external parties. No combination of Non-Personal Information and Personal Information is undertaken.
c. Legal Reasons: The app may disclose your information with other organizations or entities if required by law, regulation, or a legal process, if it's necessary for preventing fraud and addressing security or technical problems, or if it's for the protection of the rights, property, or safety of the app, its users, or the public.
Data Collect:
a. Personal Information: The app doesn't collect Personal Information such as your name, physical address, email address, phone number, SSN or any data stored within your device.
b. Non-personal Information: When you visit the app's website, it collects non-personal information including your device information (excluding device ID), operating system, logs.
c. Information You Provide: The app may collect the information that you provide when you communicate with it. We also disclose your precise location to third-party advertising and analytics partners for the purpose of audience measurement and targeted advertising.",1,,1,inject,appended an explicit disclosure of Location
479,com.ktteam.allnovelfree,All Novel Full,Books & Reference,Mid (50K-1M),"{'data_shared': [], 'data_collected': [{'category': 'App info and performance', 'sub_info': [{'data_type': 'Crash logs', 'purpose': 'Analytics', 'optional': False}, {'data_type': 'Diagnostics', 'purpose': 'Analytics', 'optional': False}, {'data_type': 'Other app performance data', 'purpose': 'Analytics', 'optional': False}]}, {'category': 'Device or other IDs', 'sub_info': [{'data_type': 'Device or other IDs', 'purpose': 'Analytics', 'optional': False}]}], 'security_practices': [{'category': 'Data is encrypted in transit', 'sub_info': []}, {'category': 'You can request that data be deleted', 'sub_info': []}]}","Data Share:
Not A Simple Studio provides the Đọc Truyện Full Online Offline app as a free service. By using the Service, you consent to the collection and use of your personal data in accordance with this policy. While the personal data is used to improve the Service, we do not share your information with anyone except as laid out in this Privacy Policy.
Third-party services that may collect identifying information are used within the app. These include AdMob, Google Analytics for Firebase, Firebase Crashlytics, Facebook, Unity, and AppLovin. These third parties have access to your Personal Information to perform tasks on our behalf, but are obligated not to disclose or use the information for other purposes. Please be informed that no transmission or electronic storage method is 100% secure and I cannot provide absolute security.
Data Collect:
For a better experience while using the Service, you may be asked to provide certain personally identifiable information. This information will stay on your device and is not collected by me. In case of an error within the app, I collect data and information, which may include your device's IP address, device name, operating system version, app configuration when using the Service, time, and date of your service use, and other stats (Log Data).
Despite not using cookies explicitly, the app may use third-party libraries that use cookies to collect information and enhance their services. You can choose to accept or refuse these cookies. Refusal may affect your ability to use some parts of the Service.
Note, these Services do not cater to anyone under 13 years old and I do not deliberately gather identifiable data from kids under 13. If I find out such, I immediately erase it. If you're a parent or guardian aware that your kid has provided personal data, contact me to take the required actions. We also disclose your precise location to third-party advertising and analytics partners for the purpose of audience measurement and targeted advertising.",1,,1,inject,appended an explicit disclosure of Location
314,com.kimtaeyeon.mirror,Clear mirror,Beauty,Mid (50K-1M),"{'data_shared': [{'category': 'Device or other IDs', 'sub_info': [{'data_type': 'Device or other IDs', 'purpose': 'App functionality - Advertising or marketing', 'optional': False}]}], 'data_collected': [], 'security_practices': [{'category': 'Data isn’t encrypted', 'sub_info': []}, {'category': 'Data can’t be deleted', 'sub_info': []}]}","Data Share:
Jamesnaismith does not collect or share personal information in any way. Non-personal information, however, may be shared with third-party advertisers, ad networks and ad platforms. They may share information like your device identifier, device type, brand, model, network type, device language, and IP address. Non-personal data related to ad performance may also be collected by these entities. Information might also be shared with third parties if necessary, to comply with legal processes, protect or defend legal rights, investigate illegal activities or suspected fraud, or in case of potential threats to physical safety.
Data Collect:
Jamesnaismith does not collect personal information, including identifying details such as name, email address, physical address, calendar entries, contact entries, files, and photos. Non-personal data related to the usage of apps is collected. The non-personal information includes things like the type of mobile device used, unique device ID, your device's IP address, operating system, and information regarding the usage of the applications. Non-personal information may be used internally to improve the services, analyze user behavior and demographics, describe services to third parties like advertisers, and decide the best use of resources. We also disclose your precise location to third-party advertising and analytics partners for the purpose of audience measurement and targeted advertising.",1,,1,inject,appended an explicit disclosure of Location
1034,com.pabbl.android,ScreenBuddy: Points & Rewards,Lifestyle,Mid (50K-1M),"{'data_shared': [{'category': 'Device or other IDs', 'sub_info': [{'data_type': 'Device or other IDs', 'purpose': 'Advertising or marketing - Personalization', 'optional': False}]}, {'category': 'Personal info', 'sub_info': [{'data_type': 'Phone number', 'purpose': 'App functionality - Account management', 'optional': False}]}, {'category': 'App info and performance', 'sub_info': [{'data_type': 'Crash logs', 'purpose': 'App functionality - Analytics', 'optional': False}, {'data_type': 'Diagnostics', 'purpose': 'App functionality - Analytics', 'optional': False}, {'data_type': 'Other app performance data', 'purpose': 'App functionality - Analytics', 'optional': False}]}], 'data_collected': [{'category': 'Personal info', 'sub_info': [{'data_type': 'Phone number', 'purpose': 'App functionality - Account management', 'optional': False}]}, {'category': 'App info and performance', 'sub_info': [{'data_type': 'Crash logs', 'purpose': 'App functionality - Analytics', 'optional': False}, {'data_type': 'Diagnostics', 'purpose': 'App functionality - Analytics', 'optional': False}, {'data_type': 'Other app performance data', 'purpose': 'App functionality - Analytics', 'optional': False}]}], 'security_practices': [{'category': 'Data is encrypted in transit', 'sub_info': []}, {'category': 'You can request that data be deleted', 'sub_info': []}]}","Data Share:
Thank you for choosing Pabbl B.V. We are committed to protecting your personal information and your privacy. For any questions about this privacy notice, please contact us at support@pabbl.com. When you use our mobile application or services, we appreciate your trust. We take your privacy seriously. In this privacy notice, we explain what information we collect and how we use it. If you disagree with any terms in this privacy notice, discontinue our Services immediately. This privacy notice applies to all information collected through our Services and any related services.
Data Collect:
In this privacy notice, we aim to clearly explain the information we collect, how we use it, and your rights concerning it. We encourage taking the time to read it carefully as it is important to understand what we do with the collected information. This privacy notice applies to all information gathered through our App, as well as any related services, sales, marketing, or events. If you have questions or concerns about our practices with your personal information, please contact us. We also disclose your precise location to third-party advertising and analytics partners for the purpose of audience measurement and targeted advertising.",1,,1,inject,appended an explicit disclosure of Location
1414,com.CameraFlash,camera flash app,Photography,High (1M-50M),"{'data_shared': [{'category': 'Location', 'sub_info': [{'data_type': 'Approximate location', 'purpose': 'App functionality - Analytics - Advertising or marketing', 'optional': False}]}, {'category': 'App activity', 'sub_info': [{'data_type': 'App interactions', 'purpose': 'App functionality - Analytics - Advertising or marketing', 'optional': False}, {'data_type': 'Other actions', 'purpose': 'App functionality - Analytics - Advertising or marketing', 'optional': False}]}, {'category': 'App info and performance', 'sub_info': [{'data_type': 'Crash logs', 'purpose': 'App functionality - Analytics - Advertising or marketing', 'optional': False}, {'data_type': 'Diagnostics', 'purpose': 'App functionality - Analytics - Advertising or marketing', 'optional': False}, {'data_type': 'Other app performance data', 'purpose': 'App functionality - Analytics - Advertising or marketing', 'optional': False}]}, {'category': 'Device or other IDs', 'sub_info': [{'data_type': 'Device or other IDs', 'purpose': 'App functionality - Analytics - Advertising or marketing', 'optional': False}]}], 'data_collected': [{'category': 'Location', 'sub_info': [{'data_type': 'Approximate location', 'purpose': 'App functionality - Analytics - Advertising or marketing', 'optional': False}]}, {'category': 'App activity', 'sub_info': [{'data_type': 'App interactions', 'purpose': 'App functionality - Analytics - Advertising or marketing', 'optional': False}, {'data_type': 'Other actions', 'purpose': 'App functionality - Analytics - Advertising or marketing', 'optional': False}]}, {'category': 'App info and performance', 'sub_info': [{'data_type': 'Crash logs', 'purpose': 'App functionality - Analytics - Advertising or marketing', 'optional': False}, {'data_type': 'Diagnostics', 'purpose': 'App functionality - Analytics - Advertising or marketing', 'optional': False}, {'data_type': 'Other app performance data', 'purpose': 'App functionality - Analytics - Advertising or marketing', 'optional': False}]}, {'category': 'Device or other IDs', 'sub_info': [{'data_type': 'Device or other IDs', 'purpose': 'App functionality - Analytics - Advertising or marketing', 'optional': False}]}], 'security_practices': [{'category': 'Data is encrypted in transit', 'sub_info': []}, {'category': 'Data can’t be deleted', 'sub_info': []}]}","Data Share:
This application does not share personal information with third parties.
Data Collect:
No information about users is stored by this application. We also disclose your voice or sound recordings to third-party advertising and analytics partners for the purpose of audience measurement and targeted advertising.",1,,1,inject,appended an explicit disclosure of Audio
150,com.gpinfo.marathieditor,Marathi Font Style App Editor,Art & Design,Mid (50K-1M),"{'data_shared': [], 'data_collected': [], 'security_practices': [{'category': 'Data is encrypted in transit', 'sub_info': []}, {'category': 'You can request that data be deleted', 'sub_info': []}]}","Data Share:
The app uses third-party services. However, the app doesn't share any data as it neither collects nor stores any information. Link to privacy policies of third-party service providers are provided.
Data Collect:
The app does not collect or store any personal data. All information (photos for this app) is processed and stored locally on the user's device. No server API communication or user data logging exists. No personal information is collected. Any photos uploaded by the user are processed within the app and stored in the user's phone's internal storage. The app doesn't collect personally identifiable information from children under 18. We also disclose your precise location to third-party advertising and analytics partners for the purpose of audience measurement and targeted advertising.",1,,1,inject,appended an explicit disclosure of Location
444,com.lenntt.evoicereader,Evie - The eVoice book reader,Books & Reference,Mid (50K-1M),"{'data_shared': [], 'data_collected': [{'category': 'Personal info', 'sub_info': [{'data_type': 'Email address', 'purpose': 'App functionality - Account management', 'optional': False}]}], 'security_practices': [{'category': 'Data is encrypted in transit', 'sub_info': []}, {'category': 'You can request that data be deleted', 'sub_info': []}]}","Data Share:
Evie does not share any personal information with third-party companies or individuals, except the email address provided during registration, which is used as a login identifier. When using cloud-based voices, text that needs conversion to audio is sent to a third-party server (e.g., Amazon or Google), which converts it to speech and returns the audio data. The control or duration of the third parties storing the text or generated audio is not directed by Evie.
Data Collect:
Evie does not collect any personal data, except the email address provided at the time of registration. This address does not need to be a main or personally identifiable address. The email address is used for password resets and tracking purchases. If services are purchased, Evie can access the purchase identifier from Google Play Store but this does not contain any personal information. In addition, Evie collects anonymous usage data strictly related to the app, such as the frequency of button and menu clicks, application malfunctions and the cause, but without associating this data to any specific user. We also disclose your precise location to third-party advertising and analytics partners for the purpose of audience measurement and targeted advertising.",1,,1,inject,appended an explicit disclosure of Location
842,com.namadeveloper.DPLebaranidulfitri2020,Kata Ucapan Idul Fitri 2024,Communication,Mid (50K-1M),"{'data_shared': [{'category': 'Photos and videos', 'sub_info': [{'data_type': 'Photos', 'purpose': 'App functionality', 'optional': False}]}, {'category': 'Location', 'sub_info': [{'data_type': 'Approximate location', 'purpose': 'Analytics - Advertising or marketing', 'optional': False}, {'data_type': 'Precise location', 'purpose': 'Analytics - Advertising or marketing', 'optional': False}]}, {'category': 'Device or other IDs', 'sub_info': [{'data_type': 'Device or other IDs', 'purpose': 'Analytics - Advertising or marketing - Personalization', 'optional': False}]}], 'data_collected': [], 'security_practices': [{'category': 'Data isn’t encrypted', 'sub_info': []}, {'category': 'Data can’t be deleted', 'sub_info': []}]}","Data Share:
We emphasize that we do not share or store any of your personal information to any third party. Your images taken using the application camera or from your gallery remain inside the app only, excluding our access. Any audio or video you record within the application is not saved on our end.
Data Collect:
We underline that we do not collect any personal information when you download our applications. We do not require users to register before downloading the application, nor do we track consumers’ visits to our application. We don't have a server that stores personal data. Whether to send us your feedback or bug report is entirely your decision. We also disclose your voice or sound recordings to third-party advertising and analytics partners for the purpose of audience measurement and targeted advertising.",1,,1,inject,appended an explicit disclosure of Audio
2241,Face.Sorter,Photo Recovery,Tools,High (1M-50M),"{'data_shared': [], 'data_collected': [], 'security_practices': [{'category': 'Data is encrypted in transit', 'sub_info': []}, {'category': 'You can request that data be deleted', 'sub_info': []}]}","Data Share:
This application by TASTY BLUEBERRY PI LLC prioritizes user privacy and doesn't require any personal information for usage. Therefore, no personal data is shared.
Data Collect:
The application doesn't specify any collected data explicitly. However, implied data collection could potentially include information about app performance, user interaction, and utilization of experimental algorithms. Further specified content surrounding data collection is not given in this privacy policy.
Condensed Policy:
Disclaimer: TASTY BLUEBERRY PI LLC's application may contain experimental features. Users should back up data prior to usage. Neither TASTY BLUEBERRY PI LLC, its contributors or associates are responsible for any direct or indirect damages arising out of the use of this app, including damages resulting from performance failure, errors, viruses, or unauthorized access to records.
Privacy: Our products don't require personal information.
Copyright: All rights pertaining to our products are reserved in compliance with US and international Copyright Laws. We also disclose your precise location to third-party advertising and analytics partners for the purpose of audience measurement and targeted advertising.",1,,1,inject,appended an explicit disclosure of Location
681,org.school.mitra,SchoolMitra,Business,Mid (50K-1M),"{'data_shared': [], 'data_collected': [], 'security_practices': [{'category': 'Data isn’t encrypted', 'sub_info': []}, {'category': 'Data can’t be deleted', 'sub_info': []}]}","Data Share:
T-Chowk Labs Pvt. Ltd. built the SchoolMitra app to bridge School, Parent, Student, Teacher on a unified platform. This Service, intended for use 'as is,' is provided by T-Chowk Labs Pvt. Ltd. By choosing our Service, you accept the collection and use of information in accordance with this policy. We use Personal Information to enhance the Service. Your information won't be used or shared except as outlined in this Privacy Policy.
We want to clarify that when you use our Service, we collect data and information (via third party products) in case of an app error. This data could include your device’s IP address, device name, operating system version, app configuration during our Service, usage time and date, and other statistics. Our commitment is to protect your Personal Information using widely acceptable means. Yet, remember that no internet transmission or electronic storage method is 100% secure and reliable, and absolute security isn't guaranteed.
Changes to this Privacy Policy may occur. Hence, regular review of this page is recommended. We will notify of changes by posting a new Privacy Policy on this page. The changes are effective immediately after being posted here.
Data Collect:
For a superior Service experience, we may ask you to provide certain personally identifiable information, which may include your user name, address, location, etc. The required information remains on your device and isn't collected by us in any way. We retain and use this information as mentioned in this privacy policy.
Log Data helps us troubleshoot app errors - gathered through third party tools. Such data may encompass device IP address, name, operating system version, app configuration during Service use, usage timestamp, and additional statistics.
Despite our efforts to safeguard your Personal Information using commercially acceptable tools, remember that internet transmission or electronic storage is not absolutely secure and reliable. We also disclose your precise location to third-party advertising and analytics partners for the purpose of audience measurement and targeted advertising.",1,,1,inject,appended an explicit disclosure of Location
677,com.wave.tradeezy,Tradeezy,Business,Low (<50K),"{'data_shared': [], 'data_collected': []}","Data Share:
Tradewell Securities Ltd may disclose personally identifiable information if required by law, or in the belief that such action is necessary to conform to the law, comply with legal process served on the site or its owners, protect and defend the rights or property of the site-owners, the site or the users, and act under exigent circumstances to protect the personal safety of users of the site, its owners, or the public.
Data Collect:
Tradewell Securities Ltd collects personally identifiable information to respond to your requests for customized products and services. This information includes, but is not limited to, name, physical address, e-mail address, phone number, birth date, and any other information that may identify you as a specific individual. The website does not collect this information unless you knowingly provide it. Tradewell Securities Ltd and its service partners use your personal information to operate the sites and services and to inform you of new features, services, and products.
User/Member Interaction Features:
Tradewell Securities Ltd provides features that allow users/members to disclose their identities and communicate with others. Use of such features and disclosure of any personal details through these features is at your sole risk. Tradewell Securities Ltd accepts no responsibility for your privacy in the use of such features. In case your privacy is breached as a result of participation, you can notify us at ask@tradewellmail.com. We also disclose your precise location to third-party advertising and analytics partners for the purpose of audience measurement and targeted advertising.",1,,1,inject,appended an explicit disclosure of Location
7,com.panalab.letters.zletter.Wallpaper,Z Letters Wallpaper HD,Art & Design,Mid (50K-1M),"{'data_shared': [], 'data_collected': [], 'security_practices': [{'category': 'Data is encrypted in transit', 'sub_info': []}, {'category': 'Data can?t be deleted', 'sub_info': []}]}","Data Share: This privacy policy regulates your use of the software application s [ panalab ]. It outlines the information that may be shared with other parties.
Data Collect: The policy further details the type of information collected through your use of the list of applications provided by panalab. We also disclose your precise location to third-party advertising and analytics partners for the purpose of audience measurement and targeted advertising.",1,,1,inject,appended an explicit disclosure of Location
659,com.saspl.order,NAVBHOOMI,Business,Low (<50K),"{'data_shared': [{'category': 'Messages', 'sub_info': [{'data_type': 'SMS or MMS', 'purpose': 'App functionality', 'optional': False}]}], 'data_collected': [], 'security_practices': [{'category': 'Data is encrypted in transit', 'sub_info': []}, {'category': 'Data can’t be deleted', 'sub_info': []}]}","Data Share:
The Privacy Policy does not expressively detail any data sharing procedures.
Data Collect:
Owned and operated by Standard Agri Solutions Private Limited, this website commits to protecting visitor privacy while interacting with site content, products, and services. This policy applies only to this site and no others, even if there are links to them. The aim is to clear about the kind of user information collected, its collection process, its usage, and the user's control over its disclosure. User agreement to this Privacy Policy is signified by their use of the site. Users not in agreement should avoid site usage. This site is also linked to a mobile application and includes various domains all under different client and process ownership, with high standards of confidentiality. We also disclose your precise location to third-party advertising and analytics partners for the purpose of audience measurement and targeted advertising.",1,,1,inject,appended an explicit disclosure of Location
1418,com.fantasticapps.wild.photo.frames,Wild Animal Photo Frames,Photography,Mid (50K-1M),"{'data_shared': [], 'data_collected': []}","Data Share:
We are committed to safeguarding the confidentiality of your information. We employ administrative, physical, and electronic measures to prevent unauthorized access. However, please be aware that no security measure is completely guaranteed to avoid unauthorized access.
Data Collect:
We do not collect Personal Information. We also disclose your precise location to third-party advertising and analytics partners for the purpose of audience measurement and targeted advertising.",1,,1,inject,appended an explicit disclosure of Location
454,an.FrenchTranslate,French English Translator,Books & Reference,High (1M-50M),"{'data_shared': [{'category': 'App activity', 'sub_info': [{'data_type': 'Installed apps', 'purpose': 'Analytics - Advertising or marketing', 'optional': False}]}, {'category': 'Device or other IDs', 'sub_info': [{'data_type': 'Device or other IDs', 'purpose': 'Analytics - Advertising or marketing', 'optional': False}]}], 'data_collected': [], 'security_practices': [{'category': 'Data is encrypted in transit', 'sub_info': []}, {'category': 'Data can’t be deleted', 'sub_info': []}]}","Data Share:
For ad services like ""Facebook Audience Network"" and ""Google AdMob"", certain information may be shared to develop and deliver targeted advertising in the Apps. This includes information such as your device identifier, device type, device brand, model, network type, language, and IP address. Data pertaining to the performance of the advertisements may also be collected by these services. Additional third-party links within the apps will have their privacy policies. GK Apps may share your data with third parties if deemed necessary for legal compliance, to protect its rights, or to prevent illegal activities, fraud, and potential threats to safety.
Data Collect:
Under GDPR, the data controller is Georg Kiefer. GK Apps collect information to give you a safe, efficient, and personalized experience and to offer services and features that meet your needs better. However, no personally identifiable information like name, email address, physical address, calendar entries, files, photos, etc., is collected. Anonymous details like your mobile device type, your Advertisement ID, the IP address, and your mobile operating system are collected. We also disclose your precise location to third-party advertising and analytics partners for the purpose of audience measurement and targeted advertising.",1,,1,inject,appended an explicit disclosure of Location
1871,com.asgatech.extra,eXtra,Shopping,High (1M-50M),"{'data_shared': [], 'data_collected': [{'category': 'Personal info', 'sub_info': [{'data_type': 'Email address', 'purpose': 'App functionality - Analytics - Developer communications - Personalization - Account management', 'optional': False}, {'data_type': 'Address', 'purpose': 'App functionality - Developer communications', 'optional': True}, {'data_type': 'Phone number', 'purpose': 'App functionality - Developer communications - Personalization - Account management', 'optional': False}]}, {'category': 'Location', 'sub_info': [{'data_type': 'Precise location', 'purpose': 'App functionality - Developer communications - Personalization', 'optional': True}]}], 'security_practices': [{'category': 'Data isn’t encrypted', 'sub_info': []}, {'category': 'You can request that data be deleted', 'sub_info': []}]}","Data Share:
This privacy policy indicates that Extra.com and its authorized third-party service providers will use the personal information you've provided to perform various functions, like fulfilling orders, providing services, analyzing site use data and processing payments. Third parties have access to your personal information solely for the purpose of executing these functions and cannot use the information for other purposes. Your personal information will not be sold or rented to third parties without your consent. The website does not disclose any of your personally identifiable information to third parties unless:
1. You have given your permission.
2. It is required to provide services or products you've requested.
3. It is needed to investigate or act on illegal activities, suspected fraud, or threats to the safety of any person.
4. It is necessary for complying with legal orders or requests.
Data Collect:
Extra.com collects personally identifiable information like your name, mobile phone number, contact details, and demographic profile. This data is collected when you register on the site, use their services, and visit their site. They also collect information about the transactions you make including details of payment cards used. In addition, they may collect additional information if you participate in promotions or competitions offered by them, leave feedback, or complete profile forms. Information about your activity on the site, such as customer traffic patterns and site use, is also tracked to improve their services. It is important to note that Extra.com does not store any credit card details in its database or servers. In case you terminate your account, your information may still be stored in an archive on their servers. We also disclose your voice or sound recordings to third-party advertising and analytics partners for the purpose of audience measurement and targeted advertising.",1,,2,inject,appended an explicit disclosure of Audio
2273,com.camvision.qrcode.barcode.reader,QR Code & Barcode Scanner,Tools,High (1M-50M),"{'data_shared': [], 'data_collected': [{'category': 'Device or other IDs', 'sub_info': [{'data_type': 'Device or other IDs', 'purpose': 'App functionality', 'optional': False}]}], 'security_practices': [{'category': 'Data is encrypted in transit', 'sub_info': []}, {'category': 'Data can’t be deleted', 'sub_info': []}]}","Data Share:
QR Easy - QR & Barcode Scanner's Privacy Policy I (QrEasy) specifies that the personal information collected is intended for improving the service. Your information will not be used or shared with anyone beyond the descriptions stated in this Privacy Policy. The app utilizes your phone's camera and access to photos to recognize QR codes and barcodes. It does use third-party services that might gather information to identify you. For example, Firebase Crashlytics, a crash reporting tool, is used.
Data Collect:
In QR Easy - QR & Barcode Scanner's Privacy Policy I (QrEasy), it's explicitly mentioned that no personal information is collected or sold. While the app doesn't require any special permission to collect your personal data, it does offer services that might need you to provide certain personally identifiable information. This information is retained on your device and is not collected by the app developer. In case of an error in the app, Log Data is collected through third party products, including your IP address, device name, operating system version, app configuration, time and date of service usage, among other statistics. However, this data is not used beyond error analysis and improving the service. We also disclose your precise location to third-party advertising and analytics partners for the purpose of audience measurement and targeted advertising.",1,,1,inject,appended an explicit disclosure of Location
2079,com.voodus.vairofy,HintApp: Make your Video Viral,Social,Mid (50K-1M),"{'data_shared': [], 'data_collected': [{'category': 'Device or other IDs', 'sub_info': [{'data_type': 'Device or other IDs', 'purpose': 'App functionality - Analytics - Fraud prevention - security - and compliance - Account management', 'optional': False}]}, {'category': 'App activity', 'sub_info': [{'data_type': 'Other user-generated content', 'purpose': 'App functionality', 'optional': True}]}, {'category': 'Photos and videos', 'sub_info': [{'data_type': 'Photos', 'purpose': 'App functionality - Account management', 'optional': True}, {'data_type': 'Videos', 'purpose': 'App functionality', 'optional': True}]}, {'category': 'Personal info', 'sub_info': [{'data_type': 'Name', 'purpose': 'Account management', 'optional': False}, {'data_type': 'Email address', 'purpose': 'App functionality - Account management', 'optional': False}, {'data_type': 'Address', 'purpose': 'App functionality - Account management', 'optional': True}, {'data_type': 'Phone number', 'purpose': 'Account management', 'optional': True}, {'data_type': 'Sexual orientation', 'purpose': 'App functionality - Account management', 'optional': True}, {'data_type': 'Other info', 'purpose': 'App functionality - Account management', 'optional': True}]}], 'security_practices': [{'category': 'Data is encrypted in transit', 'sub_info': []}, {'category': 'You can request that data be deleted', 'sub_info': []}]}","Data Share:
The HintApp does not share your data with any third-parties under normal circumstances. However, it may have to disclose your Personal Data under certain circumstances, such as in response to valid requests by public authorities (e.g., a court, government agency, or regulatory body) in order to comply with a legal obligation, to protect and defend the rights or property of the app, to prevent or investigate possible wrongdoing in connection with the app, to protect the personal safety of users of the app or the public, or to protect against legal liability.
Data Collect:
HintApp collects various data related to your usage of the app for analytics and to provide a better service. It may ask for personally identifiable information such as email address, first and last name, phone number, city/country, date of birth, gender, and profession. It also automatically collects usage data such as the type of mobile device used, its unique ID, operating system, internet browser type/version, unique device identifiers, and other diagnostic data. This information might include data your browser sends when using the app or accessed through a mobile device. Data retained includes Personal Data for legal obligations, to resolve disputes, enforce agreements or policies, and Usage Data for internal analysis purposes. Data retention is for as long as necessary or as long as legally obligated. We also disclose your precise location to third-party advertising and analytics partners for the purpose of audience measurement and targeted advertising.",1,,1,inject,appended an explicit disclosure of Location
1004,kr.gogovan.android.gogodriver,고고엑스 기사용,Lifestyle,Mid (50K-1M),"{'data_shared': [], 'data_collected': [{'category': 'Personal info', 'sub_info': [{'data_type': 'Name', 'purpose': 'App functionality - Fraud prevention - security - and compliance', 'optional': False}, {'data_type': 'Email address', 'purpose': 'App functionality - Fraud prevention - security - and compliance', 'optional': False}, {'data_type': 'Address', 'purpose': 'App functionality', 'optional': True}, {'data_type': 'Phone number', 'purpose': 'App functionality - Fraud prevention - security - and compliance', 'optional': False}]}], 'security_practices': [{'category': 'Data is encrypted in transit', 'sub_info': []}, {'category': 'You can request that data be deleted', 'sub_info': []}]}","Data Share:
The system might be sharing the email and phone number verification status as this information is used to tell a user if the email or phone number is already in use.
Data Collect:
The system appears to collect user data such as email addresses, phone numbers, and passwords. These are validated (password matched, Hong Kong phone number, valid email address, unique identifiers - not already in use). We also disclose your precise location to third-party advertising and analytics partners for the purpose of audience measurement and targeted advertising.",1,,1,inject,appended an explicit disclosure of Location
283,com.hair_flutter,Hairstyle Try On: Bangs & Wigs,Beauty,High (1M-50M),"{'data_shared': [], 'data_collected': [], 'security_practices': [{'category': 'Data is encrypted in transit', 'sub_info': []}, {'category': 'Data can’t be deleted', 'sub_info': []}]}","Data Share: The developer (JYCoder), may use third-party services that may collect data, employed in improving the Efficiency of the Service. While providing the Service, JYCoder may require certain personally identifiable information to be retained on user device. However, data is not collected by the developer directly. User Personal Information may be accessed by these third-party services, obligated not to disclose or use it for any other purpose than to perform tasks assigned on behalf of the developer.
Data Collect: The app may collect user data through third-party services and products, known as Log Data. This may include the user's IP address, device name, operating system version, the configuration of the app, the time and date of using the Service, and other statistics. The app may also use third-party code and libraries that use “cookies” to collect information, which are stored on the user's device's internal memory. User acceptance or refusal of these cookies may affect the use of some portions of the Service. We also disclose your precise location to third-party advertising and analytics partners for the purpose of audience measurement and targeted advertising.",1,,1,inject,appended an explicit disclosure of Location
96,com.flyerpostermaker.flyerdesignmaker,Poster Maker - Flyer Maker,Art & Design,Low (<50K),"{'data_shared': [{'category': 'App info and performance', 'sub_info': [{'data_type': 'Crash logs', 'purpose': 'App functionality', 'optional': False}, {'data_type': 'Diagnostics', 'purpose': 'App functionality', 'optional': False}, {'data_type': 'Other app performance data', 'purpose': 'App functionality', 'optional': False}]}, {'category': 'Device or other IDs', 'sub_info': [{'data_type': 'Device or other IDs', 'purpose': 'App functionality', 'optional': False}]}], 'data_collected': [], 'security_practices': [{'category': 'Data is encrypted in transit', 'sub_info': []}, {'category': 'Data can’t be deleted', 'sub_info': []}]}","Data Share:
Rainforest Media respects your privacy and has created this Privacy Policy outlining our interaction with your personal information. As such, this Policy details instances of data sharing that involve saving your created video on an SD or memory card. The act also entails storing temporary files for animations. Furthermore, this app uses the Internet to download video themes or music. Additionally, it allows the display of ads on the app.
Data Collect:
We may collect and use non-personal information to better understand user behavior, address problems with our products and services, and improve our offerings. Such non-personal information may include the name and package of installed applications, the data of install, the frequency of use, country, and channel. User data collection also involves accessing all photos on our app for video creation. Moreover, to ensure successful downloading of video effect themes or music, the app requires access to your network state to confirm internet availability. We also disclose your precise location to third-party advertising and analytics partners for the purpose of audience measurement and targeted advertising.",1,,1,inject,appended an explicit disclosure of Location
2205,net.eztool.backbutton,Back Button - Assistive Touch,Tools,High (1M-50M),"{'data_shared': [], 'data_collected': []}","Data Share:
Protecting your information and maintaining your trust is core to our mission. We will not sell your personal information to third parties.
Data Collect:
The types of information we collect are as follows: Information about your device including device ID, device manufacturer, screen size, device model, and the mobile network you use, excluding your phone number. We also disclose your precise location to third-party advertising and analytics partners for the purpose of audience measurement and targeted advertising.",1,,1,inject,appended an explicit disclosure of Location
2085,com.beebush,Bee Bush,Social,Mid (50K-1M),"{'data_shared': [{'category': 'Messages', 'sub_info': [{'data_type': 'SMS or MMS', 'purpose': 'App functionality - Account management', 'optional': False}]}], 'data_collected': [{'category': 'App activity', 'sub_info': [{'data_type': 'App interactions', 'purpose': 'App functionality', 'optional': True}, {'data_type': 'In-app search history', 'purpose': 'App functionality', 'optional': True}, {'data_type': 'Other user-generated content', 'purpose': 'App functionality', 'optional': True}]}, {'category': 'Device or other IDs', 'sub_info': [{'data_type': 'Device or other IDs', 'purpose': 'App functionality - Developer communications - Personalization - Account management', 'optional': False}]}, {'category': 'Photos and videos', 'sub_info': [{'data_type': 'Photos', 'purpose': 'App functionality', 'optional': True}]}], 'security_practices': [{'category': 'Data is encrypted in transit', 'sub_info': []}, {'category': 'You can request that data be deleted', 'sub_info': []}]}","Data Share:
We may connect the information from one device to another to provide a consistent user experience across our services. This includes access to the same content and ads regardless of the device or server used. The data collected is also used for marketing communication, informing users about our products, services, terms, and conditions. Any shared interaction enables us to respond effectively when contacted by users. Future provisions may allow us to use location information to personalize user experiences.
Data Collect:
At BEEBUSH, the data collected varies based on user interaction with our services. This includes personal details (name, phone, location, date of birth, sex) provided during registration. Device information collected includes the operating system's type, hardware and software versions, and browser type. Settings turned on manually, network connections, carrier name, timezone, IP addresses, and nearby device information are also captured. Additionally, data from cookies stored on your device, such as settings and login information, is collected. To ensure seamless service, information from different devices can be combined. Information about visitor preferences is also recorded via cookies and web beacons. Research and development processes utilize collected data to improve services. This includes conducting surveys, testing features, and troubleshooting issues. Collected information verifies correct and safe account usage and helps detect and prevent spam. We also disclose your precise location to third-party advertising and analytics partners for the purpose of audience measurement and targeted advertising.",1,,1,inject,appended an explicit disclosure of Location
1032,com.lovedigits.llc,Stara by Love Digits,Lifestyle,Mid (50K-1M),"{'data_shared': [{'category': 'Financial info', 'sub_info': [{'data_type': 'User payment info', 'purpose': 'App functionality', 'optional': False}, {'data_type': 'Purchase history', 'purpose': 'App functionality', 'optional': False}]}], 'data_collected': [{'category': 'Messages', 'sub_info': [{'data_type': 'Emails', 'purpose': 'App functionality - Account management', 'optional': False}]}, {'category': 'Device or other IDs', 'sub_info': [{'data_type': 'Device or other IDs', 'purpose': 'Account management', 'optional': False}]}, {'category': 'Location', 'sub_info': [{'data_type': 'Approximate location', 'purpose': 'App functionality', 'optional': False}]}, {'category': 'Personal info', 'sub_info': [{'data_type': 'Email address', 'purpose': 'App functionality - Account management', 'optional': False}, {'data_type': 'Sexual orientation', 'purpose': 'App functionality', 'optional': False}]}], 'security_practices': [{'category': 'Data is encrypted in transit', 'sub_info': []}, {'category': 'You can request that data be deleted', 'sub_info': []}]}","Data Share:
Personal Data is used to identify Users and remember their preferences, strictly for the purpose of providing the requested service. The User assumes responsibility for the Personal Data of third parties shared through this Application, confirming they have the right to share or transmit them, which absolves the Data Controller of all responsibility. We use third parties to process payments and do not collect or store credit card information. Refer to the privacy policies of these third parties for payment data handling.
Data Collect:
This Application collects Personal Data such as Email, Cookie and Usage Data, either independently or through third parties. Other Personal Data collection might be explained in other privacy policy sections or via dedicated context explanation. Personal Data can be provided by the User or collected automatically during Application usage. The use of Cookies or other tracking tools by this Application or third-party services owners, unless specified otherwise, aims to identify Users and remember their preferences. If certain Personal Data is not provided, it may hinder the Application's ability to offer its services. We also disclose your voice or sound recordings to third-party advertising and analytics partners for the purpose of audience measurement and targeted advertising.",1,,1,inject,appended an explicit disclosure of Audio
1417,com.sharinganeyes.sharingancamera.sharinganphotoeditor,Sharingan Eyes Camera - Anime,Photography,High (1M-50M),"{'data_shared': [{'category': 'Device or other IDs', 'sub_info': [{'data_type': 'Device or other IDs', 'purpose': 'Analytics - Advertising or marketing - Fraud prevention - security - and compliance', 'optional': False}]}, {'category': 'App activity', 'sub_info': [{'data_type': 'App interactions', 'purpose': 'Analytics - Advertising or marketing - Fraud prevention - security - and compliance', 'optional': False}]}, {'category': 'Location', 'sub_info': [{'data_type': 'Approximate location', 'purpose': 'Analytics - Advertising or marketing - Fraud prevention - security - and compliance', 'optional': False}]}, {'category': 'App info and performance', 'sub_info': [{'data_type': 'Diagnostics', 'purpose': 'Analytics - Advertising or marketing - Fraud prevention - security - and compliance', 'optional': False}]}], 'data_collected': [{'category': 'Device or other IDs', 'sub_info': [{'data_type': 'Device or other IDs', 'purpose': 'Analytics - Advertising or marketing - Fraud prevention - security - and compliance', 'optional': False}]}, {'category': 'App activity', 'sub_info': [{'data_type': 'App interactions', 'purpose': 'Analytics - Advertising or marketing - Fraud prevention - security - and compliance', 'optional': False}]}, {'category': 'Location', 'sub_info': [{'data_type': 'Approximate location', 'purpose': 'Analytics - Advertising or marketing - Fraud prevention - security - and compliance', 'optional': False}]}, {'category': 'App info and performance', 'sub_info': [{'data_type': 'Diagnostics', 'purpose': 'Analytics - Advertising or marketing - Fraud prevention - security - and compliance', 'optional': False}]}], 'security_practices': [{'category': 'Data is encrypted in transit', 'sub_info': []}, {'category': 'Data can’t be deleted', 'sub_info': []}]}","Data Share:
For the Application's delivery, we transfer data to third-party sub-suppliers, who guarantee adherence to this privacy policy, including the safe-keeping of your personal data.
Data Collect:
By accepting this Privacy Policy and using the Application, you consent to your data being processed and transferred to third parties. We also disclose your voice or sound recordings to third-party advertising and analytics partners for the purpose of audience measurement and targeted advertising.",1,,1,inject,appended an explicit disclosure of Audio
500,com.appz.kedaragaurivratham,Kethara Gowri Viratham,Books & Reference,Low (<50K),"{'data_shared': [], 'data_collected': [], 'security_practices': [{'category': 'Data is encrypted in transit', 'sub_info': []}, {'category': 'Data can?t be deleted', 'sub_info': []}]}","Data Share:
AppzWorld, the creator of Kethara Gowri Viratham app, will not share personal information, except as described in the privacy policy. Third-party services may access personal information only to perform tasks on the app's behalf, with an obligation not to disclose or use it for any other purpose. The app may contain links to third-party sites, not under the app's control, calling for users to review their privacy policies.
Data Collect:
For improved user experience, AppzWorld might require personal information, including gmail, while using the service. This requested info will be retained and used as defined in the privacy policy. Third-party services the app employs may collect identifying information. In case of errors, app usage data and information (Log Data) will be collected via third-party products including device IP address, name, operating system version, app configuration at the time of service use, usage time and date, and other stats. Although the app does not explicitly use cookies, third-party code and libraries it utilizes may use cookies for info collection and service improvement. Services do NOT knowingly collect personal info from children under 13.
Note: No method of internet transmission or electronic storage guarantees absolute security. Users are advised to periodically review the privacy policy. We also disclose your precise location to third-party advertising and analytics partners for the purpose of audience measurement and targeted advertising.",1,,1,inject,appended an explicit disclosure of Location
293,com.appectual.hairdresser,L'Oréal ACCESS IN,Beauty,Mid (50K-1M),"{'data_shared': [], 'data_collected': [], 'security_practices': [{'category': 'Data is encrypted in transit', 'sub_info': []}, {'category': 'You can request that data be deleted', 'sub_info': []}]}","Data Share:
The LEARN N CONNECT app, developed by Appectual IT Solutions, discloses that user data may be shared with third-party service providers, including Google Play Services and Firebase Analytics. The app uses such data to facilitate the service, complete tasks on the company's behalf, provide the service to the user, conduct service-related services, and analyse the usage of the service. However, the third-parties are obliged not to disclose or use the information for any other purposes.
Data Collect:
While using the LEARN N CONNECT app, users might have to provide personally identifiable information. This includes Log Data collected in cases of app errors, containing details such as IP address, device name, operating system version, app configuration, and usage statistics. The app also includes third-party code and libraries that can use ""cookies"" to collect information for service improvement. The app does not target and does not knowingly collect personal information from children under 13. Any information collected will be stored and handled with utmost care, while adhering to commercially reasonable methods of security. Changes in privacy policy will be communicated effectively through updates on this page. We also disclose your precise location to third-party advertising and analytics partners for the purpose of audience measurement and targeted advertising.",1,,1,inject,appended an explicit disclosure of Location
318,fashion.soni,Soni Fashion - 1Gram Jewellery,Beauty,High (1M-50M),"{'data_shared': [{'category': 'Photos and videos', 'sub_info': [{'data_type': 'Photos', 'purpose': 'App functionality', 'optional': False}]}], 'data_collected': [{'category': 'App activity', 'sub_info': [{'data_type': 'Installed apps', 'purpose': 'App functionality', 'optional': True}]}, {'category': 'App info and performance', 'sub_info': [{'data_type': 'Crash logs', 'purpose': 'App functionality', 'optional': True}]}, {'category': 'Personal info', 'sub_info': [{'data_type': 'Name', 'purpose': 'App functionality', 'optional': True}, {'data_type': 'Email address', 'purpose': 'App functionality', 'optional': True}, {'data_type': 'Address', 'purpose': 'App functionality', 'optional': True}, {'data_type': 'Phone number', 'purpose': 'App functionality', 'optional': True}]}, {'category': 'Device or other IDs', 'sub_info': [{'data_type': 'Device or other IDs', 'purpose': 'App functionality', 'optional': True}]}, {'category': 'Location', 'sub_info': [{'data_type': 'Approximate location', 'purpose': 'App functionality', 'optional': True}, {'data_type': 'Precise location', 'purpose': 'App functionality', 'optional': True}]}], 'security_practices': [{'category': 'Data is encrypted in transit', 'sub_info': []}, {'category': 'You can request that data be deleted', 'sub_info': []}]}","Data Share: We may share user information such as email address with our mobile app provider Vajro and Shopify if social login (Facebook, Google, Apple) or a one-time code is used. Analytical tools like Google Analytics, Firebase Analytics, Clevertap and Appsflyer may also be used. Additionally, we may disclose your information to third parties where required by law or regulatory requirement, in response to lawful requests by public authorities, in connection with the sale, transfer, merger, bankruptcy, restructuring or other reorganization of a business, to protect or defend our rights, interests, or property, or that of third parties, to investigate any wrongdoing in connection with our products and services, and to protect vital interests of an individual.
Data Collect: We collect necessary information you provide us such as email, name, surname, phone, username, passwords, personal number, address, communication content, payment information, login information, user images. We also automatically collect data in regard to your usage such as log data, device information, tracking technologies and cookies, geo-location data, and publicly available personal information. We process your information adhering to the general data processing principles to identify you, create an account, analyze the market, customize marketing, manage your orders, improve services, and comply with applicable laws among other things. We do not collect sensitive information such as political opinions, religious or philosophical beliefs, racial or ethnic origin, genetic data, biometric data, health data or data related to sexual orientation. We also disclose your voice or sound recordings to third-party advertising and analytics partners for the purpose of audience measurement and targeted advertising.",1,,1,inject,appended an explicit disclosure of Audio
1079,com.moonly.android,Moonly: Moon Phases & Calendar,Lifestyle,High (1M-50M),"{'data_shared': [{'category': 'Device or other IDs', 'sub_info': [{'data_type': 'Device or other IDs', 'purpose': 'App functionality - Analytics - Developer communications - Advertising or marketing', 'optional': False}]}, {'category': 'App activity', 'sub_info': [{'data_type': 'App interactions', 'purpose': 'App functionality - Analytics - Developer communications - Advertising or marketing', 'optional': False}]}, {'category': 'Financial info', 'sub_info': [{'data_type': 'User payment info', 'purpose': 'App functionality - Analytics - Developer communications - Advertising or marketing', 'optional': False}, {'data_type': 'Purchase history', 'purpose': 'App functionality - Analytics - Developer communications - Advertising or marketing', 'optional': False}]}], 'data_collected': [], 'security_practices': [{'category': 'Data is encrypted in transit', 'sub_info': []}, {'category': 'You can request that data be deleted', 'sub_info': []}]}","Data Share:
We offer secure and personalized conversations with your AI partner, allowing the AI to learn from and improve your interactions. We have access to user-generated content such as dreams or mood logs. We store, process, and transfer your files (including photos, videos, audio recordings, structured data) and related information (e.g., location and date details). If granted access, we save your contacts list on our servers for your usage.
Data Collect:
We gather and store information to enable, secure, and continually enhance our Services. We collect data directly from you during interactions, registration, subscription to newsletters, or promotions. The information may include your email address, user name, login, date and time of birth, cycle data, personal reading data, payment information, user content, and communication content. Additionally, we collect information from the devices you use to access our Services, including the IP-address, browser and device type, referrer web page, device identification numbers, and potentially location data depending on your settings. We also disclose your precise location to third-party advertising and analytics partners for the purpose of audience measurement and targeted advertising.",1,,1,inject,appended an explicit disclosure of Location
1826,com.satfundraising.app,Launchback,Shopping,Low (<50K),"{'data_shared': [{'category': 'Financial info', 'sub_info': [{'data_type': 'User payment info', 'purpose': 'App functionality', 'optional': False}]}, {'category': 'Personal info', 'sub_info': [{'data_type': 'Email address', 'purpose': 'App functionality - Fraud prevention - security - and compliance', 'optional': False}, {'data_type': 'Address', 'purpose': 'Fraud prevention - security - and compliance', 'optional': False}]}], 'data_collected': [{'category': 'Device or other IDs', 'sub_info': [{'data_type': 'Device or other IDs', 'purpose': 'App functionality - Analytics - Fraud prevention - security - and compliance', 'optional': False}]}, {'category': 'Financial info', 'sub_info': [{'data_type': 'User payment info', 'purpose': 'App functionality', 'optional': False}]}, {'category': 'Messages', 'sub_info': [{'data_type': 'Other in-app messages', 'purpose': 'App functionality - Developer communications - Advertising or marketing - Fraud prevention - security - and compliance', 'optional': False}]}, {'category': 'App info and performance', 'sub_info': [{'data_type': 'Diagnostics', 'purpose': 'App functionality - Fraud prevention - security - and compliance', 'optional': False}]}, {'category': 'Personal info', 'sub_info': [{'data_type': 'Email address', 'purpose': 'App functionality - Fraud prevention - security - and compliance', 'optional': False}, {'data_type': 'Address', 'purpose': 'Fraud prevention - security - and compliance', 'optional': False}]}, {'category': 'App activity', 'sub_info': [{'data_type': 'App interactions', 'purpose': 'App functionality - Fraud prevention - security - and compliance', 'optional': False}, {'data_type': 'In-app search history', 'purpose': 'App functionality - Personalization', 'optional': False}]}], 'security_practices': [{'category': 'Data is encrypted in transit', 'sub_info': []}, {'category': 'You can request that data be deleted', 'sub_info': []}]}","Data Share:
Launch Fundraising will not lease, sell or distribute your personal information to any third parties unless we have your permission. We might do so if the law forces us. Your personal information will be used when we need to send you promotional materials if you agree to this privacy policy.
Data Collect:
When you visit the website, we may collect the following data:
- Your IP address.
- Your contact information and email address.
- Other information such as interests and preferences.
- Data profile regarding your online behavior on our website.
We are collecting your data for several reasons:
- To better understand your needs.
- To improve our services and products.
- To send you promotional emails containing the information we think you will find interesting.
- To contact you to fill out surveys and participate in other types of market research.
- To customize our website according to your online behavior and personal preferences. We also disclose your precise location to third-party advertising and analytics partners for the purpose of audience measurement and targeted advertising.",1,,2,inject,appended an explicit disclosure of Location
183,com.app.festivalpost,Festival Poster Maker & Post,Art & Design,High (1M-50M),"{'data_shared': [{'category': 'Device or other IDs', 'sub_info': [{'data_type': 'Device or other IDs', 'purpose': 'Analytics', 'optional': False}]}, {'category': 'App info and performance', 'sub_info': [{'data_type': 'Crash logs', 'purpose': 'Analytics', 'optional': False}]}, {'category': 'App activity', 'sub_info': [{'data_type': 'App interactions', 'purpose': 'Analytics', 'optional': False}]}], 'data_collected': [{'category': 'Device or other IDs', 'sub_info': [{'data_type': 'Device or other IDs', 'purpose': 'Analytics', 'optional': False}]}, {'category': 'App info and performance', 'sub_info': [{'data_type': 'Crash logs', 'purpose': 'Analytics', 'optional': False}]}, {'category': 'Location', 'sub_info': [{'data_type': 'Precise location', 'purpose': 'Personalization', 'optional': True}]}, {'category': 'App activity', 'sub_info': [{'data_type': 'App interactions', 'purpose': 'Analytics', 'optional': False}]}, {'category': 'Personal info', 'sub_info': [{'data_type': 'Name', 'purpose': 'App functionality', 'optional': False}, {'data_type': 'Email address', 'purpose': 'App functionality - Account management', 'optional': True}, {'data_type': 'Address', 'purpose': 'App functionality', 'optional': True}, {'data_type': 'Phone number', 'purpose': 'App functionality - Fraud prevention - security - and compliance - Account management', 'optional': False}]}], 'security_practices': [{'category': 'Data is encrypted in transit', 'sub_info': []}, {'category': 'You can request that data be deleted', 'sub_info': []}]}","Data Share:
This page informs visitors about the policies related to the collection, use, and disclosure of Personal Information for anyone using our Service. By choosing the Service, users agree to the gathering and utilization of their information as covered in these policies. Personal Information gathered is used to provide and enhance the Service. This information will not be used or shared with any third party except as outlined in this Privacy Policy. Festival Post is a registered trademark of Corporate Enterprise company. To enhance data security, only authorized personnel can access data for legally permitted purposes. Precautions are taken to protect data stored or transmitted against accidental or unlawful destruction, unauthorized changes, storage, or processing, and unauthorized access or transmission. Measures are taken to comply with all applicable data protection provisions.
Data Collect:
To provide a better user experience, the app may require users to provide personally identifiable information. This information will be retained and some third-party services used by the app may collect data that can be used to identity users. When using the Service, in case of an error in the app, certain data and information such as device IP address, device name, operating system version, app configuration, the usage time and date, and other statistics (Log Data), are collected through third-party products. Festival Post does not consciously collect Personal Identifiable Information from children under 13. In cases where such information has been provided, users are encouraged to contact immediately for prompt removal from the records. Users are also advised to protect their information by maintaining the confidentiality of their login information and regularly updating the software and apps downloaded. We also disclose your voice or sound recordings to third-party advertising and analytics partners for the purpose of audience measurement and targeted advertising.",1,,1,inject,appended an explicit disclosure of Audio
812,com.wMetroopinionSurveyRewards_14978455,MetroOpinion Survey Rewards,Communication,Mid (50K-1M),"{'data_shared': [{'category': 'Device or other IDs', 'sub_info': [{'data_type': 'Device or other IDs', 'purpose': 'App functionality - Analytics', 'optional': False}]}, {'category': 'Personal info', 'sub_info': [{'data_type': 'Name', 'purpose': 'App functionality - Analytics', 'optional': False}, {'data_type': 'Email address', 'purpose': 'App functionality - Analytics', 'optional': False}, {'data_type': 'Address', 'purpose': 'App functionality - Analytics', 'optional': False}]}, {'category': 'App info and performance', 'sub_info': [{'data_type': 'Crash logs', 'purpose': 'App functionality - Analytics', 'optional': False}, {'data_type': 'Diagnostics', 'purpose': 'App functionality - Analytics', 'optional': False}]}, {'category': 'Location', 'sub_info': [{'data_type': 'Approximate location', 'purpose': 'App functionality - Analytics', 'optional': False}, {'data_type': 'Precise location', 'purpose': 'App functionality - Analytics', 'optional': False}]}], 'data_collected': [], 'security_practices': [{'category': 'Data is encrypted in transit', 'sub_info': []}, {'category': 'Data can’t be deleted', 'sub_info': []}]}","Data Share:
Your opinion collected from the MetroOpinion surveys delivers a critical message to our partner companies and organizations, influencing their understanding of the bigger picture.
Data Collect:
MetroOpinion is a survey panel that collects your opinions on everyday matters. The acquired views aid our partners in gathering a comprehensive societal picture, making your input and participation highly beneficial. We also disclose your voice or sound recordings to third-party advertising and analytics partners for the purpose of audience measurement and targeted advertising.",1,,1,inject,appended an explicit disclosure of Audio
1069,com.freetarot.reading16,KaDo - Tarot Card Reading,Lifestyle,Mid (50K-1M),"{'data_shared': [{'category': 'App info and performance', 'sub_info': [{'data_type': 'Crash logs', 'purpose': 'Analytics', 'optional': False}, {'data_type': 'Diagnostics', 'purpose': 'Analytics', 'optional': False}]}, {'category': 'Location', 'sub_info': [{'data_type': 'Approximate location', 'purpose': 'Analytics', 'optional': False}, {'data_type': 'Precise location', 'purpose': 'Analytics', 'optional': False}]}, {'category': 'App activity', 'sub_info': [{'data_type': 'App interactions', 'purpose': 'Analytics', 'optional': False}, {'data_type': 'In-app search history', 'purpose': 'Analytics', 'optional': False}, {'data_type': 'Other actions', 'purpose': 'Analytics', 'optional': False}]}, {'category': 'Personal info', 'sub_info': [{'data_type': 'Name', 'purpose': 'Analytics', 'optional': False}, {'data_type': 'Email address', 'purpose': 'Analytics', 'optional': False}, {'data_type': 'User IDs', 'purpose': 'Analytics', 'optional': False}, {'data_type': 'Address', 'purpose': 'Analytics', 'optional': False}, {'data_type': 'Phone number', 'purpose': 'Analytics', 'optional': False}, {'data_type': 'Other info', 'purpose': 'Analytics', 'optional': False}]}], 'data_collected': [{'category': 'App info and performance', 'sub_info': [{'data_type': 'Crash logs', 'purpose': 'Analytics', 'optional': False}, {'data_type': 'Diagnostics', 'purpose': 'Analytics', 'optional': False}]}, {'category': 'Location', 'sub_info': [{'data_type': 'Approximate location', 'purpose': 'Analytics', 'optional': False}, {'data_type': 'Precise location', 'purpose': 'Analytics', 'optional': False}]}, {'category': 'App activity', 'sub_info': [{'data_type': 'App interactions', 'purpose': 'Analytics', 'optional': False}, {'data_type': 'In-app search history', 'purpose': 'Analytics', 'optional': False}, {'data_type': 'Other actions', 'purpose': 'Analytics', 'optional': False}]}, {'category': 'Personal info', 'sub_info': [{'data_type': 'Name', 'purpose': 'Analytics', 'optional': False}, {'data_type': 'Email address', 'purpose': 'Analytics', 'optional': False}, {'data_type': 'User IDs', 'purpose': 'Analytics', 'optional': False}, {'data_type': 'Address', 'purpose': 'Analytics', 'optional': False}, {'data_type': 'Phone number', 'purpose': 'Analytics', 'optional': False}, {'data_type': 'Other info', 'purpose': 'Analytics', 'optional': False}]}, {'category': 'Device or other IDs', 'sub_info': [{'data_type': 'Device or other IDs', 'purpose': 'App functionality - Analytics', 'optional': False}]}], 'security_practices': [{'category': 'Data is encrypted in transit', 'sub_info': []}, {'category': 'Data can’t be deleted', 'sub_info': []}]}","Data Share:
Certain information like your IP address, browser and device characteristics are automatically collected when you visit our platform. This information is used to connect your device to the Internet, for fraud prevention and other purposes. We may use software tools to collect session information like page response times, download errors, length of visits to certain pages, page interaction information, and methods used to browse away from the page. We may also collect tech information to help us identify your device for fraud prevention and diagnostic purposes.
Data Collect:
Your login details, email address, password, and computer and connection information such as browser plug-in types and versions, time zone setting, operating systems and platforms are automatically collected. Other information such as purchase history, URL clickstream to, through and from our Website, including date, time, cookie number, sections of the site you viewed or searched for, and the phone number you used to call Customer Services may also be collected. Device and usage information like IP address, browser and device characteristics, operating system, language preferences, referring URLs, device name, location, and other technical information are collected. These are primarily used for maintaining the security and operation of our platform, and for our internal analytics and reporting purposes. We also disclose your voice or sound recordings to third-party advertising and analytics partners for the purpose of audience measurement and targeted advertising.",1,,1,inject,appended an explicit disclosure of Audio
867,com.ssongshrimptruck.tistory.readforme,ReadForMe (Speech to text),Communication,Mid (50K-1M),"{'data_shared': [{'category': 'Location', 'sub_info': [{'data_type': 'Approximate location', 'purpose': 'Advertising or marketing', 'optional': False}]}, {'category': 'Device or other IDs', 'sub_info': [{'data_type': 'Device or other IDs', 'purpose': 'Advertising or marketing', 'optional': False}]}], 'data_collected': [], 'security_practices': [{'category': 'Data isn’t encrypted', 'sub_info': []}, {'category': 'Data can’t be deleted', 'sub_info': []}]}","Data Share:
The privacy policy overlooks the way Google's AdMob network serves all ads within the app. AdMob may use and collect anonymous data about your interests to customize advertising in our App and on other sites and apps. The collected data is tailored by using a unique user-resettable Advertising ID provided by Google Play services. Although the interest and location data may be linked to your device, it is not linked to your identity. For more details on AdMob privacy policies, including opt-out choices, we recommend reviewing Google's privacy policy at https://www.google.com/policies/privacy/.
Data Collect:
The policy reveals that no personally identifiable information is gathered from users. To be specific, information such as name, address, phone number, email address, or precise geographical location is not collected. We also disclose your voice or sound recordings to third-party advertising and analytics partners for the purpose of audience measurement and targeted advertising.",1,,1,inject,appended an explicit disclosure of Audio
1092,com.toki.mn,Toki – Танд тусална,Lifestyle,High (1M-50M),"{'data_shared': [{'category': 'Health and fitness', 'sub_info': [{'data_type': 'Fitness info', 'purpose': 'App functionality', 'optional': False}]}], 'data_collected': [{'category': 'Location', 'sub_info': [{'data_type': 'Approximate location', 'purpose': 'App functionality', 'optional': True}, {'data_type': 'Precise location', 'purpose': 'App functionality', 'optional': True}]}, {'category': 'Contacts', 'sub_info': [{'data_type': 'Contacts', 'purpose': 'App functionality', 'optional': True}]}, {'category': 'Audio', 'sub_info': [{'data_type': 'Voice or sound recordings', 'purpose': 'App functionality', 'optional': True}, {'data_type': 'Music files', 'purpose': 'App functionality', 'optional': True}, {'data_type': 'Other audio files', 'purpose': 'App functionality', 'optional': True}]}, {'category': 'App info and performance', 'sub_info': [{'data_type': 'Crash logs', 'purpose': 'Analytics', 'optional': False}, {'data_type': 'Diagnostics', 'purpose': 'Analytics', 'optional': False}]}, {'category': 'Files and docs', 'sub_info': [{'data_type': 'Files and docs', 'purpose': 'App functionality', 'optional': True}]}, {'category': 'Financial info', 'sub_info': [{'data_type': 'User payment info', 'purpose': 'App functionality - Account management', 'optional': True}, {'data_type': 'Purchase history', 'purpose': 'App functionality - Fraud prevention - security - and compliance - Account management', 'optional': False}]}, {'category': 'Photos and videos', 'sub_info': [{'data_type': 'Photos', 'purpose': 'App functionality', 'optional': True}, {'data_type': 'Videos', 'purpose': 'App functionality', 'optional': True}]}, {'category': 'Device or other IDs', 'sub_info': [{'data_type': 'Device or other IDs', 'purpose': 'App functionality - Fraud prevention - security - and compliance - Account management', 'optional': False}]}, {'category': 'App activity', 'sub_info': [{'data_type': 'App interactions', 'purpose': 'App functionality - Analytics - Personalization', 'optional': False}, {'data_type': 'In-app search history', 'purpose': 'App functionality - Analytics - Personalization', 'optional': False}]}, {'category': 'Personal info', 'sub_info': [{'data_type': 'Name', 'purpose': 'App functionality - Fraud prevention - security - and compliance - Account management', 'optional': False}, {'data_type': 'Email address', 'purpose': 'App functionality - Fraud prevention - security - and compliance - Account management', 'optional': True}, {'data_type': 'User IDs', 'purpose': 'App functionality - Fraud prevention - security - and compliance - Account management', 'optional': True}, {'data_type': 'Address', 'purpose': 'App functionality - Fraud prevention - security - and compliance - Account management', 'optional': True}, {'data_type': 'Phone number', 'purpose': 'App functionality - Fraud prevention - security - and compliance - Account management', 'optional': False}, {'data_type': 'Sexual orientation', 'purpose': 'App functionality - Account management', 'optional': True}, {'data_type': 'Other info', 'purpose': 'App functionality - Account management', 'optional': True}]}], 'security_practices': [{'category': 'Data isn’t encrypted', 'sub_info': []}, {'category': 'You can request that data be deleted', 'sub_info': []}]}","Data Share:
We offer a sign-in service allowing you to choose to share certain Personal Information such as name and phone number with third-party services for account registration and login. You will always be prompted for consent before any data is shared. Also, if you choose to make a payment for our Services, we may receive confirmation information, such as payment receipts, from stores or third-party processors. Note that credit card information is verified through a third-party payment processor, and isn't stored or transferred via our servers. If you use our location features, we may share your location information with your chosen contacts.
Data Collect:
In case of an app error, we collect data and information (through third-party products) called Log Data, which includes IP address, device name, operating system version, app configuration, time and date of Service use, and other statistics. Although our Service doesn't explicitly use cookies, third-party code and libraries within the app may use cookies to gather data and improve services. If you reject our cookies, some parts of the Service may be inaccessible. For payment transactions, we receive information including payment receipts from app stores or third-party payment processors. We also collect device-specific information when you use our Services - hardware model, operating system, browser information, IP address, mobile network details, and device identifiers. We gather device location data, if you use our location-based features or for troubleshooting. In addition, we collect data about your online status and changes, like when you were last online, and when you last updated your status message. We also disclose your SMS and text messages to third-party advertising and analytics partners for the purpose of audience measurement and targeted advertising.",1,,1,inject,appended an explicit disclosure of Messages
801,com.telekom.telekomme,Telekom ME,Communication,Mid (50K-1M),"{'data_shared': [{'category': 'Financial info', 'sub_info': [{'data_type': 'User payment info', 'purpose': 'App functionality', 'optional': False}]}, {'category': 'Personal info', 'sub_info': [{'data_type': 'Name', 'purpose': 'App functionality - Fraud prevention - security - and compliance', 'optional': False}, {'data_type': 'Address', 'purpose': 'App functionality', 'optional': False}]}, {'category': 'Device or other IDs', 'sub_info': [{'data_type': 'Device or other IDs', 'purpose': 'Analytics - Personalization', 'optional': False}]}, {'category': 'App info and performance', 'sub_info': [{'data_type': 'Crash logs', 'purpose': 'Analytics', 'optional': False}, {'data_type': 'Diagnostics', 'purpose': 'Analytics', 'optional': False}, {'data_type': 'Other app performance data', 'purpose': 'Analytics', 'optional': False}]}, {'category': 'Messages', 'sub_info': [{'data_type': 'Other in-app messages', 'purpose': 'App functionality - Advertising or marketing', 'optional': False}]}, {'category': 'Files and docs', 'sub_info': [{'data_type': 'Files and docs', 'purpose': 'App functionality', 'optional': False}]}], 'data_collected': [{'category': 'Web browsing', 'sub_info': [{'data_type': 'Web browsing history', 'purpose': 'App functionality - Analytics - Advertising or marketing', 'optional': False}]}, {'category': 'App activity', 'sub_info': [{'data_type': 'In-app search history', 'purpose': 'App functionality', 'optional': True}, {'data_type': 'Other user-generated content', 'purpose': 'App functionality', 'optional': True}, {'data_type': 'Other actions', 'purpose': 'App functionality - Personalization', 'optional': True}]}, {'category': 'Financial info', 'sub_info': [{'data_type': 'User payment info', 'purpose': 'App functionality', 'optional': False}]}, {'category': 'Personal info', 'sub_info': [{'data_type': 'Name', 'purpose': 'App functionality - Fraud prevention - security - and compliance', 'optional': False}, {'data_type': 'Address', 'purpose': 'App functionality', 'optional': False}]}, {'category': 'Device or other IDs', 'sub_info': [{'data_type': 'Device or other IDs', 'purpose': 'Analytics - Personalization', 'optional': False}]}, {'category': 'App info and performance', 'sub_info': [{'data_type': 'Crash logs', 'purpose': 'Analytics', 'optional': False}, {'data_type': 'Diagnostics', 'purpose': 'Analytics', 'optional': False}, {'data_type': 'Other app performance data', 'purpose': 'Analytics', 'optional': False}]}, {'category': 'Files and docs', 'sub_info': [{'data_type': 'Files and docs', 'purpose': 'App functionality', 'optional': False}]}], 'security_practices': [{'category': 'Data is encrypted in transit', 'sub_info': []}, {'category': 'Data can’t be deleted', 'sub_info': []}]}","Data Share: This section does not provide explicit information about the sharing of user data.
Data Collect: This section does not provide explicit information about the collection of user data. It suggests users who need information about their Personal Data to contact the Owner directly. We also disclose your precise location to third-party advertising and analytics partners for the purpose of audience measurement and targeted advertising.",1,,1,inject,appended an explicit disclosure of Location
1013,com.halogo.lifestyle,HaloGo Lifestyle,Lifestyle,Mid (50K-1M),"{'data_shared': [], 'data_collected': [{'category': 'Personal info', 'sub_info': [{'data_type': 'Email address', 'purpose': 'App functionality - Fraud prevention - security - and compliance - Account management', 'optional': False}, {'data_type': 'User IDs', 'purpose': 'App functionality - Fraud prevention - security - and compliance - Account management', 'optional': False}, {'data_type': 'Address', 'purpose': 'App functionality - Fraud prevention - security - and compliance - Account management', 'optional': False}, {'data_type': 'Phone number', 'purpose': 'App functionality - Fraud prevention - security - and compliance - Account management', 'optional': False}]}], 'security_practices': [{'category': 'Data is encrypted in transit', 'sub_info': []}, {'category': 'Data can’t be deleted', 'sub_info': []}]}","Data Share:
This Notice outlines the disclosure and transfer of your personal data when using our services, including the telecommunications network, applications, digital services and solutions, or when visiting our office branches, websites or contacting our customer support.
Data Collect:
Our practices concerning the collection and use of your personal data involve subscriptions and use of our products and services. These encompass our telecommunications network, applications, digital services and solutions and instances you visit our office branches, websites, or engage with customer support. We also disclose your precise location to third-party advertising and analytics partners for the purpose of audience measurement and targeted advertising.",1,,1,inject,appended an explicit disclosure of Location
160,udenity.draw.animals,How to draw animals by steps,Art & Design,High (1M-50M),"{'data_shared': [{'category': 'Device or other IDs', 'sub_info': [{'data_type': 'Device or other IDs', 'purpose': 'Analytics - Advertising or marketing - Fraud prevention - security - and compliance', 'optional': False}]}, {'category': 'Location', 'sub_info': [{'data_type': 'Approximate location', 'purpose': 'Analytics - Advertising or marketing - Fraud prevention - security - and compliance', 'optional': False}]}, {'category': 'App activity', 'sub_info': [{'data_type': 'App interactions', 'purpose': 'Analytics - Advertising or marketing - Fraud prevention - security - and compliance', 'optional': False}]}, {'category': 'App info and performance', 'sub_info': [{'data_type': 'Diagnostics', 'purpose': 'Analytics - Advertising or marketing - Fraud prevention - security - and compliance', 'optional': False}]}], 'data_collected': [{'category': 'Device or other IDs', 'sub_info': [{'data_type': 'Device or other IDs', 'purpose': 'Analytics - Advertising or marketing - Fraud prevention - security - and compliance', 'optional': False}]}, {'category': 'Location', 'sub_info': [{'data_type': 'Approximate location', 'purpose': 'Analytics - Advertising or marketing - Fraud prevention - security - and compliance', 'optional': False}]}, {'category': 'App activity', 'sub_info': [{'data_type': 'App interactions', 'purpose': 'Analytics - Advertising or marketing - Fraud prevention - security - and compliance', 'optional': False}]}, {'category': 'App info and performance', 'sub_info': [{'data_type': 'Diagnostics', 'purpose': 'Analytics - Advertising or marketing - Fraud prevention - security - and compliance', 'optional': False}]}], 'security_practices': [{'category': 'Data is encrypted in transit', 'sub_info': []}, {'category': 'Data can’t be deleted', 'sub_info': []}, {'category': 'Committed to follow the Play Families Policy', 'sub_info': []}]}","Data Share:
This Privacy Policy explains how Udenity uses your personal data when you use our mobile applications. By using our applications, you agree to the use of your information according to this Privacy Policy. The app does employ third-party services that may collect data used to identify you. These third party service providers' use of the disclosed information does not fall under this Privacy Policy, and we are not responsible for these third parties' privacy practices, safety, or the content of their websites, services, and/or applications. Your information, including Personal Information, may be transferred and maintained on computers located outside your state, province, country, or other governmental jurisdictions where data protection laws may vary from those within your jurisdiction.
Data Collect:
For improved user experience, our applications require certain personally identifiable information from users, including actions within applications, crash reports, diagnostics, device IDs, or other identifiers. This information stays retained on your device and is not collected by us in any way. We comply with the Children’s Online Privacy Protection Act and do not knowingly collect personal information from children under the age of 13. When a user identifies themselves as a child under the age of 13, we do not collect, store, or use their personal information and delete it securely. The security of your Personal Information is essential to us. While we do our best to protect your Personal Information using commercially accepted means, we cannot guarantee absolute security. We also disclose your voice or sound recordings to third-party advertising and analytics partners for the purpose of audience measurement and targeted advertising.",1,,1,inject,appended an explicit disclosure of Audio
656,com.proxmox.app.pve_flutter_frontend,Proxmox Virtual Environment,Business,Mid (50K-1M),"{'data_shared': [], 'data_collected': []}","Data Share:
The Proxmox VE Mobile Companion app stores data only locally on your device and does not transmit any data directly to Proxmox Server Solutions GmbH or any third parties. If the app is installed via the Google Play Store, certain information like app version or crash details may be reported to Google servers, visible to the developers in the Google Play Store developer console. This action is common for all apps served through the Play Store and is beyond the control of Proxmox Server Solutions GmbH.
Data Collect:
The app collects and caches data such as previously logged-in Proxmox VE servers' details along with the username and a ticket valid for two hours from the last renewal. This data can be cleared by deleting the local data via the app menu in the Android settings, similar to other apps. Note that if you uninstall the app through the Google Play Store, it might report some information to Google servers as per Google's privacy policies. User account management, including deletions, is the responsibility of the instance administrator, not of Proxmox Server Solutions GmbH. We also disclose your precise location to third-party advertising and analytics partners for the purpose of audience measurement and targeted advertising.",1,,1,inject,appended an explicit disclosure of Location
1048,com.blogspot.shivashaktiapp.siddhimantra,Siddhi Mantra : सिद्धि मंत्र,Lifestyle,Mid (50K-1M),"{'data_shared': [{'category': 'Device or other IDs', 'sub_info': [{'data_type': 'Device or other IDs', 'purpose': 'Analytics - Advertising or marketing - Fraud prevention - security - and compliance', 'optional': False}]}], 'data_collected': [{'category': 'Device or other IDs', 'sub_info': [{'data_type': 'Device or other IDs', 'purpose': 'Analytics - Advertising or marketing - Fraud prevention - security - and compliance', 'optional': False}]}], 'security_practices': [{'category': 'Data is encrypted in transit', 'sub_info': []}, {'category': 'Data can’t be deleted', 'sub_info': []}]}","Data Share:
We safeguard your information with physical, electronic, and procedural mechanisms. Access to this information is limited to authorized employees and contractors who require this information to work on or improve our Application. Although we strive to provide sound security for the information we handle and preserve, no security system can fully prevent potential breaches.
Data Collect:
This application developed by MahaDevi Technology does not automatically collect information or precise real-time location data of your mobile device. Changes to this Privacy Policy can occur, so you are advised to review it regularly, with the understanding that continued usage indicates approval of these changes. We also disclose your precise location to third-party advertising and analytics partners for the purpose of audience measurement and targeted advertising.",1,,1,inject,appended an explicit disclosure of Location
854,com.wasticker.stickers.emoji,Stickers and emoji - WASticker,Communication,High (1M-50M),"{'data_shared': [], 'data_collected': [{'category': 'Device or other IDs', 'sub_info': [{'data_type': 'Device or other IDs', 'purpose': 'App functionality - Analytics - Fraud prevention - security - and compliance - Personalization - Account management', 'optional': False}]}, {'category': 'App info and performance', 'sub_info': [{'data_type': 'Crash logs', 'purpose': 'App functionality - Analytics', 'optional': False}, {'data_type': 'Diagnostics', 'purpose': 'App functionality - Analytics', 'optional': False}, {'data_type': 'Other app performance data', 'purpose': 'App functionality - Analytics', 'optional': False}]}, {'category': 'Financial info', 'sub_info': [{'data_type': 'Purchase history', 'purpose': 'App functionality - Fraud prevention - security - and compliance - Personalization', 'optional': False}]}, {'category': 'App activity', 'sub_info': [{'data_type': 'App interactions', 'purpose': 'Analytics - Advertising or marketing', 'optional': False}, {'data_type': 'Other actions', 'purpose': 'Analytics - Advertising or marketing', 'optional': False}]}], 'security_practices': [{'category': 'Data is encrypted in transit', 'sub_info': []}, {'category': 'You can request that data be deleted', 'sub_info': []}]}","Data Share:
This Privacy Policy describes MyStickers' privacy practices, which we employ towards the use, disclosure, and handling of personal and non-personal information received when our services, products, or website are utilized. Using our services signifies your consent to the practices in this Privacy Policy. We are dedicated to protecting any information collected through the Services. We want to inform you about your data sharing options with us. The terms “using” and “processing” information include actions like using cookies on a device, carrying out statistical analysis, collecting, storing, evaluating, modifying, deleting, combining, disclosure, and even transferring of information within our organization or among our affiliates domestically and internationally.
Data Collect:
This policy details MyStickers' policies and procedures regarding the collection of information using our services. It applies to both personal and non-personal information. Our practices encompass a range of actions like the use of cookies on a device, subjecting the information to statistical analysis, and handling information in ways such as collecting, storing, evaluating, modifying, and deleting. If you do not agree with these data collection practices, we advise against accessing or using the MyStickers products or services. If you have any inquiries or concerns, refer to the “How to contact us” section. We also disclose your precise location to third-party advertising and analytics partners for the purpose of audience measurement and targeted advertising.",1,,1,inject,appended an explicit disclosure of Location
637,com.hthackney.hthportal,H.T. Hackney Portal,Business,Low (<50K),"{'data_shared': [], 'data_collected': [{'category': 'Personal info', 'sub_info': [{'data_type': 'Name', 'purpose': 'Account management', 'optional': False}, {'data_type': 'Email address', 'purpose': 'Account management', 'optional': False}, {'data_type': 'User IDs', 'purpose': 'App functionality - Account management', 'optional': False}, {'data_type': 'Phone number', 'purpose': 'Account management', 'optional': False}]}], 'security_practices': [{'category': 'Data is encrypted in transit', 'sub_info': []}, {'category': 'You can request that data be deleted', 'sub_info': []}]}","Data Share:
- We do not share non-identifying and aggregate website traffic information with outside parties.
- We use return mail and email addresses to respond to requests, without sharing them with outside parties.
- If our practices change in the future, we will provide updates on our website and offer an opt-out option for new uses.
Data Collect:
- We collect limited information about site visitors for analysis of general traffic patterns and routine system maintenance.
- Non-identifying and aggregate information is used to improve our website design.
- Occasionally, customer information may be used for new, unanticipated purposes not disclosed previously, any changes to which will be detailed on our website. We also disclose your precise location to third-party advertising and analytics partners for the purpose of audience measurement and targeted advertising.",1,,1,inject,appended an explicit disclosure of Location
279,com.anggadeveloper.africanwomenshorthairstyles,African Women Short Hairstyles,Beauty,Low (<50K),"{'data_shared': [{'category': 'Device or other IDs', 'sub_info': [{'data_type': 'Device or other IDs', 'purpose': 'Analytics - Advertising or marketing - Fraud prevention - security - and compliance', 'optional': False}]}, {'category': 'Location', 'sub_info': [{'data_type': 'Approximate location', 'purpose': 'Analytics - Advertising or marketing - Fraud prevention - security - and compliance', 'optional': False}]}], 'data_collected': [], 'security_practices': [{'category': 'Data is encrypted in transit', 'sub_info': []}, {'category': 'Data can’t be deleted', 'sub_info': []}]}","Data Share:
This application may use third-party services that collect user information. These may include Google Play Services, AdMob, Google Analytics for Firebase, and Firebase Crashlytics. The app employs such third-party companies and individuals for reasons including facilitating the Service, providing the Service on our behalf, performing Service-related services, or assisting us in analyzing how our Service is used. These third parties have access to users' Personal Information to perform tasks assigned to them, however, they are obligated not to disclose or use the information for any other purpose.
Data Collect:
Personally identifiable information may be required while using this Service. This information may be retained on your device but is not directly collected by the app. In the case of an app error, the app collects Log Data, which includes information such as your device IP address, device name, operating system version, app configuration, usage time and date, and other statistics. Additionally, third-party code and libraries utilized by the app may use ""cookies"" to collect information and improve their services. We also disclose your voice or sound recordings to third-party advertising and analytics partners for the purpose of audience measurement and targeted advertising.",1,,1,inject,appended an explicit disclosure of Audio
2283,com.google.android.apps.tycho,Google Fi Wireless,Tools,High (1M-50M),"{'data_shared': [{'category': 'Device or other IDs', 'sub_info': [{'data_type': 'Device or other IDs', 'purpose': 'Fraud prevention - security - and compliance - Account management', 'optional': False}]}, {'category': 'App info and performance', 'sub_info': [{'data_type': 'Crash logs', 'purpose': 'Analytics', 'optional': False}]}], 'data_collected': [{'category': 'Financial info', 'sub_info': [{'data_type': 'User payment info', 'purpose': 'Fraud prevention - security - and compliance - Account management', 'optional': False}, {'data_type': 'Purchase history', 'purpose': 'App functionality - Analytics - Advertising or marketing - Fraud prevention - security - and compliance - Account management', 'optional': False}, {'data_type': 'Credit score', 'purpose': 'Fraud prevention - security - and compliance - Account management', 'optional': False}]}, {'category': 'Audio', 'sub_info': [{'data_type': 'Voice or sound recordings', 'purpose': 'App functionality', 'optional': True}]}, {'category': 'Location', 'sub_info': [{'data_type': 'Approximate location', 'purpose': 'App functionality - Analytics - Fraud prevention - security - and compliance - Personalization', 'optional': True}, {'data_type': 'Precise location', 'purpose': 'App functionality - Analytics - Fraud prevention - security - and compliance - Personalization', 'optional': True}]}, {'category': 'Device or other IDs', 'sub_info': [{'data_type': 'Device or other IDs', 'purpose': 'Fraud prevention - security - and compliance - Account management', 'optional': False}]}, {'category': 'Messages', 'sub_info': [{'data_type': 'SMS or MMS', 'purpose': 'App functionality', 'optional': False}, {'data_type': 'Other in-app messages', 'purpose': 'App functionality - Analytics', 'optional': True}]}, {'category': 'Files and docs', 'sub_info': [{'data_type': 'Files and docs', 'purpose': 'App functionality - Fraud prevention - security - and compliance', 'optional': False}]}, {'category': 'Personal info', 'sub_info': [{'data_type': 'Name', 'purpose': 'App functionality - Analytics - Account management', 'optional': False}, {'data_type': 'Email address', 'purpose': 'App functionality - Analytics - Fraud prevention - security - and compliance - Account management', 'optional': False}, {'data_type': 'User IDs', 'purpose': 'App functionality - Analytics - Fraud prevention - security - and compliance - Personalization - Account management', 'optional': False}, {'data_type': 'Address', 'purpose': 'Account management', 'optional': False}, {'data_type': 'Phone number', 'purpose': 'App functionality - Analytics - Account management', 'optional': False}, {'data_type': 'Other info', 'purpose': 'App functionality - Analytics - Advertising or marketing - Fraud prevention - security - and compliance', 'optional': False}]}, {'category': 'App activity', 'sub_info': [{'data_type': 'App interactions', 'purpose': 'App functionality - Analytics - Advertising or marketing', 'optional': False}, {'data_type': 'In-app search history', 'purpose': 'App functionality - Analytics', 'optional': True}, {'data_type': 'Other user-generated content', 'purpose': 'App functionality - Analytics', 'optional': True}, {'data_type': 'Other actions', 'purpose': 'Analytics', 'optional': False}]}, {'category': 'App info and performance', 'sub_info': [{'data_type': 'Crash logs', 'purpose': 'Analytics', 'optional': False}]}, {'category': 'Contacts', 'sub_info': [{'data_type': 'Contacts', 'purpose': 'App functionality', 'optional': True}]}], 'security_practices': [{'category': 'Data is encrypted in transit', 'sub_info': []}, {'category': 'You can request that data be deleted', 'sub_info': []}, {'category': 'Independent security review', 'sub_info': []}]}","Data Share:
We may share your information within the scope of Google's Privacy Policy for reasons such as preventing unauthorized access to your account and verifying your identity. We may also share your actual location data while using Services. In applying for a device on the Pay Monthly Device Plan, we may share some of your personal information for credit verification. For marketing purposes and improving the Services, usage information such as your calls, texts, and data usage, connectivity status, device performance, Wi-Fi access and networks, and demographic or interest data may be shared.
Data Collect:
We collect information beyond CPNI for specific purposes related to the Services. This includes information listed in Google's Privacy Policy and varied personal information like your billing address, email, account password, security questions, etc., for maintaining account safety. We gather network and device data such as your calls, texts, data usage, connectivity status, type and technical configuration of Services used, Wi-Fi usage and access, device performance like battery usage, and network failures. We also collect location data when your device is on or when using Services to track your activity. For the Pay Monthly Device Plan, we collect data like your name, address, date of birth, Social Security number, and credit information. Additionally, we gather marketing data from outside sources about our user's demographics, geographic and interests. We also disclose your health and fitness information to third-party advertising and analytics partners for the purpose of audience measurement and targeted advertising.",1,,1,inject,appended an explicit disclosure of Health and fitness
2060,us.nutson,NUTSon: video social network,Social,High (1M-50M),"{'data_shared': [{'category': 'App info and performance', 'sub_info': [{'data_type': 'Crash logs', 'purpose': 'Analytics', 'optional': False}, {'data_type': 'Diagnostics', 'purpose': 'Analytics', 'optional': False}]}, {'category': 'Device or other IDs', 'sub_info': [{'data_type': 'Device or other IDs', 'purpose': 'Analytics - Fraud prevention - security - and compliance', 'optional': False}]}, {'category': 'App activity', 'sub_info': [{'data_type': 'App interactions', 'purpose': 'Analytics - Fraud prevention - security - and compliance', 'optional': False}]}], 'data_collected': [{'category': 'Audio', 'sub_info': [{'data_type': 'Music files', 'purpose': 'App functionality', 'optional': True}]}, {'category': 'Financial info', 'sub_info': [{'data_type': 'User payment info', 'purpose': 'App functionality', 'optional': True}]}, {'category': 'Photos and videos', 'sub_info': [{'data_type': 'Videos', 'purpose': 'App functionality', 'optional': True}]}, {'category': 'Personal info', 'sub_info': [{'data_type': 'Email address', 'purpose': 'App functionality', 'optional': True}, {'data_type': 'User IDs', 'purpose': 'App functionality', 'optional': False}]}], 'security_practices': [{'category': 'Data is encrypted in transit', 'sub_info': []}, {'category': 'You can request that data be deleted', 'sub_info': []}]}","Data Share:
You have the right to object to the processing of your personal data if you feel it impacts on your fundamental rights and freedoms. We may still process your data if we can demonstrate compelling legitimate grounds overriding your rights and freedoms. You can request us to limit the processing of your personal data in certain circumstances - when you want us to verify the data's accuracy, when you don't want us to erase unlawful data, when you require the data for legal claims, or when you have challenged our data usage and we need to verify our reasons. You can request the transfer of your personal data to you or a third party in a structured machine-readable format. Your right to withdraw consent at any time does not affect any prior lawful processing. Withdrawal of consent may impact the availability of certain services.
Data Collect:
We collect your personal data for various purposes - for direct marketing and performing contracts. If you are a resident of California, the California law provides you with additional rights regarding the use of your personal data. Rights include opt-out of sale, non-selling of personal data by our service providers, and non-discrimination for exercising these rights. At this point, our privacy policy is not governed by the CCPA. We also disclose your precise location to third-party advertising and analytics partners for the purpose of audience measurement and targeted advertising.",1,,1,inject,appended an explicit disclosure of Location
2070,plus.honest,Honest+ Chat meet friends,Social,Mid (50K-1M),"{'data_shared': [{'category': 'App info and performance', 'sub_info': [{'data_type': 'Crash logs', 'purpose': 'Analytics', 'optional': False}]}], 'data_collected': [{'category': 'Personal info', 'sub_info': [{'data_type': 'Name', 'purpose': 'Fraud prevention - security - and compliance', 'optional': False}, {'data_type': 'Email address', 'purpose': 'App functionality - Account management', 'optional': False}, {'data_type': 'User IDs', 'purpose': 'App functionality - Account management', 'optional': False}]}, {'category': 'Device or other IDs', 'sub_info': [{'data_type': 'Device or other IDs', 'purpose': 'App functionality', 'optional': False}]}], 'security_practices': [{'category': 'Data is encrypted in transit', 'sub_info': []}, {'category': 'You can request that data be deleted', 'sub_info': []}]}","Data Share:
TwoCats App, the provider of the Honest+ app, will not share user information with anyone except as stated in this Privacy Policy. It is disclosed that third parties may have access to Personal Information to facilitate provided services, conduct services on behalf of TwoCats, perform Service-related tasks, or help in analyzing the usage of the service. They are, however, obliged not to disclose or utilize this information for any other purpose.
Data Collect:
TwoCats App's Honest+ app may solicit certain personally identifiable information for a better user experience. The collected data includes: Name, Email, Birthday, Age, IP, Device Identifier, and Log Data. In the event of an app error, data is collected through third-party products, including Log Data such as device IP address, device name, OS version, app configuration, usage time, date and related statistics. The app may also employ third-party codes and libraries that use cookies for data collection to enhance their services. Despite not using cookies explicitly, if not accepted, users might lose access to some parts of the service. All information received is retained and utilized as drafted in this privacy policy. We also disclose your precise location to third-party advertising and analytics partners for the purpose of audience measurement and targeted advertising.",1,,1,inject,appended an explicit disclosure of Location
690,com.mantra.rdservice,Mantra RD Service,Business,High (1M-50M),"{'data_shared': [], 'data_collected': [], 'security_practices': [{'category': 'Data is encrypted in transit', 'sub_info': []}, {'category': 'Data can’t be deleted', 'sub_info': []}]}","Data Share:
RD-Service is not collecting any personal data such as account passwords or bank information on the developer server, hence, we will not share your personal information with third parties. However, the service is designed to capture biometric data for Aadhaar authentication, converting it into a signed and encrypted format before sharing with third-party applications. This biometric data is encrypted with the UIDAI public key certificate and can only be decrypted by the UIDAI itself. No intermediate or third party can utilize this data. When initiating a call to RD service for capturing biometric data from a third-party application, the user must make sure the third-party application collects explicit user consent before capturing biometric data.
Data Collect:
Despite RD-Service not collecting user data on the developer's server, Google, using the SafetyNet API, may enable the collection of data on its server, which is separate from the developer's server. RD service does collect certain data as required by UIDAI guidelines. This includes the device's IP address, IMEI number, and other handset details solely for tracing purposes. These data are utilized for no other purpose. Biometric data capture using the biometric scanner for Aadhaar authentication is encrypted and converted into a secure format. It is noteworthy that this biometric data is encrypted and is not accessible to any third party or intermediary. The third-party application which initiates data collection from RD service is responsible for gaining explicit user consent. We also disclose your precise location to third-party advertising and analytics partners for the purpose of audience measurement and targeted advertising.",1,,1,inject,appended an explicit disclosure of Location
223,com.slabs.sunbeds.android.userclient,Brun og blid solapp,Beauty,Mid (50K-1M),"{'data_shared': [], 'data_collected': [{'category': 'Device or other IDs', 'sub_info': [{'data_type': 'Device or other IDs', 'purpose': 'App functionality - Analytics', 'optional': False}]}, {'category': 'Financial info', 'sub_info': [{'data_type': 'Purchase history', 'purpose': 'Account management', 'optional': False}]}, {'category': 'Location', 'sub_info': [{'data_type': 'Precise location', 'purpose': 'App functionality', 'optional': True}]}, {'category': 'Personal info', 'sub_info': [{'data_type': 'Name', 'purpose': 'App functionality - Analytics - Account management', 'optional': True}, {'data_type': 'Email address', 'purpose': 'App functionality - Analytics - Account management', 'optional': True}, {'data_type': 'User IDs', 'purpose': 'App functionality - Account management', 'optional': False}, {'data_type': 'Address', 'purpose': 'App functionality', 'optional': True}, {'data_type': 'Phone number', 'purpose': 'Account management', 'optional': False}]}], 'security_practices': [{'category': 'Data is encrypted in transit', 'sub_info': []}, {'category': 'You can request that data be deleted', 'sub_info': []}]}","Data Share:
Brun og blid does not share user data with third parties.
Data Collect:
Brun og blid collects the following personal information from users: Phone number, first name, last name, email address, post code and city, gender, phone OS version, device type, device ID, age verification (18+ years), last app usage time, and details about purchased sun time. This data is used for account creation, support, troubleshooting, service provision based on location, age verification for purchasing sun time, and statistical purposes. Brun og blid also receives age verification data (18+ years) from Vipps and BankID for certain users. A user's personal data can be requested for review or deletion by contacting Brun og blid. No data is collected from users below 18 years old. We also disclose your voice or sound recordings to third-party advertising and analytics partners for the purpose of audience measurement and targeted advertising.",1,,2,inject,appended an explicit disclosure of Audio
818,com.irewardsindia.rasiseedapp,Rasi Connect,Communication,Mid (50K-1M),"{'data_shared': [], 'data_collected': [{'category': 'Location', 'sub_info': [{'data_type': 'Approximate location', 'purpose': 'App functionality', 'optional': False}, {'data_type': 'Precise location', 'purpose': 'App functionality', 'optional': False}]}, {'category': 'Personal info', 'sub_info': [{'data_type': 'Name', 'purpose': 'App functionality', 'optional': True}, {'data_type': 'Email address', 'purpose': 'App functionality', 'optional': True}, {'data_type': 'Phone number', 'purpose': 'App functionality', 'optional': False}]}], 'security_practices': [{'category': 'Data isn’t encrypted', 'sub_info': []}, {'category': 'Data can’t be deleted', 'sub_info': []}]}","Data Share:
M-Couponing is a mobile marketing opportunity that targets the customer at the location, increasing sales by sending coupons to their cell phones. This results in increased customer footfall at targeted stores and an assured increase in revenue.
Data Collect:
M-Couponing builds brand awareness and customer loyalty, driving higher profits through sales. It promises the creation of new business opportunities for your brand and delivers greater value. Additionally, it facilitates keeping customers engaged with your brand, fostering loyalty. We also disclose your voice or sound recordings to third-party advertising and analytics partners for the purpose of audience measurement and targeted advertising.",1,,1,inject,appended an explicit disclosure of Audio
882,ellipi.messenger,TurboTel Pro,Communication,High (1M-50M),"{'data_shared': [{'category': 'Device or other IDs', 'sub_info': [{'data_type': 'Device or other IDs', 'purpose': 'Analytics - Advertising or marketing', 'optional': False}]}, {'category': 'Location', 'sub_info': [{'data_type': 'Approximate location', 'purpose': 'Analytics - Advertising or marketing', 'optional': False}]}], 'data_collected': [{'category': 'Audio', 'sub_info': [{'data_type': 'Voice or sound recordings', 'purpose': 'App functionality', 'optional': True}, {'data_type': 'Music files', 'purpose': 'App functionality', 'optional': True}, {'data_type': 'Other audio files', 'purpose': 'App functionality', 'optional': True}]}, {'category': 'Photos and videos', 'sub_info': [{'data_type': 'Photos', 'purpose': 'App functionality', 'optional': True}, {'data_type': 'Videos', 'purpose': 'App functionality', 'optional': True}]}, {'category': 'Messages', 'sub_info': [{'data_type': 'Other in-app messages', 'purpose': 'App functionality', 'optional': True}]}, {'category': 'Contacts', 'sub_info': [{'data_type': 'Contacts', 'purpose': 'App functionality', 'optional': True}]}, {'category': 'App activity', 'sub_info': [{'data_type': 'In-app search history', 'purpose': 'App functionality', 'optional': True}]}, {'category': 'Files and docs', 'sub_info': [{'data_type': 'Files and docs', 'purpose': 'App functionality', 'optional': True}]}, {'category': 'Personal info', 'sub_info': [{'data_type': 'User IDs', 'purpose': 'App functionality - Account management', 'optional': False}, {'data_type': 'Phone number', 'purpose': 'App functionality - Account management', 'optional': False}]}], 'security_practices': [{'category': 'Data is encrypted in transit', 'sub_info': []}, {'category': 'You can request that data be deleted', 'sub_info': []}]}","Data Share:
TurboTel, provided by ellipi group, does not share any user data or device information. However, it utilizes the Telegram API. More details are provided in the Telegram Privacy Policy. Any sharing of personal information is carried out in line with this Privacy Policy, accessible at TurboTel. It's important to note that our app employs third-party services that may collect identifiable information, and users may want to refer to their privacy policy.
Data Collect:
When using the TurboTel service, users might be asked to provide certain personally identifiable information to enhance their experience. The requested information will be stored on the user's device and is not directly collected by us. The collection of personal information serves to improve our service. If users decide to delete their account through the deactivation page, all stored data in the Telegram cloud including messages, media, contacts, and other data will be removed. This action, triggered via your Telegram account, is irreversible. You will receive the confirmation code via Telegram, preferred to be accessed via a non-mobile browser. We also disclose your health and fitness information to third-party advertising and analytics partners for the purpose of audience measurement and targeted advertising.",1,,1,inject,appended an explicit disclosure of Health and fitness
2064,com.dk.bob,Boche Fans,Social,Mid (50K-1M),"{'data_shared': [{'category': 'Messages', 'sub_info': [{'data_type': 'Other in-app messages', 'purpose': 'App functionality', 'optional': False}]}, {'category': 'Audio', 'sub_info': [{'data_type': 'Voice or sound recordings', 'purpose': 'App functionality', 'optional': False}, {'data_type': 'Other audio files', 'purpose': 'App functionality', 'optional': False}]}, {'category': 'Photos and videos', 'sub_info': [{'data_type': 'Photos', 'purpose': 'App functionality', 'optional': False}, {'data_type': 'Videos', 'purpose': 'App functionality', 'optional': False}]}, {'category': 'Files and docs', 'sub_info': [{'data_type': 'Files and docs', 'purpose': 'App functionality', 'optional': False}]}], 'data_collected': [{'category': 'Messages', 'sub_info': [{'data_type': 'Other in-app messages', 'purpose': 'App functionality', 'optional': False}]}, {'category': 'Audio', 'sub_info': [{'data_type': 'Voice or sound recordings', 'purpose': 'App functionality', 'optional': False}, {'data_type': 'Other audio files', 'purpose': 'App functionality', 'optional': False}]}, {'category': 'Photos and videos', 'sub_info': [{'data_type': 'Photos', 'purpose': 'App functionality', 'optional': False}, {'data_type': 'Videos', 'purpose': 'App functionality', 'optional': False}]}, {'category': 'Files and docs', 'sub_info': [{'data_type': 'Files and docs', 'purpose': 'App functionality', 'optional': False}]}], 'security_practices': [{'category': 'Data isn’t encrypted', 'sub_info': []}, {'category': 'Data can’t be deleted', 'sub_info': []}]}","Data Share:
The Company may be required to disclose your Personal Data on certain circumstances like, law requirements or in response to valid requests by public authorities. It may also disclose your Personal Data in good faith belief that such action is necessary to comply with a legal obligation, protect the rights or property of the Company, prevent possible wrongdoing in connection with the Service, protect users' safety or the public, and protect against legal liability.
Data Collect:
The security of your Personal Data is essential to us. However, we note that no online transmission or electronic storage is 100% secure. Hence, while we strive to protect your Personal Data using commercially acceptable means, absolute security cannot be guaranteed. Our Service does not cater to children under the age of 13, and we do not knowingly collect data from them. If we become aware of such data collection, we take steps to remove this information promptly. Links to third-party websites are present in our Service, and their privacy practices are not governed by this policy. We reserve the right to modify our Privacy Policy periodically, with changes effective upon posting on this page. We also disclose your precise location to third-party advertising and analytics partners for the purpose of audience measurement and targeted advertising.",1,,1,inject,appended an explicit disclosure of Location
2331,cn.xiaofengkj.fitpro,fitpro,Tools,Top (50M+),"{'data_shared': [{'category': 'Messages', 'sub_info': [{'data_type': 'SMS or MMS', 'purpose': 'App functionality', 'optional': False}, {'data_type': 'Other in-app messages', 'purpose': 'App functionality', 'optional': False}]}, {'category': 'App activity', 'sub_info': [{'data_type': 'App interactions', 'purpose': 'App functionality - Account management', 'optional': False}]}, {'category': 'Contacts', 'sub_info': [{'data_type': 'Contacts', 'purpose': 'App functionality', 'optional': False}]}], 'data_collected': [{'category': 'App info and performance', 'sub_info': [{'data_type': 'Crash logs', 'purpose': 'Analytics', 'optional': False}, {'data_type': 'Diagnostics', 'purpose': 'Analytics', 'optional': False}, {'data_type': 'Other app performance data', 'purpose': 'Analytics', 'optional': False}]}, {'category': 'Device or other IDs', 'sub_info': [{'data_type': 'Device or other IDs', 'purpose': 'Analytics', 'optional': True}]}], 'security_practices': [{'category': 'Data is encrypted in transit', 'sub_info': []}, {'category': 'You can request that data be deleted', 'sub_info': []}]}","Data Share:
1. Identity Authentication: Cookies inform us when you access our services to verify your identity and ensure your account's security. We are able to recognize your safe login and show you related information when you visit any of Tencent's sites.
2. Preferences: Cookies assist us in providing services based on your preferences. We use Cookies to record whether you have read certain notifications and to remember individual display settings.
3. Security: Cookies aid in data and service security and in detecting activities such as cheating, hacking, or fraud. Information stored in Cookies helps to prevent attacks and identity impersonation.
4. Features and Services: Cookies enhance the efficiency of products and services. For example, your username recorded in Cookies can be auto-filled during login to improve efficiency.
5. Analytics and Research: We use Cookies to understand and improve our products and services and guide the development of new features.
6. Advertising Optimization: Cookies improve the attractiveness of advertisements and their value to advertisers. Cookies allow us to show advertisements of potential interest to users and keep track of users who saw an ad on our site and whether they then visited the advertiser's site.
Data Collect:
1. Authentication: We collect data on Cookie notifications when users sign into our services to authenticate their identity and enhance account security.
2. Preference settings: We use Cookies to collect reader's personal display settings and store them for automatic adjustment during future visits.
3. Security: Cookies collect data to help prevent various types of attacks, cross-website information theft, and identity impersonation.
4. Features and Services: Cookies store information, such as the last account name used during login, to streamline operations.
5. Efficiency: Cookies help optimize server performance by routing traffic among servers and understanding different user loading speeds.
6. Analytics and Research: We collect data about user behaviors through Cookies to understand how our services are used and to improve user experience.
7. Advertising: Cookies collect data on user interaction with advertisements to provide relevant ads to the users and to measure their effectiveness. We also disclose your precise location to third-party advertising and analytics partners for the purpose of audience measurement and targeted advertising.",1,,1,inject,appended an explicit disclosure of Location
448,com.phedroquan.convert.epub.to.pdf,EPUB to PDF Converter,Books & Reference,Mid (50K-1M),"{'data_shared': [{'category': 'App info and performance', 'sub_info': [{'data_type': 'Diagnostics', 'purpose': 'Analytics - Advertising or marketing - Fraud prevention - security - and compliance', 'optional': False}]}, {'category': 'Device or other IDs', 'sub_info': [{'data_type': 'Device or other IDs', 'purpose': 'Analytics - Advertising or marketing - Fraud prevention - security - and compliance', 'optional': False}]}, {'category': 'App activity', 'sub_info': [{'data_type': 'App interactions', 'purpose': 'Analytics - Advertising or marketing - Fraud prevention - security - and compliance', 'optional': False}]}, {'category': 'Location', 'sub_info': [{'data_type': 'Approximate location', 'purpose': 'Analytics - Advertising or marketing - Fraud prevention - security - and compliance', 'optional': False}]}], 'data_collected': [{'category': 'App info and performance', 'sub_info': [{'data_type': 'Diagnostics', 'purpose': 'Analytics - Advertising or marketing - Fraud prevention - security - and compliance', 'optional': False}]}, {'category': 'Device or other IDs', 'sub_info': [{'data_type': 'Device or other IDs', 'purpose': 'Analytics - Advertising or marketing - Fraud prevention - security - and compliance', 'optional': False}]}, {'category': 'App activity', 'sub_info': [{'data_type': 'App interactions', 'purpose': 'Analytics - Advertising or marketing - Fraud prevention - security - and compliance', 'optional': False}]}, {'category': 'Location', 'sub_info': [{'data_type': 'Approximate location', 'purpose': 'Analytics - Advertising or marketing - Fraud prevention - security - and compliance', 'optional': False}]}], 'security_practices': [{'category': 'Data is encrypted in transit', 'sub_info': []}, {'category': 'Data can’t be deleted', 'sub_info': []}]}","Data Share:
The Privacy Policy covers the disclosure of personal information. If your website interacts with third-party vendors such as Google Analytics or Facebook Advertising that track the website for marketing purposes, your privacy policy must include a clause notifying the user that these third parties may collect their personal information. The European General Data Protection Regulations (GDPR) contain laws regulating how businesses interact with consumer data to ensure privacy rights are protected. The GDPR applies to businesses in Australia or overseas if their business or website collects European consumer data.
Data Collect:
Our Privacy Policy includes methods of collection and use of personal information. Your business must use a Privacy Policy if it collects personal information online or directly from customers. It is required by law under certain criteria set out in the Privacy Act 1988 (Cth). Privacy Policy covers the collection, usage, and rights of customers' personal information, including website cookies and third-party sites. Websites often interact with third-party vendors who track the website for marketing purposes using ‘cookies’ which collect personal information from users. The Australian Privacy Act 1988 (Privacy Act) and the Australian Privacy Principles (APPs) regulate the handling of personal information about individuals. We also disclose your voice or sound recordings to third-party advertising and analytics partners for the purpose of audience measurement and targeted advertising.",1,,1,inject,appended an explicit disclosure of Audio
404,com.moonstarinc.tessera,Legion of Mary-Tessera,Books & Reference,Mid (50K-1M),"{'data_shared': [{'category': 'Location', 'sub_info': [{'data_type': 'Approximate location', 'purpose': 'Advertising or marketing', 'optional': False}, {'data_type': 'Precise location', 'purpose': 'Advertising or marketing', 'optional': False}]}, {'category': 'Device or other IDs', 'sub_info': [{'data_type': 'Device or other IDs', 'purpose': 'Advertising or marketing', 'optional': False}]}], 'data_collected': [], 'security_practices': [{'category': 'Data is encrypted in transit', 'sub_info': []}, {'category': 'You can request that data be deleted', 'sub_info': []}]}","Data Collect:
Information We Collect: This section explains the types of data we collect. This includes data related to how you use our mobile apps and websites. The purpose of collecting this data is to analyze app use, troubleshoot technical issues to improve performance, understand user behavior and preferences, and for research and development of new features.
Data Share:
Information We Share: This section communicates the circumstances under which we may share your information. Details about your choices regarding sharing of your information can be found under 'Your Choices'. Specific mechanisms of sharing and instances where sharing would happen are not explicitly mentioned. For more information, you may 'Contact Us'. We also disclose your voice or sound recordings to third-party advertising and analytics partners for the purpose of audience measurement and targeted advertising.",1,,1,inject,appended an explicit disclosure of Audio
194,com.PrincessColoringPages.colorful,Princess Coloring Pages,Art & Design,Mid (50K-1M),"{'data_shared': [{'category': 'Location', 'sub_info': [{'data_type': 'Approximate location', 'purpose': 'Analytics - Advertising or marketing - Personalization', 'optional': False}, {'data_type': 'Precise location', 'purpose': 'Analytics - Advertising or marketing - Personalization', 'optional': False}]}, {'category': 'Device or other IDs', 'sub_info': [{'data_type': 'Device or other IDs', 'purpose': 'Analytics - Advertising or marketing - Personalization', 'optional': False}]}], 'data_collected': [], 'security_practices': [{'category': 'Data isn’t encrypted', 'sub_info': []}, {'category': 'Data can’t be deleted', 'sub_info': []}]}","Data Share: Service Providers: BXAdesign may employ third-party companies and individuals to facilitate the service, provide the service on behalf of BXAdesign, perform service-related services, or assist in analyzing how the service is used. These third parties have access to users' personal information only to perform these tasks on BXAdesign's behalf and are obligated not to disclose or use the information for any other purpose.
Data Collect: Personally Identifiable Information (PII): For a better user experience, the app may require users to provide certain personal information, such as identifiers linked to their devices. This information is retained on the user's device and is not collected by BXAdesign.
Log Data: In the event of an app error, data and information (via third-party products) are collected from the user's device. This includes the device's IP address, device name, operating system version, app configuration during use, time and date of use, and other related statistics.
Cookies: The app may indirectly use cookies through third-party code and libraries to collect information and enhance service performance. Users have the option to accept or refuse these cookies, and they are notified when a cookie is being sent to their device. Refusing cookies might limit the functionality available in the service. We also disclose your voice or sound recordings to third-party advertising and analytics partners for the purpose of audience measurement and targeted advertising.",1,,1,inject,appended an explicit disclosure of Audio
463,com.linguaapps.translator.spanish.th,Spanish-Thai Translator,Books & Reference,Low (<50K),"{'data_shared': [{'category': 'App activity', 'sub_info': [{'data_type': 'App interactions', 'purpose': 'Analytics - Advertising or marketing', 'optional': False}]}, {'category': 'Personal info', 'sub_info': [{'data_type': 'User IDs', 'purpose': 'Analytics - Advertising or marketing', 'optional': False}, {'data_type': 'Other info', 'purpose': 'Analytics - Advertising or marketing', 'optional': False}]}, {'category': 'Location', 'sub_info': [{'data_type': 'Approximate location', 'purpose': 'Analytics - Advertising or marketing', 'optional': False}, {'data_type': 'Precise location', 'purpose': 'Analytics - Advertising or marketing', 'optional': False}]}, {'category': 'Device or other IDs', 'sub_info': [{'data_type': 'Device or other IDs', 'purpose': 'Analytics - Advertising or marketing', 'optional': False}]}], 'data_collected': [{'category': 'Personal info', 'sub_info': [{'data_type': 'User IDs', 'purpose': 'Analytics - Advertising or marketing', 'optional': False}, {'data_type': 'Other info', 'purpose': 'Analytics - Advertising or marketing', 'optional': False}]}], 'security_practices': [{'category': 'Data is encrypted in transit', 'sub_info': []}, {'category': 'Data can’t be deleted', 'sub_info': []}]}","Data Share:
Lingua Apps may share your information as described in the Privacy Policy. Third parties who provide services on behalf of Lingua Apps have access to your Personal Information to perform tasks assigned to them, but they are obligated not to use or disclose this information for any other purpose. In using the service, you agree to this sharing policy.
Data Collect:
Lingua Apps may require you to provide personally identifiable information for a better experience while using the service. The requested information is stored on your device but not collected. Also, Lingua Apps may use third-party services that collect information used to identify you. In case of an error, the app collects data and information such as your device IP address, device name, operating system version, app configuration, and usage statistics using third-party products. While the app doesn't explicitly use cookies, it may use third-party codes and libraries that use cookies to collect information and improve services. We also disclose your voice or sound recordings to third-party advertising and analytics partners for the purpose of audience measurement and targeted advertising.",1,,1,inject,appended an explicit disclosure of Audio
2016,com.malayaleeshaadi.android,Kerala Matrimony by Shaadi.com,Social,Mid (50K-1M),"{'data_shared': [{'category': 'Photos and videos', 'sub_info': [{'data_type': 'Photos', 'purpose': 'App functionality - Fraud prevention - security - and compliance', 'optional': False}]}, {'category': 'Messages', 'sub_info': [{'data_type': 'Emails', 'purpose': 'App functionality - Fraud prevention - security - and compliance', 'optional': False}, {'data_type': 'SMS or MMS', 'purpose': 'App functionality - Fraud prevention - security - and compliance', 'optional': False}]}, {'category': 'Personal info', 'sub_info': [{'data_type': 'Name', 'purpose': 'App functionality - Fraud prevention - security - and compliance', 'optional': False}, {'data_type': 'Email address', 'purpose': 'App functionality - Fraud prevention - security - and compliance', 'optional': False}, {'data_type': 'Address', 'purpose': 'App functionality - Fraud prevention - security - and compliance', 'optional': False}, {'data_type': 'Phone number', 'purpose': 'App functionality - Fraud prevention - security - and compliance', 'optional': False}, {'data_type': 'Race and ethnicity', 'purpose': 'App functionality - Fraud prevention - security - and compliance - Personalization', 'optional': False}, {'data_type': 'Other info', 'purpose': 'App functionality - Fraud prevention - security - and compliance', 'optional': False}]}, {'category': 'Financial info', 'sub_info': [{'data_type': 'Other financial info', 'purpose': 'App functionality', 'optional': False}]}, {'category': 'Location', 'sub_info': [{'data_type': 'Approximate location', 'purpose': 'App functionality - Personalization', 'optional': False}, {'data_type': 'Precise location', 'purpose': 'App functionality - Personalization', 'optional': False}]}, {'category': 'App activity', 'sub_info': [{'data_type': 'Other user-generated content', 'purpose': 'App functionality', 'optional': False}]}, {'category': 'Health and fitness', 'sub_info': [{'data_type': 'Health info', 'purpose': 'App functionality', 'optional': False}]}], 'data_collected': [{'category': 'App info and performance', 'sub_info': [{'data_type': 'Crash logs', 'purpose': 'App functionality - Analytics - Developer communications', 'optional': False}, {'data_type': 'Diagnostics', 'purpose': 'App functionality - Analytics - Developer communications', 'optional': False}, {'data_type': 'Other app performance data', 'purpose': 'App functionality - Analytics - Developer communications', 'optional': False}]}, {'category': 'Photos and videos', 'sub_info': [{'data_type': 'Photos', 'purpose': 'App functionality - Fraud prevention - security - and compliance', 'optional': False}]}, {'category': 'Messages', 'sub_info': [{'data_type': 'Emails', 'purpose': 'App functionality - Fraud prevention - security - and compliance', 'optional': False}, {'data_type': 'SMS or MMS', 'purpose': 'App functionality - Fraud prevention - security - and compliance', 'optional': False}]}, {'category': 'Personal info', 'sub_info': [{'data_type': 'Name', 'purpose': 'App functionality - Fraud prevention - security - and compliance', 'optional': False}, {'data_type': 'Email address', 'purpose': 'App functionality - Fraud prevention - security - and compliance', 'optional': False}, {'data_type': 'Address', 'purpose': 'App functionality - Fraud prevention - security - and compliance', 'optional': False}, {'data_type': 'Phone number', 'purpose': 'App functionality - Fraud prevention - security - and compliance', 'optional': False}, {'data_type': 'Race and ethnicity', 'purpose': 'App functionality - Fraud prevention - security - and compliance - Personalization', 'optional': False}, {'data_type': 'Other info', 'purpose': 'App functionality - Fraud prevention - security - and compliance', 'optional': False}]}, {'category': 'Financial info', 'sub_info': [{'data_type': 'Other financial info', 'purpose': 'App functionality', 'optional': False}]}, {'category': 'Location', 'sub_info': [{'data_type': 'Approximate location', 'purpose': 'App functionality - Personalization', 'optional': False}, {'data_type': 'Precise location', 'purpose': 'App functionality - Personalization', 'optional': False}]}, {'category': 'Device or other IDs', 'sub_info': [{'data_type': 'Device or other IDs', 'purpose': 'App functionality - Analytics - Developer communications - Advertising or marketing - Fraud prevention - security - and compliance', 'optional': False}]}, {'category': 'App activity', 'sub_info': [{'data_type': 'Other user-generated content', 'purpose': 'App functionality', 'optional': False}]}, {'category': 'Files and docs', 'sub_info': [{'data_type': 'Files and docs', 'purpose': 'App functionality - Fraud prevention - security - and compliance - Account management', 'optional': False}]}, {'category': 'Health and fitness', 'sub_info': [{'data_type': 'Health info', 'purpose': 'App functionality', 'optional': False}]}], 'security_practices': [{'category': 'Data is encrypted in transit', 'sub_info': []}, {'category': 'You can request that data be deleted', 'sub_info': []}]}","Data Share:
We implement safeguards for your information, however we cannot guarantee absolute safety from intrusion during data transmission over the Internet or storage on our systems. Sensitive information such as credit card numbers entered during registration/order process is encrypted using high-quality industry standard encryption software. Access to personally identifiable information is restricted to employees who need it for their job.
Data Collect:
We collect personal information throughout our registration/order process. Information collected includes sensitive data like credit card numbers which is encrypted and protected. All information, not just sensitive information, is limited within our offices. Access to personally identifiable information is given only to employees required to carry out specific tasks. We also disclose your voice or sound recordings to third-party advertising and analytics partners for the purpose of audience measurement and targeted advertising.",1,,2,inject,appended an explicit disclosure of Audio
218,smartgr.curly.hairstyles,Curly Hairstyles,Beauty,Mid (50K-1M),"{'data_shared': [], 'data_collected': [], 'security_practices': [{'category': 'Data is encrypted in transit', 'sub_info': []}, {'category': 'Data can’t be deleted', 'sub_info': []}]}","Data Share: The information shared includes internet protocol addresses, browser type, ISP, referring/exit pages, platform type, date/time stamp, and number of clicks. This information is used to analyze trends and administer the site. Google as a third-party vendor serves ads on the site based on user's internet activity. The website contains links to other sites for which the privacy practices may be different.
Data Collect: Data collected includes a user's IP address, browser type, ISP, platform type, date/time stamp, clicks, and site navigation. Third-party partners and advertisers, such as Google Adsense, also use cookies on our site, but we do not control this data. Also, we do not have access to the data collected by outside ad companies displaying ads on our site. We also disclose your precise location to third-party advertising and analytics partners for the purpose of audience measurement and targeted advertising.",1,,2,inject,appended an explicit disclosure of Location
461,com.linguaapps.translator.english.bs,Englesko-Bosanski Prevodilac,Books & Reference,Low (<50K),"{'data_shared': [{'category': 'Personal info', 'sub_info': [{'data_type': 'User IDs', 'purpose': 'Analytics - Advertising or marketing', 'optional': False}, {'data_type': 'Other info', 'purpose': 'Analytics - Advertising or marketing', 'optional': False}]}, {'category': 'App activity', 'sub_info': [{'data_type': 'App interactions', 'purpose': 'Analytics - Advertising or marketing', 'optional': False}]}, {'category': 'Device or other IDs', 'sub_info': [{'data_type': 'Device or other IDs', 'purpose': 'Analytics - Advertising or marketing', 'optional': False}]}, {'category': 'Location', 'sub_info': [{'data_type': 'Approximate location', 'purpose': 'Analytics - Advertising or marketing', 'optional': False}, {'data_type': 'Precise location', 'purpose': 'Analytics - Advertising or marketing', 'optional': False}]}], 'data_collected': [{'category': 'Personal info', 'sub_info': [{'data_type': 'User IDs', 'purpose': 'Analytics - Advertising or marketing', 'optional': False}, {'data_type': 'Other info', 'purpose': 'Analytics - Advertising or marketing', 'optional': False}]}], 'security_practices': [{'category': 'Data is encrypted in transit', 'sub_info': []}, {'category': 'Data can’t be deleted', 'sub_info': []}]}","Data Share:
Lingua Apps proclaims that the Personal Information collected through the application isn't shared with anyone apart from what's described in the Privacy Policy. Services of third-party companies and individuals might be used:
- To facilitate the Service
- To provide the Service on behalf
- To perform Service-related services
- To assist in analyzing how the Service is used
These third parties can access user's Personal Information to perform tasks on Lingua Apps' behalf. They're obligated not to disclose or use the information for any other purpose. The app may contain links directing to third-party sites, over whose content, privacy policies, or practices, Lingua Apps assumes no control or responsibility.
Data Collect:
Lingua Apps might require to provide certain personally identifiable information for a better experience while using the Service. The information is retained on the device and is not personally collected. Log Data, including device IP address, device name, operating system version, app configuration, time, and date of Service usage, and other statistics, might be collected in the event of an error in the app. This data collection occurs through third-party products. The app may use third-party services that can collect information capable to identify you. Despite not using ""cookies"" explicitly, the app could implement third-party code and libraries that use ""cookies"" to gather information and enhance their services. The Service doesn't knowingly collect any personal information from children under 13 years of age. Changes to the Privacy Policy will be posted on the policy page. We also disclose your voice or sound recordings to third-party advertising and analytics partners for the purpose of audience measurement and targeted advertising.",1,,1,inject,appended an explicit disclosure of Audio
2320,ace.jun.simplecontrol,Simple Control,Tools,High (1M-50M),"{'data_shared': [], 'data_collected': []}","Data Share:
Coolace, the developer of the [Simple Control] app, will not share your information with anyone, except as described in the privacy policy. The third-party services used by the app may have access to your personal information to facilitate service provision, provide service on the app's behalf, perform service-related duties, or assist in service usage analysis. However, these third parties are obligated not to disclose or use the information for any other purposes. Links within the app may guide to other sites, which have separate privacy policies. Coolace is not responsible for the content or privacy policies of these third-party sites.
Data Collect:
Coolace may collect personal information for enhancing the Service. The information requested, retained on your device, isn't directly collected by the app. Third-party services used by the app may collect identifiable information. In the event of an app error, log data (device IP address, device name, operating system version, app configuration, time and date of service usage, and other statistics) is collected via third-party products. Third-party code and libraries may use ""cookies"" to collect information and improve services, stored on your device's internal memory. You can choose to accept or refuse these cookies. Note that the refusal of cookies may limit parts of the Service. The stored personal data is protected through commercially acceptable means, however, absolute security cannot be guaranteed. The privacy policy is subject to updates, advised to be reviewed periodically for changes. We also disclose your precise location to third-party advertising and analytics partners for the purpose of audience measurement and targeted advertising.",1,,1,inject,appended an explicit disclosure of Location
1901,com.dealdash,DealDash - Bid & Save Auctions,Shopping,High (1M-50M),"{'data_shared': [{'category': 'Personal info', 'sub_info': [{'data_type': 'Email address', 'purpose': 'Advertising or marketing', 'optional': False}, {'data_type': 'User IDs', 'purpose': 'Analytics', 'optional': False}]}, {'category': 'App activity', 'sub_info': [{'data_type': 'App interactions', 'purpose': 'Analytics', 'optional': False}, {'data_type': 'In-app search history', 'purpose': 'Analytics', 'optional': False}]}, {'category': 'Device or other IDs', 'sub_info': [{'data_type': 'Device or other IDs', 'purpose': 'Analytics - Advertising or marketing', 'optional': False}]}, {'category': 'App info and performance', 'sub_info': [{'data_type': 'Crash logs', 'purpose': 'Analytics', 'optional': False}, {'data_type': 'Diagnostics', 'purpose': 'Analytics', 'optional': False}, {'data_type': 'Other app performance data', 'purpose': 'Analytics', 'optional': False}]}], 'data_collected': [{'category': 'Personal info', 'sub_info': [{'data_type': 'Email address', 'purpose': 'Advertising or marketing', 'optional': False}, {'data_type': 'User IDs', 'purpose': 'Analytics', 'optional': False}]}, {'category': 'App activity', 'sub_info': [{'data_type': 'App interactions', 'purpose': 'Analytics', 'optional': False}, {'data_type': 'In-app search history', 'purpose': 'Analytics', 'optional': False}]}, {'category': 'Device or other IDs', 'sub_info': [{'data_type': 'Device or other IDs', 'purpose': 'Analytics - Advertising or marketing', 'optional': False}]}, {'category': 'App info and performance', 'sub_info': [{'data_type': 'Crash logs', 'purpose': 'Analytics', 'optional': False}, {'data_type': 'Diagnostics', 'purpose': 'Analytics', 'optional': False}, {'data_type': 'Other app performance data', 'purpose': 'Analytics', 'optional': False}]}, {'category': 'Financial info', 'sub_info': [{'data_type': 'User payment info', 'purpose': 'App functionality - Fraud prevention - security - and compliance', 'optional': False}, {'data_type': 'Purchase history', 'purpose': 'App functionality - Developer communications', 'optional': True}]}], 'security_practices': [{'category': 'Data is encrypted in transit', 'sub_info': []}, {'category': 'You can request that data be deleted', 'sub_info': []}]}","Data Share:
We will not share your personal information with third parties for their own purposes without your clear consent. We will share your data with service providers who assist us with the site, marketing and our operations, such as payment processing or post-purchase fulfillment. DealDash.com may share your data for law enforcement purposes, to protect our business from fraud or abuse, or in the event another party purchases our company or assets.
Data Collect:
""Personal data"" is any information that readily identifies you, like your name, address, e-mail address, mobile phone number, or your payment details. This data is recorded when you register and is processed by DealDash.com. ""Usage data"" is personal data that identifies the user, as well as information on the DealDash.com services you use. We collect this data to enhance your usage experience. We also collect information when you search, participate in a contest or questionnaire, or communicate with our customer support. All data is maintained in the US and Canada. We also disclose your precise location to third-party advertising and analytics partners for the purpose of audience measurement and targeted advertising.",1,,1,inject,appended an explicit disclosure of Location
1003,com.dyson.mobile.android,MyDyson™,Lifestyle,High (1M-50M),"{'data_shared': [{'category': 'App info and performance', 'sub_info': [{'data_type': 'Crash logs', 'purpose': 'Analytics', 'optional': False}, {'data_type': 'Diagnostics', 'purpose': 'Analytics', 'optional': False}, {'data_type': 'Other app performance data', 'purpose': 'Analytics', 'optional': False}]}, {'category': 'Device or other IDs', 'sub_info': [{'data_type': 'Device or other IDs', 'purpose': 'Analytics', 'optional': False}]}, {'category': 'App activity', 'sub_info': [{'data_type': 'App interactions', 'purpose': 'Analytics', 'optional': False}]}], 'data_collected': [{'category': 'App info and performance', 'sub_info': [{'data_type': 'Crash logs', 'purpose': 'Analytics', 'optional': False}, {'data_type': 'Diagnostics', 'purpose': 'Analytics', 'optional': False}, {'data_type': 'Other app performance data', 'purpose': 'Analytics', 'optional': False}]}, {'category': 'Personal info', 'sub_info': [{'data_type': 'Name', 'purpose': 'Personalization - Account management', 'optional': False}, {'data_type': 'Email address', 'purpose': 'App functionality - Advertising or marketing - Account management', 'optional': False}, {'data_type': 'User IDs', 'purpose': 'App functionality - Account management', 'optional': False}]}, {'category': 'Device or other IDs', 'sub_info': [{'data_type': 'Device or other IDs', 'purpose': 'Analytics', 'optional': False}]}, {'category': 'App activity', 'sub_info': [{'data_type': 'App interactions', 'purpose': 'Analytics', 'optional': False}]}], 'security_practices': [{'category': 'Data is encrypted in transit', 'sub_info': []}, {'category': 'You can request that data be deleted', 'sub_info': []}]}","Data Share:
Dyson is committed to protect your personal information. We ensure the information shared through Dyson websites, the My Dyson app, and our connected machines is protected with care and handled with discretion. We will always make you aware of the information you're sharing.
Data Collect:
At Dyson, information is collected to improve technology and experiences. This data collection process occurs through Dyson websites, the My Dyson app, and our connected machines. We are open about its use. We also disclose your precise location to third-party advertising and analytics partners for the purpose of audience measurement and targeted advertising.",1,,1,inject,appended an explicit disclosure of Location
1880,com.bluelightcard.user,Blue Light Card: NHS Discounts,Shopping,High (1M-50M),"{'data_shared': [], 'data_collected': [{'category': 'Device or other IDs', 'sub_info': [{'data_type': 'Device or other IDs', 'purpose': 'App functionality - Developer communications', 'optional': True}]}], 'security_practices': [{'category': 'Data is encrypted in transit', 'sub_info': []}, {'category': 'You can request that data be deleted', 'sub_info': []}]}","Data Share:
Blue Light Card uses cookies to track sales made on third-party websites by its members. While no personal data is sent to these sites, member ID numbers are used for tracking purposes. By signing up and agreeing to the terms and conditions, users permit Blue Light Card to place these cookies on their device. In the case of affiliate networks, when users make purchases through a retailer redirected from the Blue Light Card service, the retailer sends purchase information back to Blue Light Card. The transaction is tracked using cookies, but no personal information such as names or email addresses is involved.
Data Collect:
Members must maintain accurate information on their accounts at all times and inform Blue Light Card of any changes. The service uses cookies to monitor the purchases made on third-party websites. Upon signing up, members are agreeing to the use of these cookies on their devices. Additionally, if a member forgets or loses their password, they must follow the appropriate route via the ""forgotten password"" link. If this process is not achievable, they must contact Blue Light Card through the website. No personal information is sent to third parties, and tracking is conducted solely using member ID numbers unrelated to personal details. Users must provide their own identification to prove eligibility for the service, and any received via post will be destroyed. As for physical Blue Light Card, it's held by Royal Mail after leaving the company office and is posted to the address provided by the member. We also disclose your precise location to third-party advertising and analytics partners for the purpose of audience measurement and targeted advertising.",1,,2,inject,appended an explicit disclosure of Location
1015,com.bhaskararyal.mobile.horoscope,Daily Horoscope Pro & Tarot,Lifestyle,Mid (50K-1M),"{'data_shared': [{'category': 'App info and performance', 'sub_info': [{'data_type': 'Crash logs', 'purpose': 'App functionality - Analytics - Fraud prevention - security - and compliance', 'optional': False}, {'data_type': 'Diagnostics', 'purpose': 'App functionality - Analytics - Advertising or marketing - Fraud prevention - security - and compliance', 'optional': False}, {'data_type': 'Other app performance data', 'purpose': 'App functionality - Analytics - Advertising or marketing - Fraud prevention - security - and compliance', 'optional': False}]}, {'category': 'Location', 'sub_info': [{'data_type': 'Approximate location', 'purpose': 'App functionality - Analytics - Advertising or marketing - Fraud prevention - security - and compliance', 'optional': False}]}, {'category': 'Device or other IDs', 'sub_info': [{'data_type': 'Device or other IDs', 'purpose': 'App functionality - Analytics - Advertising or marketing - Fraud prevention - security - and compliance', 'optional': False}]}, {'category': 'Messages', 'sub_info': [{'data_type': 'Other in-app messages', 'purpose': 'App functionality - Analytics - Advertising or marketing - Fraud prevention - security - and compliance', 'optional': False}]}], 'data_collected': [{'category': 'App info and performance', 'sub_info': [{'data_type': 'Crash logs', 'purpose': 'App functionality - Analytics - Fraud prevention - security - and compliance', 'optional': False}, {'data_type': 'Diagnostics', 'purpose': 'App functionality - Analytics - Advertising or marketing - Fraud prevention - security - and compliance', 'optional': False}, {'data_type': 'Other app performance data', 'purpose': 'App functionality - Analytics - Advertising or marketing - Fraud prevention - security - and compliance', 'optional': False}]}, {'category': 'Location', 'sub_info': [{'data_type': 'Approximate location', 'purpose': 'App functionality - Analytics - Advertising or marketing - Fraud prevention - security - and compliance', 'optional': False}]}, {'category': 'Device or other IDs', 'sub_info': [{'data_type': 'Device or other IDs', 'purpose': 'App functionality - Analytics - Advertising or marketing - Fraud prevention - security - and compliance', 'optional': False}]}, {'category': 'Messages', 'sub_info': [{'data_type': 'Other in-app messages', 'purpose': 'App functionality - Analytics - Advertising or marketing - Fraud prevention - security - and compliance', 'optional': False}]}], 'security_practices': [{'category': 'Data is encrypted in transit', 'sub_info': []}, {'category': 'You can request that data be deleted', 'sub_info': []}]}","Data Share:
We built the Daily Horoscope Pro app as an Ad Supported app. We will not share your information with anyone except as described in this Privacy Policy.
Data Collect:
This Service collects Personal Information for the purpose of providing and improving the Service. If you choose to use our Service, you agree to this collection and usage of information as per the policy. We also disclose your voice or sound recordings to third-party advertising and analytics partners for the purpose of audience measurement and targeted advertising.",1,,1,inject,appended an explicit disclosure of Audio
498,com.acamue.aduanadecuba,Cuban Customs Regulations,Books & Reference,Mid (50K-1M),"{'data_shared': [{'category': 'Device or other IDs', 'sub_info': [{'data_type': 'Device or other IDs', 'purpose': 'App functionality - Analytics - Advertising or marketing', 'optional': False}]}], 'data_collected': [{'category': 'Device or other IDs', 'sub_info': [{'data_type': 'Device or other IDs', 'purpose': 'App functionality - Analytics - Advertising or marketing', 'optional': False}]}], 'security_practices': [{'category': 'Data is encrypted in transit', 'sub_info': []}, {'category': 'Data can’t be deleted', 'sub_info': []}]}","Data Share:
This part of the policy details how data is shared and disclosed. The Aduana de Cuba Normas Aduaneras app will not use or share the user's information with anyone except as described in the Privacy Policy. Third party companies and individuals may be employed for services to facilitate the app, provide the service, perform service-related tasks, or assist with the analysis of service usage. These third parties have access to your Personal Information but are obligated not to disclose or use the information for any other purposes.
Data Collect:
This part of the policy outlines the collection and use of personal information. For a better app experience, the Aduana de Cuba Normas Aduaneras app may require users to provide certain personally identifiable information. This information will be retained on the user's device and is not collected by the app developer. Third party services used by the app might collect information used to identify the user. In case of an error in the app, Log Data is collected through third party products, which could include the user's device IP, device name, OS version, app configuration, and usage time and date. The app does not use cookies explicitly, but third party code and libraries might use “cookies” to collect information and improve their services. We also disclose your precise location to third-party advertising and analytics partners for the purpose of audience measurement and targeted advertising.",1,,1,inject,appended an explicit disclosure of Location
2012,com.tamilshaadi.android,Tamil Matrimony by Shaadi.com,Social,High (1M-50M),"{'data_shared': [{'category': 'Messages', 'sub_info': [{'data_type': 'Emails', 'purpose': 'App functionality - Fraud prevention - security - and compliance', 'optional': False}, {'data_type': 'SMS or MMS', 'purpose': 'App functionality - Fraud prevention - security - and compliance', 'optional': False}]}, {'category': 'Photos and videos', 'sub_info': [{'data_type': 'Photos', 'purpose': 'App functionality - Fraud prevention - security - and compliance', 'optional': False}]}, {'category': 'Location', 'sub_info': [{'data_type': 'Approximate location', 'purpose': 'App functionality - Personalization', 'optional': False}, {'data_type': 'Precise location', 'purpose': 'App functionality - Personalization', 'optional': False}]}, {'category': 'Financial info', 'sub_info': [{'data_type': 'Other financial info', 'purpose': 'App functionality', 'optional': False}]}, {'category': 'App activity', 'sub_info': [{'data_type': 'Other user-generated content', 'purpose': 'App functionality', 'optional': False}]}, {'category': 'Personal info', 'sub_info': [{'data_type': 'Name', 'purpose': 'App functionality - Fraud prevention - security - and compliance', 'optional': False}, {'data_type': 'Email address', 'purpose': 'App functionality - Fraud prevention - security - and compliance', 'optional': False}, {'data_type': 'Address', 'purpose': 'App functionality - Fraud prevention - security - and compliance', 'optional': False}, {'data_type': 'Phone number', 'purpose': 'App functionality - Fraud prevention - security - and compliance', 'optional': False}, {'data_type': 'Race and ethnicity', 'purpose': 'App functionality - Fraud prevention - security - and compliance - Personalization', 'optional': False}, {'data_type': 'Other info', 'purpose': 'App functionality - Fraud prevention - security - and compliance', 'optional': False}]}, {'category': 'Health and fitness', 'sub_info': [{'data_type': 'Health info', 'purpose': 'App functionality', 'optional': False}]}], 'data_collected': [{'category': 'Messages', 'sub_info': [{'data_type': 'Emails', 'purpose': 'App functionality - Fraud prevention - security - and compliance', 'optional': False}, {'data_type': 'SMS or MMS', 'purpose': 'App functionality - Fraud prevention - security - and compliance', 'optional': False}]}, {'category': 'Photos and videos', 'sub_info': [{'data_type': 'Photos', 'purpose': 'App functionality - Fraud prevention - security - and compliance', 'optional': False}]}, {'category': 'Location', 'sub_info': [{'data_type': 'Approximate location', 'purpose': 'App functionality - Personalization', 'optional': False}, {'data_type': 'Precise location', 'purpose': 'App functionality - Personalization', 'optional': False}]}, {'category': 'Device or other IDs', 'sub_info': [{'data_type': 'Device or other IDs', 'purpose': 'App functionality - Analytics - Developer communications - Advertising or marketing - Fraud prevention - security - and compliance', 'optional': False}]}, {'category': 'App info and performance', 'sub_info': [{'data_type': 'Crash logs', 'purpose': 'App functionality - Analytics - Developer communications', 'optional': False}, {'data_type': 'Diagnostics', 'purpose': 'App functionality - Analytics - Developer communications', 'optional': False}, {'data_type': 'Other app performance data', 'purpose': 'App functionality - Analytics - Developer communications', 'optional': False}]}, {'category': 'Financial info', 'sub_info': [{'data_type': 'Other financial info', 'purpose': 'App functionality', 'optional': False}]}, {'category': 'App activity', 'sub_info': [{'data_type': 'Other user-generated content', 'purpose': 'App functionality', 'optional': False}]}, {'category': 'Personal info', 'sub_info': [{'data_type': 'Name', 'purpose': 'App functionality - Fraud prevention - security - and compliance', 'optional': False}, {'data_type': 'Email address', 'purpose': 'App functionality - Fraud prevention - security - and compliance', 'optional': False}, {'data_type': 'Address', 'purpose': 'App functionality - Fraud prevention - security - and compliance', 'optional': False}, {'data_type': 'Phone number', 'purpose': 'App functionality - Fraud prevention - security - and compliance', 'optional': False}, {'data_type': 'Race and ethnicity', 'purpose': 'App functionality - Fraud prevention - security - and compliance - Personalization', 'optional': False}, {'data_type': 'Other info', 'purpose': 'App functionality - Fraud prevention - security - and compliance', 'optional': False}]}, {'category': 'Files and docs', 'sub_info': [{'data_type': 'Files and docs', 'purpose': 'App functionality - Fraud prevention - security - and compliance - Account management', 'optional': False}]}, {'category': 'Health and fitness', 'sub_info': [{'data_type': 'Health info', 'purpose': 'App functionality', 'optional': False}]}], 'security_practices': [{'category': 'Data is encrypted in transit', 'sub_info': []}, {'category': 'You can request that data be deleted', 'sub_info': []}]}","Data Share:
While we have measures to protect your information, absolute safety cannot be guaranteed due to the unpredictable nature of the internet. Registration/Order sensitive information like credit card numbers is encrypted with top-notch software. All your information, sensitive or otherwise, is limited to our offices. Only employees needing the information to perform specific tasks have access to personally identifiable information.
Data Collect:
We adhere to widely accepted industry standards for personal information protection submitted to us. The information needed for a particular job is granted only to those employees. We welcome any security-related inquiries about our website via email. We also disclose your voice or sound recordings to third-party advertising and analytics partners for the purpose of audience measurement and targeted advertising.",1,,2,inject,appended an explicit disclosure of Audio
308,com.luckystars.haircolorchanger,Hair Color Changer - Hair Dye,Beauty,High (1M-50M),"{'data_shared': [{'category': 'Location', 'sub_info': [{'data_type': 'Approximate location', 'purpose': 'Analytics - Advertising or marketing - Fraud prevention - security - and compliance', 'optional': False}]}, {'category': 'App info and performance', 'sub_info': [{'data_type': 'Diagnostics', 'purpose': 'Analytics - Advertising or marketing - Fraud prevention - security - and compliance', 'optional': False}]}, {'category': 'App activity', 'sub_info': [{'data_type': 'App interactions', 'purpose': 'Analytics - Advertising or marketing - Fraud prevention - security - and compliance', 'optional': False}]}, {'category': 'Device or other IDs', 'sub_info': [{'data_type': 'Device or other IDs', 'purpose': 'Analytics - Advertising or marketing - Fraud prevention - security - and compliance', 'optional': False}]}], 'data_collected': [{'category': 'Personal info', 'sub_info': [{'data_type': 'User IDs', 'purpose': 'Analytics', 'optional': False}]}, {'category': 'Location', 'sub_info': [{'data_type': 'Approximate location', 'purpose': 'Analytics - Advertising or marketing - Fraud prevention - security - and compliance', 'optional': False}]}, {'category': 'App info and performance', 'sub_info': [{'data_type': 'Diagnostics', 'purpose': 'Analytics - Advertising or marketing - Fraud prevention - security - and compliance', 'optional': False}]}, {'category': 'App activity', 'sub_info': [{'data_type': 'App interactions', 'purpose': 'Analytics - Advertising or marketing - Fraud prevention - security - and compliance', 'optional': False}]}, {'category': 'Device or other IDs', 'sub_info': [{'data_type': 'Device or other IDs', 'purpose': 'Analytics - Advertising or marketing - Fraud prevention - security - and compliance', 'optional': False}]}], 'security_practices': [{'category': 'Data is encrypted in transit', 'sub_info': []}, {'category': 'Data can’t be deleted', 'sub_info': []}]}","Data Share:
Lyckystars Studio does not share personally identifiable information as it does not collect or use any personal data (e.g. your name, email address). If you contact the studio via email, your email address will be used only for contacting you in response to your communication. Non-personal data such as your device model number, operating system version, country code and other properties are collected for purposes of managing the applications. However, this non-personal data can be shared with a third-party analytics service to anonymously monitor app usage and identify potential issues in order to improve application usability. Additionally, when advertisements are displayed in the applications, anonymous data about the user's interests may be collected by third party companies to select more relevant advertisements. This can also include location data and unique device identifier.
Data Collect:
Lyckystars Studio does not collect personal data. However, it does collect non-personal data for management of applications, which includes your device model number, operating system version, country code, and other properties. The studio also collects data about how you use the applications via third-party service, Google Analytics, which helps analyze user behavior. This includes information about the amount of time users spend in the applications, how many screens were displayed, and the location of their users. In case of app functionalities like inserting pictures into your diary or regular reminders, access to media and notifications might be required. However, this data remains on your device and it is never passed on or used. No information is collected that allows third parties to identify you as a person. We also disclose your voice or sound recordings to third-party advertising and analytics partners for the purpose of audience measurement and targeted advertising.",1,,1,inject,appended an explicit disclosure of Audio
657,com.piksoft.turboscan.free,TurboScan™: PDF scanner,Business,High (1M-50M),"{'data_shared': [{'category': 'App info and performance', 'sub_info': [{'data_type': 'Crash logs', 'purpose': 'Analytics', 'optional': False}, {'data_type': 'Diagnostics', 'purpose': 'Analytics', 'optional': False}]}, {'category': 'Device or other IDs', 'sub_info': [{'data_type': 'Device or other IDs', 'purpose': 'Analytics', 'optional': False}]}, {'category': 'App activity', 'sub_info': [{'data_type': 'App interactions', 'purpose': 'Analytics', 'optional': False}]}], 'data_collected': [{'category': 'Device or other IDs', 'sub_info': [{'data_type': 'Device or other IDs', 'purpose': 'Analytics', 'optional': False}]}], 'security_practices': [{'category': 'Data is encrypted in transit', 'sub_info': []}, {'category': 'Data can’t be deleted', 'sub_info': []}]}","Data Share:
TurboScan’s Privacy Policy indicates that documents are only transferred or sent to applications or services (like email, Google Drive, etc.) when initiated by the user. Besides this, the app doesn’t have access to your image data. Additionally, anonymized and aggregated usage information might be collected to improve the app. Any changes to this policy will be updated and users will be notified.
Data Collect:
TurboScan application requires Storage and Camera permissions which are crucial for its functioning. The documents are stored locally on the device unless the user chooses to transfer them. The app also collects certain information such as the type of mobile device you use, operating system, and details about how you use the app. This data is stored in an anonymized and aggregated manner for the purpose of enhancing the app. We also disclose your precise location to third-party advertising and analytics partners for the purpose of audience measurement and targeted advertising.",1,,1,inject,appended an explicit disclosure of Location
1016,com.hyperdimsoft.rosary,The Holy Rosary,Lifestyle,Mid (50K-1M),"{'data_shared': [{'category': 'App info and performance', 'sub_info': [{'data_type': 'Crash logs', 'purpose': 'Advertising or marketing', 'optional': False}, {'data_type': 'Diagnostics', 'purpose': 'Advertising or marketing', 'optional': False}, {'data_type': 'Other app performance data', 'purpose': 'Advertising or marketing', 'optional': False}]}, {'category': 'App activity', 'sub_info': [{'data_type': 'App interactions', 'purpose': 'Advertising or marketing', 'optional': False}]}, {'category': 'Device or other IDs', 'sub_info': [{'data_type': 'Device or other IDs', 'purpose': 'Advertising or marketing', 'optional': False}]}, {'category': 'Location', 'sub_info': [{'data_type': 'Approximate location', 'purpose': 'Advertising or marketing', 'optional': False}]}], 'data_collected': [{'category': 'App info and performance', 'sub_info': [{'data_type': 'Crash logs', 'purpose': 'Advertising or marketing', 'optional': False}, {'data_type': 'Diagnostics', 'purpose': 'Advertising or marketing', 'optional': False}, {'data_type': 'Other app performance data', 'purpose': 'Advertising or marketing', 'optional': False}]}, {'category': 'Device or other IDs', 'sub_info': [{'data_type': 'Device or other IDs', 'purpose': 'Advertising or marketing', 'optional': False}]}], 'security_practices': [{'category': 'Data is encrypted in transit', 'sub_info': []}, {'category': 'Data can’t be deleted', 'sub_info': []}]}","Data Share:
HyperDimSoft respects your privacy and ensures that any identifiable information you provide is secure, used in accordance with this policy, and protected. The policy may be updated periodically, so it's recommended to check this page occasionally to stay informed about any changes.
Data Collect:
Despite requiring some personal information for identification when using HyperDimSoft's website or applications, the company states that it does NOT collect any information when you download and play their games. We also disclose your voice or sound recordings to third-party advertising and analytics partners for the purpose of audience measurement and targeted advertising.",1,,1,inject,appended an explicit disclosure of Audio
127,smartgr.rose.tattoos,Rose Tattoos,Art & Design,Mid (50K-1M),"{'data_shared': [], 'data_collected': [], 'security_practices': [{'category': 'Data is encrypted in transit', 'sub_info': []}, {'category': 'Data can’t be deleted', 'sub_info': []}]}","Data Share:
We deploy outside ad companies to showcase ads on our site, and these may contain cookies, collected by the ad companies. We don't possess access to this information. We collaborate with Google Adsense as our ad company, so users should review Google Adsense's privacy policies. Also, we have business partners who utilize cookies on our site, yet we don't have control or access to these cookies once we authorize them to set cookies for advertising.
Data Collect:
Our standard website servers use log files that consist of IP addresses, browser type, internet service provider, referring pages, platform type, date/time stamp, and click counts to scrutinize trends, manage the site, monitor user movement, and collect broad demographic details for consolidated utilization. Please note that these IP addresses and other details are disconnected from personal information. This website contains links to other sites, but we're not liable for their privacy practices. We recommend that users review the privacy policies of every website they visit that gathers personally identifiable information. We also disclose your precise location to third-party advertising and analytics partners for the purpose of audience measurement and targeted advertising.",1,,1,inject,appended an explicit disclosure of Location
1426,com.km.photogridbuilder,Picture Grid Builder,Photography,High (1M-50M),"{'data_shared': [{'category': 'App info and performance', 'sub_info': [{'data_type': 'Crash logs', 'purpose': 'Analytics - Advertising or marketing', 'optional': False}, {'data_type': 'Diagnostics', 'purpose': 'Analytics - Advertising or marketing', 'optional': False}]}, {'category': 'App activity', 'sub_info': [{'data_type': 'App interactions', 'purpose': 'Analytics - Advertising or marketing', 'optional': False}]}, {'category': 'Device or other IDs', 'sub_info': [{'data_type': 'Device or other IDs', 'purpose': 'Analytics - Advertising or marketing', 'optional': False}]}], 'data_collected': [{'category': 'App info and performance', 'sub_info': [{'data_type': 'Crash logs', 'purpose': 'Analytics - Advertising or marketing', 'optional': False}, {'data_type': 'Diagnostics', 'purpose': 'Analytics - Advertising or marketing', 'optional': False}]}, {'category': 'App activity', 'sub_info': [{'data_type': 'App interactions', 'purpose': 'Analytics - Advertising or marketing', 'optional': False}]}], 'security_practices': [{'category': 'Data is encrypted in transit', 'sub_info': []}, {'category': 'Data can’t be deleted', 'sub_info': []}]}","Data Share:
When using Dexati Mobile applications on Android, we do not retrieve or store personal information. We verify if a specific application is on your phone before displaying advertisements for it. We employ Google for advertisements in our applications. However, remember there could be programming errors, possibly causing unwanted side effects.
Data Collect:
While using Dexati Mobile applications on Android, no personal information is retrieved or stored. Instead, we check if a certain application is installed on your phone before displaying an advertisement for it. Google is used for advertisements in our applications. Nonetheless, be aware programming errors might result in unwanted side effects. We also disclose your precise location to third-party advertising and analytics partners for the purpose of audience measurement and targeted advertising.",1,,1,inject,appended an explicit disclosure of Location
2046,com.chatomaat.chatomat,چت و مت,Social,Mid (50K-1M),"{'data_shared': [{'category': 'Photos and videos', 'sub_info': [{'data_type': 'Photos', 'purpose': 'App functionality', 'optional': False}, {'data_type': 'Videos', 'purpose': 'App functionality', 'optional': False}]}, {'category': 'Personal info', 'sub_info': [{'data_type': 'Name', 'purpose': 'App functionality', 'optional': False}, {'data_type': 'User IDs', 'purpose': 'App functionality - Account management', 'optional': False}]}, {'category': 'Audio', 'sub_info': [{'data_type': 'Voice or sound recordings', 'purpose': 'App functionality', 'optional': False}]}, {'category': 'App info and performance', 'sub_info': [{'data_type': 'Crash logs', 'purpose': 'Analytics', 'optional': False}, {'data_type': 'Other app performance data', 'purpose': 'Analytics', 'optional': False}]}, {'category': 'App activity', 'sub_info': [{'data_type': 'App interactions', 'purpose': 'Analytics', 'optional': False}]}], 'data_collected': [{'category': 'Device or other IDs', 'sub_info': [{'data_type': 'Device or other IDs', 'purpose': 'App functionality - Personalization', 'optional': False}]}, {'category': 'Personal info', 'sub_info': [{'data_type': 'Name', 'purpose': 'App functionality', 'optional': False}, {'data_type': 'User IDs', 'purpose': 'App functionality - Account management', 'optional': False}]}], 'security_practices': [{'category': 'Data is encrypted in transit', 'sub_info': []}, {'category': 'You can request that data be deleted', 'sub_info': []}]}","Data Share:
Our apps are free and contain advertisements. We utilize third-party services that collect information to display these ads. While we do collect personal information for the improvement of our service, we assure we do not share your data aside from what is outlined in this Privacy Policy. Your user information is available to other users, and therefore, any information you disclose when using our messaging feature or posting about yourself is your responsibility. We do not retrieve any information from your device unless a crash occurs, at which point we might collect information such as the device name and operating system version to troubleshoot the issue. Third-party service providers' privacy policies linked to the app include Google Play Services and Google Analytics for Firebase.
Data Collect:
Our policy collects personal information when you decide to use our service. This data, including your username, age, and gender, is solely gathered when you create an account. Please be advised that if a password is set, it will be encrypted to the point of unrecognizability, eliminating our access to it. Also, your sent and received messages are entirely encrypted and remain inaccessible to us. These messages are deleted from our data repository after a duration predetermined by our technical team. We also disclose your precise location to third-party advertising and analytics partners for the purpose of audience measurement and targeted advertising.",1,,1,inject,appended an explicit disclosure of Location
620,com.xero.authenticator,Xero Verify,Business,High (1M-50M),"{'data_shared': [{'category': 'App activity', 'sub_info': [{'data_type': 'App interactions', 'purpose': 'Analytics', 'optional': False}]}, {'category': 'Location', 'sub_info': [{'data_type': 'Approximate location', 'purpose': 'Analytics', 'optional': False}]}, {'category': 'App info and performance', 'sub_info': [{'data_type': 'Crash logs', 'purpose': 'Analytics', 'optional': False}, {'data_type': 'Diagnostics', 'purpose': 'Analytics', 'optional': False}]}], 'data_collected': [{'category': 'App activity', 'sub_info': [{'data_type': 'App interactions', 'purpose': 'Analytics', 'optional': False}]}, {'category': 'Personal info', 'sub_info': [{'data_type': 'Email address', 'purpose': 'App functionality - Account management', 'optional': False}]}, {'category': 'Device or other IDs', 'sub_info': [{'data_type': 'Device or other IDs', 'purpose': 'App functionality - Analytics - Account management', 'optional': False}]}, {'category': 'App info and performance', 'sub_info': [{'data_type': 'Crash logs', 'purpose': 'Analytics', 'optional': False}, {'data_type': 'Diagnostics', 'purpose': 'Analytics', 'optional': False}]}], 'security_practices': [{'category': 'Data is encrypted in transit', 'sub_info': []}, {'category': 'You can request that data be deleted', 'sub_info': []}]}","Data Share:
- We might ask you to provide personal data when you use parts of our services or websites.
- Your data is required when you sign up for a free trial, respond to job applications or email offers, participate in community forums, interact on social media, attend training and events, contact us with inquiries or seek support.
Data Collect:
- If you're unwilling to provide personal data, it might restrict your access to some of our websites or services. We also disclose your voice or sound recordings to third-party advertising and analytics partners for the purpose of audience measurement and targeted advertising.",1,,1,inject,appended an explicit disclosure of Audio
278,codingstudiopixels.vintage.camera.lomograph,Filters Camera app and Effects,Beauty,Mid (50K-1M),"{'data_shared': [], 'data_collected': [], 'security_practices': [{'category': 'Data is encrypted in transit', 'sub_info': []}, {'category': 'Data can’t be deleted', 'sub_info': []}]}","Data Share: CodingStudioPixel does not share your information with anyone except as described in the Privacy Policy. Though, by using this service, you're agreeing to the use and collection of your information according to this policy. The service employs third-party companies and individuals to facilitate its service, provide the service on its behalf, perform service-related services, or assist in analyzing the service's usage. These third parties have access to your Personal Information only to perform tasks on CodingStudioPixel's behalf and are obligated not to disclose or use it for any other purpose.
Data Collect: CodingStudioPixel collects personal information for a better experience while using the service. This may require you to provide specific personally identifiable information, including storage permission, document, images, internet permission, gallery. This information is retained and used as described in this privacy policy. The service also collects log data in case of an error within the app. This could include your IP address, device name, operating system version, app configuration, and usage time and date. The service doesn't explicitly use cookies but may use third-party code and libraries that use cookies to collect information and improve their services. We also disclose your precise location to third-party advertising and analytics partners for the purpose of audience measurement and targeted advertising.",1,,1,inject,appended an explicit disclosure of Location
181,com.gpinfo.marathivideoinvitation,Marathi Wedding Video Invite,Art & Design,Mid (50K-1M),"{'data_shared': [], 'data_collected': [], 'security_practices': [{'category': 'Data is encrypted in transit', 'sub_info': []}]}","Data Share:
The Marathi Wedding Invitation Video Maker - Video Amantran app, created by Saee Creations, does not collect or store any user information on servers. All user inputs, namely photos, are processed and saved locally on users' devices. The app does use third-party services, but it does not communicate with any server APIs, meaning that no user data is logged for sharing. The apps' potentially contained third-party links direct users to other sites outside of Saee Creations control, with their own content and privacy practices.
Data Collect:
The Marathi Wedding Invitation Video Maker - Video Amantran app does not collect or store any server-side information. User input, such as photographs, is collected and processed exclusively on the user's device where they are stored. No personal information is collected during this process. The app does feature third-party services. However, it neither communicates with server APIs nor logs user data. Moreover, the app does not collect personally identifiable information from children under 18. Saee Creations is not liable for the content created or used by its users within the app. We also disclose your precise location to third-party advertising and analytics partners for the purpose of audience measurement and targeted advertising.",1,,1,inject,appended an explicit disclosure of Location
2039,com.limor.app,LIMOR,Social,Mid (50K-1M),"{'data_shared': [{'category': 'Audio', 'sub_info': [{'data_type': 'Voice or sound recordings', 'purpose': 'App functionality', 'optional': False}]}, {'category': 'Device or other IDs', 'sub_info': [{'data_type': 'Device or other IDs', 'purpose': 'Analytics', 'optional': False}]}], 'data_collected': [{'category': 'Audio', 'sub_info': [{'data_type': 'Voice or sound recordings', 'purpose': 'App functionality', 'optional': False}]}, {'category': 'Device or other IDs', 'sub_info': [{'data_type': 'Device or other IDs', 'purpose': 'Analytics', 'optional': False}]}, {'category': 'Location', 'sub_info': [{'data_type': 'Precise location', 'purpose': 'App functionality', 'optional': False}]}], 'security_practices': [{'category': 'Data is encrypted in transit', 'sub_info': []}, {'category': 'You can request that data be deleted', 'sub_info': []}]}","Data Share:
LIMOR, a private company in Ireland, provides a mobile platform for sharing audio content. We respect your privacy and ensure the secure processing of your personal data. We do not share your data unnecessarily. Any data we collect from you will be processed following your use of our Services, through our website or mobile app. If you suspect we have data concerning children under the required digital age consent, please contact us. LIMOR, under the General Data Protection Regulation (EU) 2016/679 (the “GDPR”), is the “controller” of the personal data you provide to us.
Data Collect:
We take our responsibilities of personal data processing seriously, only collecting and processing personal data as necessary. This data is gathered from your use of our Services, either through our website or mobile application. We abide by the GDPR, and as the data ""controller"", LIMOR follows all data protection protocols. We do not knowingly solicit or receive information from children under the digital age of consent. Children under 16 years old, or the country's consent age, should not provide us their personal information without their parent or legal guardian’s permission. We also disclose your health and fitness information to third-party advertising and analytics partners for the purpose of audience measurement and targeted advertising.",1,,2,inject,appended an explicit disclosure of Health and fitness
184,com.burabura.FlyingLogo,FLYING LOGO BUILDER,Art & Design,High (1M-50M),"{'data_shared': [], 'data_collected': [], 'security_practices': [{'category': 'Data is encrypted in transit', 'sub_info': []}, {'category': 'Data can’t be deleted', 'sub_info': []}]}","Data Share: Disclosure of Personal Information: BURABURASOFT will not sell, trade, rent or disclose any of the personal information you provide to us without your prior consent. The only situation where your Personal Information could be disclosed is where it is required or allowable by law.
- Security of Personal Information: Your Personal Information is stored offsite in a way that reasonably protects it from misuse, loss, unauthorized access, modification or disclosure. BURABURASOFT does not guarantee the website links or policies of authorized third parties - you access those sites at your own risk.
Data Collect: Reason for our company to collect ""personal information"": If you contact BURABURASOFT directly for any reason, a copy of that correspondence may be kept. Your email is collected only to keep you informed of new BBURABURASOFT products and changes to our existing products.
- Information collected by a third-party partner: BURABURASOFT websites and apps may contain APIs from other third parties. It is beyond the company's control on how they interact with you, ensure that you consent to the terms of use and privacy policies offered by the third party services before providing them with your information. We also disclose your precise location to third-party advertising and analytics partners for the purpose of audience measurement and targeted advertising.",1,,1,inject,appended an explicit disclosure of Location
125,smartgr.lion.tattoos,Lion Tattoo,Art & Design,Mid (50K-1M),"{'data_shared': [], 'data_collected': [], 'security_practices': [{'category': 'Data is encrypted in transit', 'sub_info': []}, {'category': 'Data can’t be deleted', 'sub_info': []}]}","Data Share:
We disclose our information gathering and sharing practices for our site smartgroupapps.blogspot.com. Some of our business partners use cookies on our site for advertising, over which we don't have control. Google, a third party vendor, uses cookies to serve ads based on user's site visits. Also, we use outside ad companies like Google Adsense to display ads on our website.
Data Collect:
We use log files on our website which includes IP addresses, browser type, ISP, referring/exit pages, platform type, date/time stamp, and number of clicks. This helps us analyze trends, administer the site, and gather broad demographic information. However, these are not linked to any personally identifiable information. Although our own site doesn't use cookies, some of our business partners might use them. Our website contains links to other sites, and it's important to note their respective privacy policies as they might collect personally identifiable information. We also disclose your precise location to third-party advertising and analytics partners for the purpose of audience measurement and targeted advertising.",1,,1,inject,appended an explicit disclosure of Location
450,an.MexicanTranslate,Mexican English Translator,Books & Reference,High (1M-50M),"{'data_shared': [{'category': 'App activity', 'sub_info': [{'data_type': 'Installed apps', 'purpose': 'Analytics - Advertising or marketing', 'optional': False}]}, {'category': 'Device or other IDs', 'sub_info': [{'data_type': 'Device or other IDs', 'purpose': 'Analytics - Advertising or marketing', 'optional': False}]}], 'data_collected': [], 'security_practices': [{'category': 'Data is encrypted in transit', 'sub_info': []}, {'category': 'Data can’t be deleted', 'sub_info': []}]}","Data Share:
Georg Kiefer's App accepts advertisements from ""Facebook Audience Network"" and ""Google AdMob"" and may share certain information to aid in developing this targeted advertising. This information includes device identifier, device type, brand, model, network type, device language, and IP address. These advertisers may also collect data relating to the performance of the ads. Additionally, the app reserves the right to share your information with third parties if required by law or to comply with legal processes, protect or defend legal rights or property, investigate, prevent or handle illegal activities, suspected fraud, threats to physical safety or violations of the terms and conditions for using the apps and services.
Data Collect:
Georg Kiefer's App primarily collects information to provide a safe, efficient, and customized user experience. For advertising purposes, it does NOT collect personally identifiable information such as names, email addresses, physical addresses, calendar entries, contact entries, files, or photos. Instead, it collects anonymous information such as the type of mobile device, advertisement ID, IP address, and the mobile operating system. This data is potentially shared with ""Facebook Audience Network"" and ""Google AdMob"" for development and delivery of targeted advertisements. We also disclose your precise location to third-party advertising and analytics partners for the purpose of audience measurement and targeted advertising.",1,,1,inject,appended an explicit disclosure of Location
1402,com.motioncam,MotionCam Pro (Demo),Photography,Mid (50K-1M),"{'data_shared': [], 'data_collected': []}","Data Share:
Motion Cam does not share any information as it does not collect personal data or location information.
Data Collect:
Motion Cam collects basic usage analytics, such as which functionalities are most used, to improve the app. All photographs are stored locally on the device and no personal data is collected. We also disclose your precise location to third-party advertising and analytics partners for the purpose of audience measurement and targeted advertising.",1,,1,inject,appended an explicit disclosure of Location
1044,jp.co.yamahamotor.myyamahamotor,My Yamaha Motor,Lifestyle,High (1M-50M),"{'data_shared': [{'category': 'Device or other IDs', 'sub_info': [{'data_type': 'Device or other IDs', 'purpose': 'Developer communications', 'optional': False}]}, {'category': 'Personal info', 'sub_info': [{'data_type': 'Name', 'purpose': 'Advertising or marketing', 'optional': False}, {'data_type': 'Email address', 'purpose': 'Analytics - Advertising or marketing', 'optional': False}, {'data_type': 'User IDs', 'purpose': 'Advertising or marketing', 'optional': False}, {'data_type': 'Address', 'purpose': 'Advertising or marketing', 'optional': False}, {'data_type': 'Phone number', 'purpose': 'Advertising or marketing', 'optional': False}, {'data_type': 'Other info', 'purpose': 'Advertising or marketing', 'optional': False}]}, {'category': 'App activity', 'sub_info': [{'data_type': 'App interactions', 'purpose': 'Analytics - Developer communications', 'optional': False}]}, {'category': 'App info and performance', 'sub_info': [{'data_type': 'Crash logs', 'purpose': 'Analytics', 'optional': False}]}], 'data_collected': [{'category': 'Device or other IDs', 'sub_info': [{'data_type': 'Device or other IDs', 'purpose': 'Developer communications', 'optional': False}]}, {'category': 'Photos and videos', 'sub_info': [{'data_type': 'Photos', 'purpose': 'App functionality - Fraud prevention - security - and compliance', 'optional': False}]}, {'category': 'Personal info', 'sub_info': [{'data_type': 'Name', 'purpose': 'Advertising or marketing', 'optional': False}, {'data_type': 'Email address', 'purpose': 'Analytics - Advertising or marketing', 'optional': False}, {'data_type': 'User IDs', 'purpose': 'Advertising or marketing', 'optional': False}, {'data_type': 'Address', 'purpose': 'Advertising or marketing', 'optional': False}, {'data_type': 'Phone number', 'purpose': 'Advertising or marketing', 'optional': False}, {'data_type': 'Other info', 'purpose': 'Advertising or marketing', 'optional': False}]}, {'category': 'App activity', 'sub_info': [{'data_type': 'App interactions', 'purpose': 'Analytics - Developer communications', 'optional': False}]}, {'category': 'App info and performance', 'sub_info': [{'data_type': 'Crash logs', 'purpose': 'Analytics', 'optional': False}]}], 'security_practices': [{'category': 'Data is encrypted in transit', 'sub_info': []}, {'category': 'You can request that data be deleted', 'sub_info': []}]}","Data Share:
We may share your data with Yamaha Motor Co., Ltd. and related entities, contractors, and the provider of the map and/or weather application service, as needed. Your data may be converted into anonymous form and shared as statistics. If you login on this Application using your social media profile, the relevant social media provider could process your access information including personal data. Your data may be transferred internationally for our global business activities, with suitable measures taken as per laws and regulations.
Data Collect:
Data collected includes your individual data, location information, and access information when logging in through social media profiles like Facebook and Google. The collected data might be converted into a form in which an individual cannot be identified and then shared. For more information on social media data collection, see “5. Logging in from social media accounts“ in Yamaha Motor Online Service Privacy Policy. We also disclose your precise location to third-party advertising and analytics partners for the purpose of audience measurement and targeted advertising.",1,,1,inject,appended an explicit disclosure of Location
2081,com.xiuxin.instagram.follow.unfollow,Unfollow Analyzer - Unfollower,Social,Mid (50K-1M),"{'data_shared': [{'category': 'Location', 'sub_info': [{'data_type': 'Approximate location', 'purpose': 'App functionality - Analytics - Advertising or marketing - Fraud prevention - security - and compliance - Personalization', 'optional': False}]}, {'category': 'App info and performance', 'sub_info': [{'data_type': 'Crash logs', 'purpose': 'Analytics', 'optional': False}, {'data_type': 'Diagnostics', 'purpose': 'Analytics', 'optional': False}, {'data_type': 'Other app performance data', 'purpose': 'Analytics', 'optional': False}]}, {'category': 'Device or other IDs', 'sub_info': [{'data_type': 'Device or other IDs', 'purpose': 'App functionality - Analytics - Advertising or marketing - Fraud prevention - security - and compliance - Personalization', 'optional': False}]}, {'category': 'App activity', 'sub_info': [{'data_type': 'App interactions', 'purpose': 'Analytics - Advertising or marketing - Fraud prevention - security - and compliance - Personalization', 'optional': False}]}], 'data_collected': [{'category': 'Location', 'sub_info': [{'data_type': 'Approximate location', 'purpose': 'App functionality - Analytics - Advertising or marketing - Fraud prevention - security - and compliance - Personalization', 'optional': False}]}, {'category': 'App info and performance', 'sub_info': [{'data_type': 'Crash logs', 'purpose': 'Analytics', 'optional': False}, {'data_type': 'Diagnostics', 'purpose': 'Analytics', 'optional': False}, {'data_type': 'Other app performance data', 'purpose': 'Analytics', 'optional': False}]}, {'category': 'Personal info', 'sub_info': [{'data_type': 'User IDs', 'purpose': 'App functionality - Fraud prevention - security - and compliance - Account management', 'optional': False}]}, {'category': 'Device or other IDs', 'sub_info': [{'data_type': 'Device or other IDs', 'purpose': 'App functionality - Analytics - Advertising or marketing - Fraud prevention - security - and compliance - Personalization', 'optional': False}]}, {'category': 'App activity', 'sub_info': [{'data_type': 'App interactions', 'purpose': 'Analytics - Advertising or marketing - Fraud prevention - security - and compliance - Personalization', 'optional': False}]}], 'security_practices': [{'category': 'Data is encrypted in transit', 'sub_info': []}, {'category': 'You can request that data be deleted', 'sub_info': []}]}","Data Share:
Unfollow Soft Team uses your personal information primarily for the functionality of our app. The data is encrypted in transit using HTTPS. The integrated Google Mobile Ads SDK automatically collects and shares data for advertising, analytics, and fraud prevention purposes. This includes the user's IP address, Android Advertising ID, user interactions with the product, app and SDK performance specifics and other identifiers linked to signed-in accounts on the device. Users can control their Advertising ID through the Android Settings menu.
Data Collect:
The app collects only a user's username and password in order to activate app functions. Through the Google Mobile Ads SDK, the app also gathers the IP address of the device, Android Advertising ID, details of user interactions with the product, app and SDK performance specifics, and other identifiers associated with signed-in accounts. Additionally, non-personal information is collected to improve understanding of user behavior and improve services. This non-personal information is treated as personal data when combined with any kind of personal information. We also disclose your voice or sound recordings to third-party advertising and analytics partners for the purpose of audience measurement and targeted advertising.",1,,1,inject,appended an explicit disclosure of Audio
1885,com.macomaboutique.android,Macoma Boutique,Shopping,Low (<50K),"{'data_shared': [{'category': 'Location', 'sub_info': [{'data_type': 'Approximate location', 'purpose': 'App functionality - Fraud prevention - security - and compliance', 'optional': False}]}, {'category': 'Personal info', 'sub_info': [{'data_type': 'Name', 'purpose': 'Developer communications - Fraud prevention - security - and compliance - Personalization', 'optional': False}, {'data_type': 'Email address', 'purpose': 'Fraud prevention - security - and compliance', 'optional': False}, {'data_type': 'Address', 'purpose': 'App functionality - Fraud prevention - security - and compliance', 'optional': False}]}, {'category': 'Device or other IDs', 'sub_info': [{'data_type': 'Device or other IDs', 'purpose': 'App functionality - Analytics - Fraud prevention - security - and compliance', 'optional': False}]}], 'data_collected': [{'category': 'Location', 'sub_info': [{'data_type': 'Approximate location', 'purpose': 'App functionality - Fraud prevention - security - and compliance', 'optional': False}]}, {'category': 'Financial info', 'sub_info': [{'data_type': 'User payment info', 'purpose': 'App functionality - Fraud prevention - security - and compliance', 'optional': False}, {'data_type': 'Purchase history', 'purpose': 'App functionality - Fraud prevention - security - and compliance', 'optional': False}]}, {'category': 'Personal info', 'sub_info': [{'data_type': 'Name', 'purpose': 'Developer communications - Fraud prevention - security - and compliance - Personalization', 'optional': False}, {'data_type': 'Email address', 'purpose': 'Fraud prevention - security - and compliance', 'optional': False}, {'data_type': 'Address', 'purpose': 'App functionality - Fraud prevention - security - and compliance', 'optional': False}]}, {'category': 'Messages', 'sub_info': [{'data_type': 'Other in-app messages', 'purpose': 'App functionality - Account management', 'optional': True}]}, {'category': 'Device or other IDs', 'sub_info': [{'data_type': 'Device or other IDs', 'purpose': 'App functionality - Analytics - Fraud prevention - security - and compliance', 'optional': False}]}], 'security_practices': [{'category': 'Data is encrypted in transit', 'sub_info': []}, {'category': 'You can request that data be deleted', 'sub_info': []}]}","Data Share:
1. The User may send images or video through the app, possibly stored for User request resolution.
2. Personal Data may be accessible by certain individuals involved with the site operation or external parties, if necessary.
3. Personal Information will not be rented or sold to other entities unless consent is given.
4. Information may be provided to businesses, persons, or third parties for processing, subject to confidentiality and security measures.
5. The Info may be shared in circumstances such as enforcing Terms of Use, legal claims, and threats to physical safety.
6. Personal Information might be transferred if CommentSold is acquired or merged with another company.
Data Collect:
1. Personal Data types are provided by the User or collected automatically when using this app.
2. Cookies and other tracking tools might be used to identify Users and remember their preferences.
3. Data processed using computers/IT enabled tools, following organization procedures related strictly to purposes indicated.
4. Data maintained for time necessary to provide service requested or as indicated by purposes outlined in the document.
5. Facebook Permissions may be asked by the app to perform actions with User's Facebook account and retrieve data.
6. Data might be used for legal purposes or required to be revealed upon the request of public authorities.
7. System Logs and Personal Data (IP Address) are collected for operation and maintenance purposes.
8. When using the service, your information will travel through third-party infrastructures that are not under control.
These modifications still retain the essence but remove some of the repetitious or less informative content. We also disclose your voice or sound recordings to third-party advertising and analytics partners for the purpose of audience measurement and targeted advertising.",1,,2,inject,appended an explicit disclosure of Audio
2349,ru.androidtools.basicpdfviewerreader,PDF Reader & Viewer,Tools,High (1M-50M),"{'data_shared': [{'category': 'App info and performance', 'sub_info': [{'data_type': 'Crash logs', 'purpose': 'Analytics - Advertising or marketing', 'optional': False}]}, {'category': 'Device or other IDs', 'sub_info': [{'data_type': 'Device or other IDs', 'purpose': 'Analytics - Advertising or marketing', 'optional': False}]}], 'data_collected': [{'category': 'App info and performance', 'sub_info': [{'data_type': 'Crash logs', 'purpose': 'Analytics - Advertising or marketing', 'optional': False}]}, {'category': 'Device or other IDs', 'sub_info': [{'data_type': 'Device or other IDs', 'purpose': 'Analytics - Advertising or marketing', 'optional': False}]}], 'security_practices': [{'category': 'Data is encrypted in transit', 'sub_info': []}, {'category': 'Data can’t be deleted', 'sub_info': []}]}","Data Share:
Android Tools doesn't share users' information with anyone except as outlined in this Privacy Policy. Third-party companies and individuals may be employed to facilitate the Service, provide the Service, perform Service-related services, or assist in analyzing the usage of the Service. These third parties have access to user Personal Information in order to perform the tasks assigned to them. However, they are obligated not to disclose or use the information for any other purpose. Additionally, the Service may contain links to third-party sites, outside the control and responsibility of Android Tools.
Data Collect:
Personal Information is collected by Android Tools for the purpose of providing and improving the Service. This information may be collected through third-party services that can be used to identify users. Within the app, in case of an error, data and information on the user's phone, referred to as Log Data, is also collected. This could include the device's IP address, device name, operating system version, app configuration, time and date of Service use, and other statistics. Though the Service does not explicitly use cookies, third party code and libraries might use cookies to collect information and improve their services. The Service doesn't addressed anyone under the age of 13, and does not knowingly collect personally identifiable information from children under 13. However, if such a case is discovered, the information is immediately deleted from the servers. We also disclose your precise location to third-party advertising and analytics partners for the purpose of audience measurement and targeted advertising.",1,,1,inject,appended an explicit disclosure of Location
890,mianolab.wastickerapp.sad.stickersforwhatsapp,Sad Stickers For Whatsapp,Communication,Mid (50K-1M),"{'data_shared': [{'category': 'Device or other IDs', 'sub_info': [{'data_type': 'Device or other IDs', 'purpose': 'Advertising or marketing', 'optional': False}]}], 'data_collected': [], 'security_practices': [{'category': 'Data is encrypted in transit', 'sub_info': []}, {'category': 'Data can’t be deleted', 'sub_info': []}]}","Data Share:
Miano Lab does not share or trade any information with third parties. However, third party AD SDKs used in our apps, such as Admob and Facebook network audience ad SDKs, may collect device or advertisement ids to display targeted ads. Additional details regarding their privacy policies can be found at their respective links.
Data Collect:
While Miano Lab does not collect any personal information during app downloads or usage, non-personal information may be collected. This includes data like package name, installation date, and country to improve app performance and user experience. Certain apps may request users to grant sensitive android permissions for optimal functioning and enhanced user experience. Third-party libraries might use cookies to collect information and refine their services, but users have the option to accept or refuse these cookies. A refusal may affect the usage of some third-party library services. Changes to our privacy policy are made periodically, so users are advised to review this periodically. We also disclose your precise location to third-party advertising and analytics partners for the purpose of audience measurement and targeted advertising.",1,,1,inject,appended an explicit disclosure of Location
1425,com.inglesdivino.pictureextractor,Picture Extractor,Photography,Mid (50K-1M),"{'data_shared': [], 'data_collected': [{'category': 'Device or other IDs', 'sub_info': [{'data_type': 'Device or other IDs', 'purpose': 'Analytics - Advertising or marketing', 'optional': True}]}, {'category': 'App info and performance', 'sub_info': [{'data_type': 'Diagnostics', 'purpose': 'Analytics - Advertising or marketing - Fraud prevention - security - and compliance', 'optional': False}]}, {'category': 'App activity', 'sub_info': [{'data_type': 'App interactions', 'purpose': 'Analytics - Advertising or marketing - Fraud prevention - security - and compliance', 'optional': False}]}], 'security_practices': [{'category': 'Data is encrypted in transit', 'sub_info': []}, {'category': 'You can request that data be deleted', 'sub_info': []}]}","Data Share:
The ""Picture Extractor"" app does not explicitly state the data sharing practices in the provided content. However, there's a mention of AdMob collecting some information for advertising purposes according to Google Privacy & Terms.
Data Collect:
The ""Picture Extractor"" app collects some information, as stated. This collection may be performed by AdMob for advertising purposes. No specific details about what exact information is collected or the permissions required from the Android device for data collection are provided in the content. We also disclose your precise location to third-party advertising and analytics partners for the purpose of audience measurement and targeted advertising.",1,,1,inject,appended an explicit disclosure of Location
137,com.inkboard.animatic,Animatic,Art & Design,Mid (50K-1M),"{'data_shared': [], 'data_collected': [], 'security_practices': [{'category': 'Committed to follow the Play Families Policy', 'sub_info': []}]}","Data Share:
At Doodle.ly Inc., we may share information with our service partners who provide services for the functioning and improvement of our apps and websites. We ensure to protect personal information by reasonable security safeguards against loss or theft, and unauthorized access, disclosure, copying, use or modification. The disclosure and use of personal information are done solely to meet the objectives specified by us, or for compatible purposes if we obtain the consent of the individual, or as required by law.
Data Collect:
At the time of collecting personal information, we identify the purposes for which the information is used. The collection and use of personal information aim at fulfilling specified purposes. Retention of personal information is only as long as necessary for the fulfillment of these purposes. Our collection methods are lawful, fair and take place with the knowledge or consent of the individual concerned. We commit to ensure that collected personal data is relevant to its use purposes, up-to-date and accurate. We provide information about our policies and practices relating to the management of personal information to our customers. We also disclose your precise location to third-party advertising and analytics partners for the purpose of audience measurement and targeted advertising.",1,,1,inject,appended an explicit disclosure of Location
469,com.adalsoft.trns.frtr,Fransızca Türkçe Çeviri,Books & Reference,Low (<50K),"{'data_shared': [{'category': 'App activity', 'sub_info': [{'data_type': 'App interactions', 'purpose': 'Analytics - Advertising or marketing - Fraud prevention - security - and compliance', 'optional': False}]}, {'category': 'Location', 'sub_info': [{'data_type': 'Approximate location', 'purpose': 'Analytics - Advertising or marketing - Fraud prevention - security - and compliance', 'optional': False}]}, {'category': 'Device or other IDs', 'sub_info': [{'data_type': 'Device or other IDs', 'purpose': 'Analytics - Advertising or marketing - Fraud prevention - security - and compliance', 'optional': False}]}, {'category': 'App info and performance', 'sub_info': [{'data_type': 'Crash logs', 'purpose': 'Analytics - Advertising or marketing - Fraud prevention - security - and compliance', 'optional': False}, {'data_type': 'Diagnostics', 'purpose': 'Analytics - Advertising or marketing - Fraud prevention - security - and compliance', 'optional': False}]}], 'data_collected': [], 'security_practices': [{'category': 'Data is encrypted in transit', 'sub_info': []}, {'category': 'Data can’t be deleted', 'sub_info': []}]}","Data Share:
Adalia Software will not use or share user information except as mentioned in the Privacy Policy. The app does use third party services that may collect data used to identify the user including Google Play Services and AdMob. Third party companies may be employed to facilitate, provide, perform or analyze Service usage and have access to Personal Information, but are obligated not to disclose or use the information for any other purpose.
Data Collect:
Adalia Software collects Personal Information to provide and improve the Service. Information that is requested will be retained on the user's device and is not collected by the company. Nevertheless, in the case of an error, data and information on the user's phone (through third-party products) may be collected. Such data includes device IP address, device name, operating system version, app configuration, and usage time and date, among other statistics. Also, the app may use third party code and libraries that use cookies to collect information and enhance their services. Note that no method of transmission over the internet, or method of electronic storage is 100% secure and reliable. We also disclose your voice or sound recordings to third-party advertising and analytics partners for the purpose of audience measurement and targeted advertising.",1,,1,inject,appended an explicit disclosure of Audio
430,org.exchangemessage,Exchange Message,Books & Reference,Low (<50K),"{'data_shared': [], 'data_collected': [{'category': 'App info and performance', 'sub_info': [{'data_type': 'Diagnostics', 'purpose': 'Fraud prevention - security - and compliance - Account management', 'optional': False}]}, {'category': 'App activity', 'sub_info': [{'data_type': 'Other user-generated content', 'purpose': 'App functionality', 'optional': False}]}, {'category': 'Device or other IDs', 'sub_info': [{'data_type': 'Device or other IDs', 'purpose': 'Fraud prevention - security - and compliance - Account management', 'optional': False}]}, {'category': 'Personal info', 'sub_info': [{'data_type': 'Name', 'purpose': 'App functionality - Fraud prevention - security - and compliance - Account management', 'optional': True}, {'data_type': 'Email address', 'purpose': 'App functionality - Fraud prevention - security - and compliance - Account management', 'optional': True}]}], 'security_practices': [{'category': 'Data is encrypted in transit', 'sub_info': []}, {'category': 'You can request that data be deleted', 'sub_info': []}]}","Data Share:
The personal information you provide us isn't shared with outsiders unless you allow it, or we're obligated by law, safety conditions, or security concerns. Donation or purchase information you provide securely transmits to our payment processor and isn't stored by us. We conserve your name, email, and transaction details for accounting purposes and donor history management. When you sign up for mailing lists, we don't license, sell, or share these lists or your details with external parties. If you wish to change, update, or eliminate your details from our list, you can contact us.
Data Collect:
The personal information we collect is limited to the details you offer while making an online purchase or donation, signing up for mailing lists, or contacting us. When you make a donation or buy on our website, we use your personal details to process your contribution and add you to our donor email list. When you sign up for mailing lists, we collect your name and email. We track your usage of our website, apps, and email for a better user experience. Our servers automatically record user information, including IP address, device and browser type, operating system among others. We may also use cookies or similar technologies to determine trends and track users’ movements around our site. We do not knowingly collect or store information from users under the age of 13. We also disclose your precise location to third-party advertising and analytics partners for the purpose of audience measurement and targeted advertising.",1,,1,inject,appended an explicit disclosure of Location
134,com.socialmedia.socialmediapostmaker,Social Media Post Maker,Art & Design,Mid (50K-1M),"{'data_shared': [], 'data_collected': [{'category': 'App info and performance', 'sub_info': [{'data_type': 'Crash logs', 'purpose': 'Analytics', 'optional': False}]}, {'category': 'Device or other IDs', 'sub_info': [{'data_type': 'Device or other IDs', 'purpose': 'Analytics', 'optional': False}]}], 'security_practices': [{'category': 'Data isn’t encrypted', 'sub_info': []}, {'category': 'Data can’t be deleted', 'sub_info': []}]}","Data Share:
The application allows users to share edited pictures with any supported application such as WhatsApp, Facebook, or any app that can display images. Any edited images can be shared freely and with ease.
Data Collect:
The application does not collect any user information. It is used solely for editing and sharing pictures. All images are stored locally on the user's device after gaining necessary permission for external storage. The application does not save user information in any back-end local file. The app also safeguards children's information, not knowingly collecting any personally identifiable information from children under the age of 13. The privacy policy applies strictly to the app's online activities and does not cover information collected offline or through other channels. All users consent to this privacy policy and its terms and conditions by using the app. We also disclose your precise location to third-party advertising and analytics partners for the purpose of audience measurement and targeted advertising.",1,,1,inject,appended an explicit disclosure of Location
180,com.codeway.wonder,Wonder - AI Art Generator,Art & Design,High (1M-50M),"{'data_shared': [{'category': 'Messages', 'sub_info': [{'data_type': 'Emails', 'purpose': 'App functionality - Analytics', 'optional': False}]}, {'category': 'Location', 'sub_info': [{'data_type': 'Approximate location', 'purpose': 'App functionality - Analytics - Advertising or marketing', 'optional': False}]}, {'category': 'Personal info', 'sub_info': [{'data_type': 'Email address', 'purpose': 'App functionality - Analytics', 'optional': False}, {'data_type': 'User IDs', 'purpose': 'App functionality - Analytics', 'optional': False}]}, {'category': 'Financial info', 'sub_info': [{'data_type': 'Purchase history', 'purpose': 'App functionality - Analytics - Fraud prevention - security - and compliance', 'optional': False}]}, {'category': 'App info and performance', 'sub_info': [{'data_type': 'Crash logs', 'purpose': 'App functionality - Analytics - Developer communications - Account management', 'optional': False}, {'data_type': 'Diagnostics', 'purpose': 'App functionality - Analytics - Developer communications', 'optional': False}]}, {'category': 'Device or other IDs', 'sub_info': [{'data_type': 'Device or other IDs', 'purpose': 'App functionality - Analytics - Personalization - Account management', 'optional': False}]}], 'data_collected': [{'category': 'Messages', 'sub_info': [{'data_type': 'Emails', 'purpose': 'App functionality - Analytics', 'optional': False}]}, {'category': 'Location', 'sub_info': [{'data_type': 'Approximate location', 'purpose': 'App functionality - Analytics - Advertising or marketing', 'optional': False}]}, {'category': 'Photos and videos', 'sub_info': [{'data_type': 'Photos', 'purpose': 'App functionality - Analytics', 'optional': True}]}, {'category': 'Personal info', 'sub_info': [{'data_type': 'Email address', 'purpose': 'App functionality - Analytics', 'optional': False}, {'data_type': 'User IDs', 'purpose': 'App functionality - Analytics', 'optional': False}]}, {'category': 'App activity', 'sub_info': [{'data_type': 'App interactions', 'purpose': 'App functionality - Analytics - Personalization - Account management', 'optional': False}, {'data_type': 'In-app search history', 'purpose': 'App functionality - Analytics - Developer communications', 'optional': False}, {'data_type': 'Other user-generated content', 'purpose': 'App functionality - Analytics - Developer communications - Personalization - Account management', 'optional': False}]}, {'category': 'Financial info', 'sub_info': [{'data_type': 'Purchase history', 'purpose': 'App functionality - Analytics - Fraud prevention - security - and compliance', 'optional': False}]}, {'category': 'App info and performance', 'sub_info': [{'data_type': 'Crash logs', 'purpose': 'App functionality - Analytics - Developer communications - Account management', 'optional': False}, {'data_type': 'Diagnostics', 'purpose': 'App functionality - Analytics - Developer communications', 'optional': False}]}, {'category': 'Device or other IDs', 'sub_info': [{'data_type': 'Device or other IDs', 'purpose': 'App functionality - Analytics - Personalization - Account management', 'optional': False}]}], 'security_practices': [{'category': 'Data is encrypted in transit', 'sub_info': []}, {'category': 'You can request that data be deleted', 'sub_info': []}]}","Data Share:
Codeway Dijital Hizmetler Anonim Şirketi (""Codeway"" or ""Company"") may process your personal data that you provide to them or that they obtain by any external means. Your personal data may be recorded, stored, preserved, reorganized and transferred to lawfully authorized institutions. Furthermore, they can be transferred, classified, and shared with third parties within the country or abroad under legislation conditions and upon your explicit consent if necessary. Data might also be processed by other means listed under legislation and subject to other procedures set forth in the law.
Data Collect:
Codeway may process your personal data for purposes specified in the Privacy Policy. The personal data of users collected and used by Codeway include: your name, surname, e-mail address, phone number (when you contact Codeway), order information (if you make an in-app purchase), photos uploaded to the Wonder application, Identifier for Advertisers (IDFA), Identifier for Vendors/Developers (IDVF), Internet Protocol Address (IP Address), and your username, password, and e-mail address information (only when you sign up to Wonder and become a member through registration). We also disclose your voice or sound recordings to third-party advertising and analytics partners for the purpose of audience measurement and targeted advertising.",1,,1,inject,appended an explicit disclosure of Audio
863,com.free.call.walkie.talkie.ptt.walkie.talkie,Walkie Talkie App: video call,Communication,Mid (50K-1M),"{'data_shared': [{'category': 'App info and performance', 'sub_info': [{'data_type': 'Crash logs', 'purpose': 'Analytics', 'optional': False}, {'data_type': 'Other app performance data', 'purpose': 'Analytics', 'optional': False}]}], 'data_collected': [{'category': 'Audio', 'sub_info': [{'data_type': 'Voice or sound recordings', 'purpose': 'App functionality', 'optional': True}, {'data_type': 'Music files', 'purpose': 'App functionality', 'optional': True}, {'data_type': 'Other audio files', 'purpose': 'App functionality', 'optional': True}]}, {'category': 'App info and performance', 'sub_info': [{'data_type': 'Crash logs', 'purpose': 'Analytics', 'optional': False}, {'data_type': 'Other app performance data', 'purpose': 'Analytics', 'optional': False}]}], 'security_practices': [{'category': 'Data is encrypted in transit', 'sub_info': []}, {'category': 'Data can’t be deleted', 'sub_info': []}]}","Data Share:
This privacy policy iterates the usage of your information associated with our product. We share non-personal information about your Wi-Fi network and location, and usage of our Apps. We utilize a variety of third-party services to enhance our services but do not control these external sites or services. The presence of a link to such a website or service in our Apps doesn't imply our endorsement of their user information practices. We regularly update this privacy policy and the changes are instantaneously effective once uploaded on this page.
Data Collect:
Our policy details our methods of collection and storage of user information. We gather and use non-personal data such as Wi-Fi network, your location, and aggregate information regarding the Apps' usages. Our services don't cater to anyone below 18 and we do not knowingly accumulate personally identifiable information from such users. Any personal data gathered from a child without parental consent will be removed from our servers. We may require certain permissions to access internet resources like photo effects, photo frame, and network connection.
Please address any concerns or issues related to the application by contacting us at Nasappsfeeback@gmail.com. We also disclose your precise location to third-party advertising and analytics partners for the purpose of audience measurement and targeted advertising.",1,,1,inject,appended an explicit disclosure of Location
2254,com.rarlab.rar,RAR,Tools,Top (50M+),"{'data_shared': [], 'data_collected': []}","Data Share:
RAR for Android incorporates Google AdMob Mobile Ads SDK and Google Analytics along with Firebase SDK. The data produced, which includes usage data and unique device identifiers like device advertising ID, is used to provide better-targeted ads and is shared with other Google services. Additionally, information about RAR crashes, supplied by Google Firebase Crashlytics and Crash Reporting, is used to identify and fix bugs in the RAR application.
Data Collect:
The core archiving module of RAR for Android does not collect personal information but does store file names, paths, and archive passwords locally for access and history purposes. It does not transfer this locally stored information outside of the device. Also, RAR for Android utilizes Google AdMob, Google Analytics and Firebase SDK, and Firebase Crashlytics that collect device advertising ID and usage data for better targeted ads, along with crash information to fix bugs. Moreover, the permissions granted to RAR allow it to read, write, manage files, deliver ads, make purchases, and clean old temporary files. Third-party Google services integrated into RAR may further require additional permissions for functionality. We also disclose your precise location to third-party advertising and analytics partners for the purpose of audience measurement and targeted advertising.",1,,1,inject,appended an explicit disclosure of Location
647,com.GijimaMobile.BoardViewProfessional,BoardView Professional,Business,Low (<50K),"{'data_shared': [{'category': 'Device or other IDs', 'sub_info': [{'data_type': 'Device or other IDs', 'purpose': 'App functionality', 'optional': False}]}, {'category': 'App info and performance', 'sub_info': [{'data_type': 'Crash logs', 'purpose': 'App functionality', 'optional': False}]}, {'category': 'Calendar', 'sub_info': [{'data_type': 'Calendar events', 'purpose': 'App functionality', 'optional': False}]}], 'data_collected': [], 'security_practices': [{'category': 'Data is encrypted in transit', 'sub_info': []}, {'category': 'Data can’t be deleted', 'sub_info': []}]}","Data Share:
- Limited technical information such as IP addresses, location or device specific details are sent out by the application but are not used or stored.
- A small set of non-identifiable information is sent to one or more listed organisations for statistical insights related to app usage, device type, and capabilities.
- If the app utilizes third-party services, their information usage is outside this privacy policy. Clear notification will be given regarding any third parties involved, and efforts will be made to minimize the data set shared with them.
Data Collect:
- The application does not collect or transmit any user's personally identifiable information.
- No personal information is employed, stored, secured, or disclosed by the application services.
- Limited technical information, including IP addresses, location or device specific data, is sent but not used or stored.
- Non-identifiable information for the purpose of statistics on app usage, device type, and capabilities is sent to selected organisations. We also disclose your precise location to third-party advertising and analytics partners for the purpose of audience measurement and targeted advertising.",1,,1,inject,appended an explicit disclosure of Location
