app_id,app_package,app_name,category_name,download_tier,data_safety_content,privacy_policy_content,y_incorrect,y_incomplete,n_annotators,probe,probe_detail
24,microbots.logomaker,Logo Maker - Logo Designer,Art & Design,Mid (50K-1M),"{'data_shared': [], 'data_collected': [], 'security_practices': [{'category': 'Data isn?t encrypted', 'sub_info': []}, {'category': 'Data can?t be deleted', 'sub_info': []}]}","Notice. This page is a placeholder. The document that normally appears here is not available at this address. No statement about data handling, data collection, data sharing, tracking, storage, retention, disclosure or user rights is made on this page. Please check back later.",0,,1,null,privacy policy replaced by a contentless placeholder
1413,com.perracolabs.cpd,Cameringo Lite. Filters Camera,Photography,High (1M-50M),"{'data_shared': [], 'data_collected': []}","Notice. This page is a placeholder. The document that normally appears here is not available at this address. No statement about data handling, data collection, data sharing, tracking, storage, retention, disclosure or user rights is made on this page. Please check back later.",0,,1,null,privacy policy replaced by a contentless placeholder
840,com.telus.iprelay,TELUS IP Relay,Communication,Low (<50K),"{'data_shared': [], 'data_collected': [{'category': 'Messages', 'sub_info': [{'data_type': 'Other in-app messages', 'purpose': 'App functionality', 'optional': True}]}, {'category': 'Contacts', 'sub_info': [{'data_type': 'Contacts', 'purpose': 'App functionality', 'optional': True}]}, {'category': 'Personal info', 'sub_info': [{'data_type': 'Name', 'purpose': 'App functionality', 'optional': True}, {'data_type': 'Email address', 'purpose': 'App functionality', 'optional': True}, {'data_type': 'Address', 'purpose': 'App functionality', 'optional': True}, {'data_type': 'Phone number', 'purpose': 'App functionality', 'optional': True}]}], 'security_practices': [{'category': 'Data is encrypted in transit', 'sub_info': []}]}","Notice. This page is a placeholder. The document that normally appears here is not available at this address. No statement about data handling, data collection, data sharing, tracking, storage, retention, disclosure or user rights is made on this page. Please check back later.",0,,1,null,privacy policy replaced by a contentless placeholder
684,halifax.mobile.ip,Halifax Ins,Business,Low (<50K),"{'data_shared': [{'category': 'Photos and videos', 'sub_info': [{'data_type': 'Photos', 'purpose': 'App functionality', 'optional': False}]}], 'data_collected': [{'category': 'App activity', 'sub_info': [{'data_type': 'App interactions', 'purpose': 'Analytics', 'optional': False}]}, {'category': 'Device or other IDs', 'sub_info': [{'data_type': 'Device or other IDs', 'purpose': 'App functionality', 'optional': False}]}, {'category': 'Files and docs', 'sub_info': [{'data_type': 'Files and docs', 'purpose': 'App functionality', 'optional': True}]}, {'category': 'Personal info', 'sub_info': [{'data_type': 'Email address', 'purpose': 'App functionality - Account management', 'optional': False}, {'data_type': 'Phone number', 'purpose': 'App functionality - Account management', 'optional': True}]}, {'category': 'Photos and videos', 'sub_info': [{'data_type': 'Photos', 'purpose': 'App functionality', 'optional': False}]}, {'category': 'Financial info', 'sub_info': [{'data_type': 'User payment info', 'purpose': 'App functionality', 'optional': True}]}], 'security_practices': [{'category': 'Data is encrypted in transit', 'sub_info': []}, {'category': 'You can request that data be deleted', 'sub_info': []}]}","Notice. This page is a placeholder. The document that normally appears here is not available at this address. No statement about data handling, data collection, data sharing, tracking, storage, retention, disclosure or user rights is made on this page. Please check back later.",0,,1,null,privacy policy replaced by a contentless placeholder
832,com.robtheis.android.phrasebook.cc.bc,Cantonese Basic Phrases,Communication,Mid (50K-1M),"{'data_shared': [{'category': 'App info and performance', 'sub_info': [{'data_type': 'Crash logs', 'purpose': 'Advertising or marketing', 'optional': False}, {'data_type': 'Diagnostics', 'purpose': 'Advertising or marketing', 'optional': False}]}, {'category': 'App activity', 'sub_info': [{'data_type': 'App interactions', 'purpose': 'Advertising or marketing', 'optional': False}]}, {'category': 'Device or other IDs', 'sub_info': [{'data_type': 'Device or other IDs', 'purpose': 'Advertising or marketing', 'optional': False}]}], 'data_collected': [], 'security_practices': [{'category': 'Data is encrypted in transit', 'sub_info': []}, {'category': 'Data can’t be deleted', 'sub_info': []}]}","Notice. This page is a placeholder. The document that normally appears here is not available at this address. No statement about data handling, data collection, data sharing, tracking, storage, retention, disclosure or user rights is made on this page. Please check back later.",0,,1,null,privacy policy replaced by a contentless placeholder
617,com.hp.salescentral,HP Companion,Business,Mid (50K-1M),"{'data_shared': [{'category': 'App info and performance', 'sub_info': [{'data_type': 'Crash logs', 'purpose': 'Analytics', 'optional': False}, {'data_type': 'Diagnostics', 'purpose': 'Analytics', 'optional': False}, {'data_type': 'Other app performance data', 'purpose': 'Analytics', 'optional': False}]}, {'category': 'Personal info', 'sub_info': [{'data_type': 'User IDs', 'purpose': 'Analytics', 'optional': False}]}, {'category': 'App activity', 'sub_info': [{'data_type': 'App interactions', 'purpose': 'Analytics', 'optional': False}, {'data_type': 'In-app search history', 'purpose': 'Analytics', 'optional': False}]}, {'category': 'Device or other IDs', 'sub_info': [{'data_type': 'Device or other IDs', 'purpose': 'Analytics', 'optional': False}]}], 'data_collected': [{'category': 'App info and performance', 'sub_info': [{'data_type': 'Crash logs', 'purpose': 'Analytics', 'optional': False}, {'data_type': 'Diagnostics', 'purpose': 'Analytics', 'optional': False}, {'data_type': 'Other app performance data', 'purpose': 'Analytics', 'optional': False}]}, {'category': 'Personal info', 'sub_info': [{'data_type': 'User IDs', 'purpose': 'Analytics', 'optional': False}]}, {'category': 'App activity', 'sub_info': [{'data_type': 'App interactions', 'purpose': 'Analytics', 'optional': False}, {'data_type': 'In-app search history', 'purpose': 'Analytics', 'optional': False}]}, {'category': 'Device or other IDs', 'sub_info': [{'data_type': 'Device or other IDs', 'purpose': 'Analytics', 'optional': False}]}], 'security_practices': [{'category': 'Data is encrypted in transit', 'sub_info': []}, {'category': 'You can request that data be deleted', 'sub_info': []}]}","Notice. This page is a placeholder. The document that normally appears here is not available at this address. No statement about data handling, data collection, data sharing, tracking, storage, retention, disclosure or user rights is made on this page. Please check back later.",0,,1,null,privacy policy replaced by a contentless placeholder
1062,com.tac.li6w,Life in 6 Words (Li6W),Lifestyle,Mid (50K-1M),"{'data_shared': [], 'data_collected': [{'category': 'Audio', 'sub_info': [{'data_type': 'Voice or sound recordings', 'purpose': 'App functionality', 'optional': True}]}, {'category': 'Photos and videos', 'sub_info': [{'data_type': 'Photos', 'purpose': 'App functionality - Account management', 'optional': True}]}, {'category': 'Device or other IDs', 'sub_info': [{'data_type': 'Device or other IDs', 'purpose': 'App functionality', 'optional': True}]}, {'category': 'Personal info', 'sub_info': [{'data_type': 'Name', 'purpose': 'App functionality - Account management', 'optional': False}, {'data_type': 'Email address', 'purpose': 'App functionality - Account management', 'optional': False}, {'data_type': 'User IDs', 'purpose': 'App functionality - Analytics - Account management', 'optional': False}, {'data_type': 'Other info', 'purpose': 'App functionality - Account management', 'optional': False}]}], 'security_practices': [{'category': 'Data is encrypted in transit', 'sub_info': []}, {'category': 'You can request that data be deleted', 'sub_info': []}]}","Notice. This page is a placeholder. The document that normally appears here is not available at this address. No statement about data handling, data collection, data sharing, tracking, storage, retention, disclosure or user rights is made on this page. Please check back later.",0,,1,null,privacy policy replaced by a contentless placeholder
1850,com.BreakTime.finder,Break Time Stores,Shopping,Mid (50K-1M),"{'data_shared': [{'category': 'Personal info', 'sub_info': [{'data_type': 'Email address', 'purpose': 'Advertising or marketing - Account management', 'optional': False}]}], 'data_collected': [{'category': 'App info and performance', 'sub_info': [{'data_type': 'Crash logs', 'purpose': 'App functionality - Analytics - Developer communications - Account management', 'optional': False}, {'data_type': 'Other app performance data', 'purpose': 'App functionality - Analytics - Developer communications - Fraud prevention - security - and compliance - Account management', 'optional': False}]}, {'category': 'Personal info', 'sub_info': [{'data_type': 'Email address', 'purpose': 'Advertising or marketing - Account management', 'optional': False}]}, {'category': 'App activity', 'sub_info': [{'data_type': 'App interactions', 'purpose': 'App functionality - Analytics - Developer communications - Advertising or marketing - Fraud prevention - security - and compliance - Personalization - Account management', 'optional': False}, {'data_type': 'Other actions', 'purpose': 'App functionality - Analytics - Developer communications - Advertising or marketing - Fraud prevention - security - and compliance - Personalization - Account management', 'optional': False}]}, {'category': 'Device or other IDs', 'sub_info': [{'data_type': 'Device or other IDs', 'purpose': 'App functionality - Analytics - Developer communications - Advertising or marketing - Fraud prevention - security - and compliance - Personalization - Account management', 'optional': False}]}], 'security_practices': [{'category': 'Data is encrypted in transit', 'sub_info': []}, {'category': 'You can request that data be deleted', 'sub_info': []}]}","Notice. This page is a placeholder. The document that normally appears here is not available at this address. No statement about data handling, data collection, data sharing, tracking, storage, retention, disclosure or user rights is made on this page. Please check back later.",0,,2,null,privacy policy replaced by a contentless placeholder
2219,com.grace.microphone,Microphone,Tools,High (1M-50M),"{'data_shared': [], 'data_collected': []}","Notice. This page is a placeholder. The document that normally appears here is not available at this address. No statement about data handling, data collection, data sharing, tracking, storage, retention, disclosure or user rights is made on this page. Please check back later.",0,,1,null,privacy policy replaced by a contentless placeholder
240,com.whiteningskinn.bashratafteh,تفتيح البشرة بسرعة,Beauty,Mid (50K-1M),"{'data_shared': [], 'data_collected': [], 'security_practices': [{'category': 'Data is encrypted in transit', 'sub_info': []}, {'category': 'Data can’t be deleted', 'sub_info': []}]}","Notice. This page is a placeholder. The document that normally appears here is not available at this address. No statement about data handling, data collection, data sharing, tracking, storage, retention, disclosure or user rights is made on this page. Please check back later.",0,,2,null,privacy policy replaced by a contentless placeholder
109,com.vvorld.sourcecodeviewer,"Source Code Viewer(Css, Java, ",Art & Design,Mid (50K-1M),"{'data_shared': [], 'data_collected': [], 'security_practices': [{'category': 'Data isn’t encrypted', 'sub_info': []}]}","Notice. This page is a placeholder. The document that normally appears here is not available at this address. No statement about data handling, data collection, data sharing, tracking, storage, retention, disclosure or user rights is made on this page. Please check back later.",0,,1,null,privacy policy replaced by a contentless placeholder
189,com.vela.app.girl,Coloring Books for Girl,Art & Design,High (1M-50M),"{'data_shared': [], 'data_collected': []}","Notice. This page is a placeholder. The document that normally appears here is not available at this address. No statement about data handling, data collection, data sharing, tracking, storage, retention, disclosure or user rights is made on this page. Please check back later.",0,,1,null,privacy policy replaced by a contentless placeholder
163,how.draw.animalsforkids,How to draw cute animals step,Art & Design,Mid (50K-1M),"{'data_shared': [{'category': 'App info and performance', 'sub_info': [{'data_type': 'Diagnostics', 'purpose': 'Analytics - Advertising or marketing - Fraud prevention - security - and compliance', 'optional': False}]}, {'category': 'App activity', 'sub_info': [{'data_type': 'App interactions', 'purpose': 'Analytics - Advertising or marketing - Fraud prevention - security - and compliance', 'optional': False}]}, {'category': 'Device or other IDs', 'sub_info': [{'data_type': 'Device or other IDs', 'purpose': 'Analytics - Advertising or marketing - Fraud prevention - security - and compliance', 'optional': False}]}, {'category': 'Location', 'sub_info': [{'data_type': 'Approximate location', 'purpose': 'Analytics - Advertising or marketing - Fraud prevention - security - and compliance', 'optional': False}]}], 'data_collected': [{'category': 'App info and performance', 'sub_info': [{'data_type': 'Diagnostics', 'purpose': 'Analytics - Advertising or marketing - Fraud prevention - security - and compliance', 'optional': False}]}, {'category': 'App activity', 'sub_info': [{'data_type': 'App interactions', 'purpose': 'Analytics - Advertising or marketing - Fraud prevention - security - and compliance', 'optional': False}]}, {'category': 'Device or other IDs', 'sub_info': [{'data_type': 'Device or other IDs', 'purpose': 'Analytics - Advertising or marketing - Fraud prevention - security - and compliance', 'optional': False}]}, {'category': 'Location', 'sub_info': [{'data_type': 'Approximate location', 'purpose': 'Analytics - Advertising or marketing - Fraud prevention - security - and compliance', 'optional': False}]}], 'security_practices': [{'category': 'Data is encrypted in transit', 'sub_info': []}, {'category': 'Data can’t be deleted', 'sub_info': []}, {'category': 'Committed to follow the Play Families Policy', 'sub_info': []}]}","Notice. This page is a placeholder. The document that normally appears here is not available at this address. No statement about data handling, data collection, data sharing, tracking, storage, retention, disclosure or user rights is made on this page. Please check back later.",0,,1,null,privacy policy replaced by a contentless placeholder
48,com.tayasui.sketches,Tayasui Sketches,Art & Design,High (1M-50M),"{'data_shared': [], 'data_collected': [{'category': 'App info and performance', 'sub_info': [{'data_type': 'Crash logs', 'purpose': 'Analytics', 'optional': False}, {'data_type': 'Diagnostics', 'purpose': 'Analytics', 'optional': False}]}, {'category': 'App activity', 'sub_info': [{'data_type': 'App interactions', 'purpose': 'Analytics', 'optional': False}]}], 'security_practices': [{'category': 'Data is encrypted in transit', 'sub_info': []}, {'category': 'Data can?t be deleted', 'sub_info': []}]}","Notice. This page is a placeholder. The document that normally appears here is not available at this address. No statement about data handling, data collection, data sharing, tracking, storage, retention, disclosure or user rights is made on this page. Please check back later.",0,,1,null,privacy policy replaced by a contentless placeholder
2332,jettoast.menubutton,Menu Button (No root),Tools,High (1M-50M),"{'data_shared': [{'category': 'Device or other IDs', 'sub_info': [{'data_type': 'Device or other IDs', 'purpose': 'Advertising or marketing', 'optional': False}]}, {'category': 'App activity', 'sub_info': [{'data_type': 'App interactions', 'purpose': 'Advertising or marketing', 'optional': False}]}], 'data_collected': [{'category': 'App info and performance', 'sub_info': [{'data_type': 'Crash logs', 'purpose': 'Analytics', 'optional': False}, {'data_type': 'Diagnostics', 'purpose': 'Analytics', 'optional': False}]}], 'security_practices': [{'category': 'Data is encrypted in transit', 'sub_info': []}, {'category': 'Data can’t be deleted', 'sub_info': []}]}","Notice. This page is a placeholder. The document that normally appears here is not available at this address. No statement about data handling, data collection, data sharing, tracking, storage, retention, disclosure or user rights is made on this page. Please check back later.",0,,1,null,privacy policy replaced by a contentless placeholder
464,com.hbs.translator.bengali.es,Bengali-Spanish Translator,Books & Reference,Low (<50K),"{'data_shared': [{'category': 'Device or other IDs', 'sub_info': [{'data_type': 'Device or other IDs', 'purpose': 'Analytics - Advertising or marketing', 'optional': False}]}, {'category': 'App activity', 'sub_info': [{'data_type': 'App interactions', 'purpose': 'Analytics - Advertising or marketing', 'optional': False}]}, {'category': 'Location', 'sub_info': [{'data_type': 'Approximate location', 'purpose': 'Analytics - Advertising or marketing', 'optional': False}, {'data_type': 'Precise location', 'purpose': 'Analytics - Advertising or marketing', 'optional': False}]}, {'category': 'Personal info', 'sub_info': [{'data_type': 'User IDs', 'purpose': 'Analytics - Advertising or marketing', 'optional': False}, {'data_type': 'Other info', 'purpose': 'Analytics - Advertising or marketing', 'optional': False}]}], 'data_collected': [{'category': 'Personal info', 'sub_info': [{'data_type': 'User IDs', 'purpose': 'Analytics - Advertising or marketing', 'optional': False}, {'data_type': 'Other info', 'purpose': 'Analytics - Advertising or marketing', 'optional': False}]}], 'security_practices': [{'category': 'Data is encrypted in transit', 'sub_info': []}, {'category': 'Data can’t be deleted', 'sub_info': []}]}","Notice. This page is a placeholder. The document that normally appears here is not available at this address. No statement about data handling, data collection, data sharing, tracking, storage, retention, disclosure or user rights is made on this page. Please check back later.",0,,1,null,privacy policy replaced by a contentless placeholder
299,com.girlsjewelleryeditor.floraljewellery,Girls Jewellery Photo Editor,Beauty,Mid (50K-1M),"{'data_shared': [{'category': 'Device or other IDs', 'sub_info': [{'data_type': 'Device or other IDs', 'purpose': 'Analytics - Advertising or marketing', 'optional': False}]}, {'category': 'App activity', 'sub_info': [{'data_type': 'App interactions', 'purpose': 'Analytics - Advertising or marketing', 'optional': False}, {'data_type': 'Other actions', 'purpose': 'Analytics - Advertising or marketing', 'optional': False}]}], 'data_collected': [], 'security_practices': [{'category': 'Data is encrypted in transit', 'sub_info': []}, {'category': 'Data can’t be deleted', 'sub_info': []}]}","Notice. This page is a placeholder. The document that normally appears here is not available at this address. No statement about data handling, data collection, data sharing, tracking, storage, retention, disclosure or user rights is made on this page. Please check back later.",0,,1,null,privacy policy replaced by a contentless placeholder
1084,com.bit.androsmart.kbinapp,Bagan - Myanmar Keyboard,Lifestyle,High (1M-50M),"{'data_shared': [{'category': 'Device or other IDs', 'sub_info': [{'data_type': 'Device or other IDs', 'purpose': 'App functionality', 'optional': False}]}, {'category': 'Location', 'sub_info': [{'data_type': 'Approximate location', 'purpose': 'App functionality', 'optional': False}]}, {'category': 'Contacts', 'sub_info': [{'data_type': 'Contacts', 'purpose': 'App functionality', 'optional': False}]}, {'category': 'Personal info', 'sub_info': [{'data_type': 'Phone number', 'purpose': 'App functionality', 'optional': False}]}], 'data_collected': [], 'security_practices': [{'category': 'Data isn’t encrypted', 'sub_info': []}, {'category': 'You can request that data be deleted', 'sub_info': []}]}","Notice. This page is a placeholder. The document that normally appears here is not available at this address. No statement about data handling, data collection, data sharing, tracking, storage, retention, disclosure or user rights is made on this page. Please check back later.",0,,1,null,privacy policy replaced by a contentless placeholder
93,com.evelyngamedev.animalposing,Animal Posing,Art & Design,Mid (50K-1M),"{'data_shared': [], 'data_collected': [], 'security_practices': [{'category': 'Data is encrypted in transit', 'sub_info': []}, {'category': 'Data can’t be deleted', 'sub_info': []}]}","Notice. This page is a placeholder. The document that normally appears here is not available at this address. No statement about data handling, data collection, data sharing, tracking, storage, retention, disclosure or user rights is made on this page. Please check back later.",0,,1,null,privacy policy replaced by a contentless placeholder
2100,com.galew.widgetshare,Widgetshare,Social,High (1M-50M),"{'data_shared': [{'category': 'Device or other IDs', 'sub_info': [{'data_type': 'Device or other IDs', 'purpose': 'App functionality - Analytics - Advertising or marketing', 'optional': False}]}], 'data_collected': [{'category': 'App info and performance', 'sub_info': [{'data_type': 'Crash logs', 'purpose': 'Analytics', 'optional': False}, {'data_type': 'Diagnostics', 'purpose': 'Analytics', 'optional': False}, {'data_type': 'Other app performance data', 'purpose': 'Analytics', 'optional': False}]}, {'category': 'Contacts', 'sub_info': [{'data_type': 'Contacts', 'purpose': 'App functionality', 'optional': True}]}, {'category': 'Personal info', 'sub_info': [{'data_type': 'Email address', 'purpose': 'App functionality - Account management', 'optional': True}, {'data_type': 'Phone number', 'purpose': 'App functionality - Account management', 'optional': True}]}, {'category': 'Device or other IDs', 'sub_info': [{'data_type': 'Device or other IDs', 'purpose': 'App functionality - Analytics - Advertising or marketing', 'optional': False}]}, {'category': 'Photos and videos', 'sub_info': [{'data_type': 'Photos', 'purpose': 'App functionality', 'optional': True}]}], 'security_practices': [{'category': 'Data isn’t encrypted', 'sub_info': []}, {'category': 'You can request that data be deleted', 'sub_info': []}]}","Notice. This page is a placeholder. The document that normally appears here is not available at this address. No statement about data handling, data collection, data sharing, tracking, storage, retention, disclosure or user rights is made on this page. Please check back later.",0,,1,null,privacy policy replaced by a contentless placeholder
689,com.bellefield.itimekeep,iTimekeep,Business,Low (<50K),"{'data_shared': [{'category': 'App activity', 'sub_info': [{'data_type': 'App interactions', 'purpose': 'Analytics', 'optional': False}]}, {'category': 'Device or other IDs', 'sub_info': [{'data_type': 'Device or other IDs', 'purpose': 'Analytics', 'optional': False}]}, {'category': 'Location', 'sub_info': [{'data_type': 'Approximate location', 'purpose': 'Analytics', 'optional': False}]}, {'category': 'App info and performance', 'sub_info': [{'data_type': 'Crash logs', 'purpose': 'Analytics', 'optional': False}, {'data_type': 'Diagnostics', 'purpose': 'Analytics', 'optional': False}]}], 'data_collected': [], 'security_practices': [{'category': 'Data is encrypted in transit', 'sub_info': []}, {'category': 'You can request that data be deleted', 'sub_info': []}]}","Notice. This page is a placeholder. The document that normally appears here is not available at this address. No statement about data handling, data collection, data sharing, tracking, storage, retention, disclosure or user rights is made on this page. Please check back later.",0,,1,null,privacy policy replaced by a contentless placeholder
2344,imoji_emojicreator.emojimaker.emojimix,Emoji Maker - Emoji Creator,Tools,Mid (50K-1M),"{'data_shared': [{'category': 'Device or other IDs', 'sub_info': [{'data_type': 'Device or other IDs', 'purpose': 'Advertising or marketing', 'optional': False}]}, {'category': 'Photos and videos', 'sub_info': [{'data_type': 'Photos', 'purpose': 'App functionality', 'optional': False}]}, {'category': 'App info and performance', 'sub_info': [{'data_type': 'Crash logs', 'purpose': 'Analytics', 'optional': False}, {'data_type': 'Diagnostics', 'purpose': 'Analytics', 'optional': False}]}, {'category': 'App activity', 'sub_info': [{'data_type': 'App interactions', 'purpose': 'Analytics - Advertising or marketing', 'optional': False}]}], 'data_collected': [], 'security_practices': [{'category': 'Data is encrypted in transit', 'sub_info': []}, {'category': 'Data can’t be deleted', 'sub_info': []}]}","Notice. This page is a placeholder. The document that normally appears here is not available at this address. No statement about data handling, data collection, data sharing, tracking, storage, retention, disclosure or user rights is made on this page. Please check back later.",0,,1,null,privacy policy replaced by a contentless placeholder
877,de.wgsoft.scanmaster,ScanMaster for ELM327 OBD-2,Communication,High (1M-50M),"{'data_shared': [], 'data_collected': [{'category': 'Personal info', 'sub_info': [{'data_type': 'Name', 'purpose': 'Analytics', 'optional': True}, {'data_type': 'Email address', 'purpose': 'Analytics', 'optional': True}]}, {'category': 'App info and performance', 'sub_info': [{'data_type': 'Crash logs', 'purpose': 'Analytics', 'optional': True}]}], 'security_practices': [{'category': 'Data is encrypted in transit', 'sub_info': []}, {'category': 'Data can’t be deleted', 'sub_info': []}]}","Notice. This page is a placeholder. The document that normally appears here is not available at this address. No statement about data handling, data collection, data sharing, tracking, storage, retention, disclosure or user rights is made on this page. Please check back later.",0,,1,null,privacy policy replaced by a contentless placeholder
614,com.cfi.driverapp,CFI Driver App,Business,Low (<50K),"{'data_shared': [], 'data_collected': []}","Notice. This page is a placeholder. The document that normally appears here is not available at this address. No statement about data handling, data collection, data sharing, tracking, storage, retention, disclosure or user rights is made on this page. Please check back later.",0,,1,null,privacy policy replaced by a contentless placeholder
419,org.jw.jwlibrary.mobile,JW Library,Books & Reference,High (1M-50M),"{'data_shared': [], 'data_collected': [{'category': 'App info and performance', 'sub_info': [{'data_type': 'Crash logs', 'purpose': 'Analytics', 'optional': False}, {'data_type': 'Diagnostics', 'purpose': 'Analytics', 'optional': False}]}, {'category': 'App activity', 'sub_info': [{'data_type': 'App interactions', 'purpose': 'Analytics', 'optional': False}, {'data_type': 'In-app search history', 'purpose': 'Analytics', 'optional': False}]}, {'category': 'Device or other IDs', 'sub_info': [{'data_type': 'Device or other IDs', 'purpose': 'Analytics', 'optional': False}]}], 'security_practices': [{'category': 'Data is encrypted in transit', 'sub_info': []}, {'category': 'Data can’t be deleted', 'sub_info': []}, {'category': 'Committed to follow the Play Families Policy', 'sub_info': []}]}","Notice. This page is a placeholder. The document that normally appears here is not available at this address. No statement about data handling, data collection, data sharing, tracking, storage, retention, disclosure or user rights is made on this page. Please check back later.",0,,1,null,privacy policy replaced by a contentless placeholder
1411,com.dfm.photo3d,Photo 3D,Photography,Mid (50K-1M),"{'data_shared': [{'category': 'Device or other IDs', 'sub_info': [{'data_type': 'Device or other IDs', 'purpose': 'Analytics - Advertising or marketing', 'optional': False}]}, {'category': 'Location', 'sub_info': [{'data_type': 'Approximate location', 'purpose': 'Advertising or marketing', 'optional': False}]}, {'category': 'Photos and videos', 'sub_info': [{'data_type': 'Photos', 'purpose': 'App functionality', 'optional': False}]}, {'category': 'App activity', 'sub_info': [{'data_type': 'App interactions', 'purpose': 'Analytics', 'optional': False}, {'data_type': 'Other user-generated content', 'purpose': 'Advertising or marketing', 'optional': False}]}], 'data_collected': [], 'security_practices': [{'category': 'Data is encrypted in transit', 'sub_info': []}, {'category': 'Data can’t be deleted', 'sub_info': []}]}","Notice. This page is a placeholder. The document that normally appears here is not available at this address. No statement about data handling, data collection, data sharing, tracking, storage, retention, disclosure or user rights is made on this page. Please check back later.",0,,1,null,privacy policy replaced by a contentless placeholder
835,com.trader.quotes.arabic,Beautiful Arabic Quotes Loves,Communication,Mid (50K-1M),"{'data_shared': [{'category': 'Device or other IDs', 'sub_info': [{'data_type': 'Device or other IDs', 'purpose': 'Advertising or marketing', 'optional': False}]}], 'data_collected': [], 'security_practices': [{'category': 'Data is encrypted in transit', 'sub_info': []}, {'category': 'Data can’t be deleted', 'sub_info': []}]}","Notice. This page is a placeholder. The document that normally appears here is not available at this address. No statement about data handling, data collection, data sharing, tracking, storage, retention, disclosure or user rights is made on this page. Please check back later.",0,,1,null,privacy policy replaced by a contentless placeholder
101,com.TNInteractive.GraffitiPaint,Graffiti Paint VR,Art & Design,Mid (50K-1M),"{'data_shared': [{'category': 'Personal info', 'sub_info': [{'data_type': 'User IDs', 'purpose': 'App functionality', 'optional': False}]}, {'category': 'Financial info', 'sub_info': [{'data_type': 'Purchase history', 'purpose': 'App functionality - Analytics', 'optional': False}]}, {'category': 'Location', 'sub_info': [{'data_type': 'Approximate location', 'purpose': 'App functionality - Analytics - Advertising or marketing - Fraud prevention - security - and compliance', 'optional': False}]}, {'category': 'App info and performance', 'sub_info': [{'data_type': 'Diagnostics', 'purpose': 'App functionality - Analytics', 'optional': False}, {'data_type': 'Other app performance data', 'purpose': 'App functionality - Analytics', 'optional': False}]}, {'category': 'Device or other IDs', 'sub_info': [{'data_type': 'Device or other IDs', 'purpose': 'App functionality - Analytics - Advertising or marketing - Fraud prevention - security - and compliance', 'optional': False}]}, {'category': 'App activity', 'sub_info': [{'data_type': 'App interactions', 'purpose': 'Analytics - Advertising or marketing - Fraud prevention - security - and compliance', 'optional': False}]}], 'data_collected': [{'category': 'Personal info', 'sub_info': [{'data_type': 'User IDs', 'purpose': 'App functionality', 'optional': False}]}, {'category': 'Financial info', 'sub_info': [{'data_type': 'Purchase history', 'purpose': 'App functionality - Analytics', 'optional': False}]}, {'category': 'Location', 'sub_info': [{'data_type': 'Approximate location', 'purpose': 'App functionality - Analytics - Advertising or marketing - Fraud prevention - security - and compliance', 'optional': False}]}, {'category': 'App info and performance', 'sub_info': [{'data_type': 'Diagnostics', 'purpose': 'App functionality - Analytics', 'optional': False}, {'data_type': 'Other app performance data', 'purpose': 'App functionality - Analytics', 'optional': False}]}, {'category': 'Device or other IDs', 'sub_info': [{'data_type': 'Device or other IDs', 'purpose': 'App functionality - Analytics - Advertising or marketing - Fraud prevention - security - and compliance', 'optional': False}]}, {'category': 'App activity', 'sub_info': [{'data_type': 'App interactions', 'purpose': 'Analytics - Advertising or marketing - Fraud prevention - security - and compliance', 'optional': False}]}], 'security_practices': [{'category': 'Data is encrypted in transit', 'sub_info': []}, {'category': 'Data can’t be deleted', 'sub_info': []}]}","Notice. This page is a placeholder. The document that normally appears here is not available at this address. No statement about data handling, data collection, data sharing, tracking, storage, retention, disclosure or user rights is made on this page. Please check back later.",0,,1,null,privacy policy replaced by a contentless placeholder
1881,com.CSepkchic.android,EPK CHIC,Shopping,Low (<50K),"{'data_shared': [{'category': 'Location', 'sub_info': [{'data_type': 'Approximate location', 'purpose': 'App functionality - Fraud prevention - security - and compliance', 'optional': False}]}, {'category': 'Device or other IDs', 'sub_info': [{'data_type': 'Device or other IDs', 'purpose': 'App functionality - Analytics - Fraud prevention - security - and compliance', 'optional': False}]}, {'category': 'Personal info', 'sub_info': [{'data_type': 'Name', 'purpose': 'Developer communications - Fraud prevention - security - and compliance - Personalization', 'optional': False}, {'data_type': 'Email address', 'purpose': 'Fraud prevention - security - and compliance', 'optional': False}, {'data_type': 'Address', 'purpose': 'App functionality - Fraud prevention - security - and compliance', 'optional': False}]}], 'data_collected': [{'category': 'Location', 'sub_info': [{'data_type': 'Approximate location', 'purpose': 'App functionality - Fraud prevention - security - and compliance', 'optional': False}]}, {'category': 'Financial info', 'sub_info': [{'data_type': 'User payment info', 'purpose': 'App functionality - Fraud prevention - security - and compliance', 'optional': False}, {'data_type': 'Purchase history', 'purpose': 'App functionality - Fraud prevention - security - and compliance', 'optional': False}]}, {'category': 'Device or other IDs', 'sub_info': [{'data_type': 'Device or other IDs', 'purpose': 'App functionality - Analytics - Fraud prevention - security - and compliance', 'optional': False}]}, {'category': 'Messages', 'sub_info': [{'data_type': 'Other in-app messages', 'purpose': 'App functionality - Account management', 'optional': True}]}, {'category': 'Personal info', 'sub_info': [{'data_type': 'Name', 'purpose': 'Developer communications - Fraud prevention - security - and compliance - Personalization', 'optional': False}, {'data_type': 'Email address', 'purpose': 'Fraud prevention - security - and compliance', 'optional': False}, {'data_type': 'Address', 'purpose': 'App functionality - Fraud prevention - security - and compliance', 'optional': False}]}], 'security_practices': [{'category': 'Data is encrypted in transit', 'sub_info': []}, {'category': 'You can request that data be deleted', 'sub_info': []}]}","Notice. This page is a placeholder. The document that normally appears here is not available at this address. No statement about data handling, data collection, data sharing, tracking, storage, retention, disclosure or user rights is made on this page. Please check back later.",0,,2,null,privacy policy replaced by a contentless placeholder
1415,com.wishant.newbestphotoeditor2018,Photo Editor Studio 2021,Photography,High (1M-50M),"{'data_shared': [{'category': 'Files and docs', 'sub_info': [{'data_type': 'Files and docs', 'purpose': 'App functionality', 'optional': False}]}, {'category': 'Photos and videos', 'sub_info': [{'data_type': 'Photos', 'purpose': 'App functionality', 'optional': False}]}], 'data_collected': [{'category': 'Files and docs', 'sub_info': [{'data_type': 'Files and docs', 'purpose': 'App functionality', 'optional': False}]}, {'category': 'Photos and videos', 'sub_info': [{'data_type': 'Photos', 'purpose': 'App functionality', 'optional': False}]}], 'security_practices': [{'category': 'Data is encrypted in transit', 'sub_info': []}]}","Notice. This page is a placeholder. The document that normally appears here is not available at this address. No statement about data handling, data collection, data sharing, tracking, storage, retention, disclosure or user rights is made on this page. Please check back later.",0,,1,null,privacy policy replaced by a contentless placeholder
474,com.drawcola.xxxtentacions,How to Draw XXXTentacion,Books & Reference,Mid (50K-1M),"{'data_shared': [{'category': 'Location', 'sub_info': [{'data_type': 'Approximate location', 'purpose': 'Analytics - Advertising or marketing - Personalization', 'optional': False}, {'data_type': 'Precise location', 'purpose': 'Analytics - Advertising or marketing - Personalization', 'optional': False}]}], 'data_collected': [], 'security_practices': [{'category': 'Data isn’t encrypted', 'sub_info': []}, {'category': 'Data can’t be deleted', 'sub_info': []}]}","Notice. This page is a placeholder. The document that normally appears here is not available at this address. No statement about data handling, data collection, data sharing, tracking, storage, retention, disclosure or user rights is made on this page. Please check back later.",0,,1,null,privacy policy replaced by a contentless placeholder
304,air.com.winkypinky.dressuproyalprincessdoll,Dress Up Royal Princess Doll,Beauty,High (1M-50M),"{'data_shared': [], 'data_collected': []}","Notice. This page is a placeholder. The document that normally appears here is not available at this address. No statement about data handling, data collection, data sharing, tracking, storage, retention, disclosure or user rights is made on this page. Please check back later.",0,,1,null,privacy policy replaced by a contentless placeholder
2024,com.eortes2,Eortologio Εορτολόγιο κ αργίες,Social,Mid (50K-1M),"{'data_shared': [{'category': 'App activity', 'sub_info': [{'data_type': 'App interactions', 'purpose': 'Analytics', 'optional': False}]}, {'category': 'Device or other IDs', 'sub_info': [{'data_type': 'Device or other IDs', 'purpose': 'Analytics', 'optional': False}]}, {'category': 'App info and performance', 'sub_info': [{'data_type': 'Crash logs', 'purpose': 'Analytics - Advertising or marketing', 'optional': False}, {'data_type': 'Diagnostics', 'purpose': 'Analytics', 'optional': False}]}, {'category': 'Location', 'sub_info': [{'data_type': 'Approximate location', 'purpose': 'Analytics - Advertising or marketing', 'optional': False}]}], 'data_collected': [{'category': 'App activity', 'sub_info': [{'data_type': 'App interactions', 'purpose': 'Analytics', 'optional': False}]}], 'security_practices': [{'category': 'Data is encrypted in transit', 'sub_info': []}, {'category': 'Data can’t be deleted', 'sub_info': []}]}","Notice. This page is a placeholder. The document that normally appears here is not available at this address. No statement about data handling, data collection, data sharing, tracking, storage, retention, disclosure or user rights is made on this page. Please check back later.",0,,2,null,privacy policy replaced by a contentless placeholder
2017,com.muslimshaadi.android,Muslim Matrimony by Shaadi.com,Social,High (1M-50M),"{'data_shared': [{'category': 'Messages', 'sub_info': [{'data_type': 'Emails', 'purpose': 'App functionality - Fraud prevention - security - and compliance', 'optional': False}, {'data_type': 'SMS or MMS', 'purpose': 'App functionality - Fraud prevention - security - and compliance', 'optional': False}]}, {'category': 'Personal info', 'sub_info': [{'data_type': 'Name', 'purpose': 'App functionality - Fraud prevention - security - and compliance', 'optional': False}, {'data_type': 'Email address', 'purpose': 'App functionality - Fraud prevention - security - and compliance', 'optional': False}, {'data_type': 'Address', 'purpose': 'App functionality - Fraud prevention - security - and compliance', 'optional': False}, {'data_type': 'Phone number', 'purpose': 'App functionality - Fraud prevention - security - and compliance', 'optional': False}, {'data_type': 'Race and ethnicity', 'purpose': 'App functionality - Fraud prevention - security - and compliance - Personalization', 'optional': False}, {'data_type': 'Other info', 'purpose': 'App functionality - Fraud prevention - security - and compliance', 'optional': False}]}, {'category': 'Financial info', 'sub_info': [{'data_type': 'Other financial info', 'purpose': 'App functionality', 'optional': False}]}, {'category': 'Photos and videos', 'sub_info': [{'data_type': 'Photos', 'purpose': 'App functionality - Fraud prevention - security - and compliance', 'optional': False}]}, {'category': 'Health and fitness', 'sub_info': [{'data_type': 'Health info', 'purpose': 'App functionality', 'optional': False}]}, {'category': 'App activity', 'sub_info': [{'data_type': 'Other user-generated content', 'purpose': 'App functionality', 'optional': False}]}, {'category': 'Location', 'sub_info': [{'data_type': 'Approximate location', 'purpose': 'App functionality - Personalization', 'optional': False}, {'data_type': 'Precise location', 'purpose': 'App functionality - Personalization', 'optional': False}]}], 'data_collected': [{'category': 'Messages', 'sub_info': [{'data_type': 'Emails', 'purpose': 'App functionality - Fraud prevention - security - and compliance', 'optional': False}, {'data_type': 'SMS or MMS', 'purpose': 'App functionality - Fraud prevention - security - and compliance', 'optional': False}]}, {'category': 'Personal info', 'sub_info': [{'data_type': 'Name', 'purpose': 'App functionality - Fraud prevention - security - and compliance', 'optional': False}, {'data_type': 'Email address', 'purpose': 'App functionality - Fraud prevention - security - and compliance', 'optional': False}, {'data_type': 'Address', 'purpose': 'App functionality - Fraud prevention - security - and compliance', 'optional': False}, {'data_type': 'Phone number', 'purpose': 'App functionality - Fraud prevention - security - and compliance', 'optional': False}, {'data_type': 'Race and ethnicity', 'purpose': 'App functionality - Fraud prevention - security - and compliance - Personalization', 'optional': False}, {'data_type': 'Other info', 'purpose': 'App functionality - Fraud prevention - security - and compliance', 'optional': False}]}, {'category': 'Device or other IDs', 'sub_info': [{'data_type': 'Device or other IDs', 'purpose': 'App functionality - Analytics - Developer communications - Advertising or marketing - Fraud prevention - security - and compliance', 'optional': False}]}, {'category': 'Financial info', 'sub_info': [{'data_type': 'Other financial info', 'purpose': 'App functionality', 'optional': False}]}, {'category': 'Photos and videos', 'sub_info': [{'data_type': 'Photos', 'purpose': 'App functionality - Fraud prevention - security - and compliance', 'optional': False}]}, {'category': 'Health and fitness', 'sub_info': [{'data_type': 'Health info', 'purpose': 'App functionality', 'optional': False}]}, {'category': 'App info and performance', 'sub_info': [{'data_type': 'Crash logs', 'purpose': 'App functionality - Analytics - Developer communications', 'optional': False}, {'data_type': 'Diagnostics', 'purpose': 'App functionality - Analytics - Developer communications', 'optional': False}, {'data_type': 'Other app performance data', 'purpose': 'App functionality - Analytics - Developer communications', 'optional': False}]}, {'category': 'App activity', 'sub_info': [{'data_type': 'Other user-generated content', 'purpose': 'App functionality', 'optional': False}]}, {'category': 'Files and docs', 'sub_info': [{'data_type': 'Files and docs', 'purpose': 'App functionality - Fraud prevention - security - and compliance - Account management', 'optional': False}]}, {'category': 'Location', 'sub_info': [{'data_type': 'Approximate location', 'purpose': 'App functionality - Personalization', 'optional': False}, {'data_type': 'Precise location', 'purpose': 'App functionality - Personalization', 'optional': False}]}], 'security_practices': [{'category': 'Data is encrypted in transit', 'sub_info': []}, {'category': 'You can request that data be deleted', 'sub_info': []}]}","Notice. This page is a placeholder. The document that normally appears here is not available at this address. No statement about data handling, data collection, data sharing, tracking, storage, retention, disclosure or user rights is made on this page. Please check back later.",0,,2,null,privacy policy replaced by a contentless placeholder
1005,uk.co.brightec.ziffit,Sell books with Ziffit,Lifestyle,High (1M-50M),"{'data_shared': [{'category': 'Personal info', 'sub_info': [{'data_type': 'Name', 'purpose': 'App functionality - Fraud prevention - security - and compliance - Personalization', 'optional': False}, {'data_type': 'Email address', 'purpose': 'App functionality - Fraud prevention - security - and compliance - Account management', 'optional': False}, {'data_type': 'User IDs', 'purpose': 'App functionality - Analytics - Fraud prevention - security - and compliance - Personalization - Account management', 'optional': False}, {'data_type': 'Address', 'purpose': 'App functionality - Analytics - Fraud prevention - security - and compliance - Personalization - Account management', 'optional': False}, {'data_type': 'Phone number', 'purpose': 'App functionality - Account management', 'optional': False}]}, {'category': 'Financial info', 'sub_info': [{'data_type': 'User payment info', 'purpose': 'App functionality - Fraud prevention - security - and compliance - Account management', 'optional': False}]}, {'category': 'Device or other IDs', 'sub_info': [{'data_type': 'Device or other IDs', 'purpose': 'App functionality - Analytics - Developer communications', 'optional': False}]}, {'category': 'Messages', 'sub_info': [{'data_type': 'Other in-app messages', 'purpose': 'App functionality', 'optional': False}]}], 'data_collected': [{'category': 'App activity', 'sub_info': [{'data_type': 'App interactions', 'purpose': 'App functionality - Analytics', 'optional': True}, {'data_type': 'In-app search history', 'purpose': 'App functionality - Analytics - Fraud prevention - security - and compliance - Personalization', 'optional': False}]}, {'category': 'App info and performance', 'sub_info': [{'data_type': 'Crash logs', 'purpose': 'App functionality - Analytics', 'optional': False}, {'data_type': 'Diagnostics', 'purpose': 'App functionality - Analytics', 'optional': False}, {'data_type': 'Other app performance data', 'purpose': 'App functionality - Analytics', 'optional': False}]}, {'category': 'Personal info', 'sub_info': [{'data_type': 'Name', 'purpose': 'App functionality - Fraud prevention - security - and compliance - Personalization', 'optional': False}, {'data_type': 'Email address', 'purpose': 'App functionality - Fraud prevention - security - and compliance - Account management', 'optional': False}, {'data_type': 'User IDs', 'purpose': 'App functionality - Analytics - Fraud prevention - security - and compliance - Personalization - Account management', 'optional': False}, {'data_type': 'Address', 'purpose': 'App functionality - Analytics - Fraud prevention - security - and compliance - Personalization - Account management', 'optional': False}, {'data_type': 'Phone number', 'purpose': 'App functionality - Account management', 'optional': False}]}, {'category': 'Financial info', 'sub_info': [{'data_type': 'User payment info', 'purpose': 'App functionality - Fraud prevention - security - and compliance - Account management', 'optional': False}]}, {'category': 'Device or other IDs', 'sub_info': [{'data_type': 'Device or other IDs', 'purpose': 'App functionality - Analytics - Developer communications', 'optional': False}]}, {'category': 'Messages', 'sub_info': [{'data_type': 'Other in-app messages', 'purpose': 'App functionality', 'optional': False}]}], 'security_practices': [{'category': 'Data is encrypted in transit', 'sub_info': []}, {'category': 'You can request that data be deleted', 'sub_info': []}]}","Notice. This page is a placeholder. The document that normally appears here is not available at this address. No statement about data handling, data collection, data sharing, tracking, storage, retention, disclosure or user rights is made on this page. Please check back later.",0,,1,null,privacy policy replaced by a contentless placeholder
2305,com.phongphan.mhl.checker,MHL Checker - (Check HDMI),Tools,High (1M-50M),"{'data_shared': [], 'data_collected': [], 'security_practices': [{'category': 'Data is encrypted in transit', 'sub_info': []}, {'category': 'Data can’t be deleted', 'sub_info': []}]}","Notice. This page is a placeholder. The document that normally appears here is not available at this address. No statement about data handling, data collection, data sharing, tracking, storage, retention, disclosure or user rights is made on this page. Please check back later.",0,,2,null,privacy policy replaced by a contentless placeholder
301,com.newandromo.dev728180.app984777,Haircut For Black Women,Beauty,Mid (50K-1M),"{'data_shared': [], 'data_collected': [{'category': 'Device or other IDs', 'sub_info': [{'data_type': 'Device or other IDs', 'purpose': 'App functionality', 'optional': True}]}], 'security_practices': [{'category': 'Data is encrypted in transit', 'sub_info': []}, {'category': 'You can request that data be deleted', 'sub_info': []}]}","Notice. This page is a placeholder. The document that normally appears here is not available at this address. No statement about data handling, data collection, data sharing, tracking, storage, retention, disclosure or user rights is made on this page. Please check back later.",0,,1,null,privacy policy replaced by a contentless placeholder
2334,com.magdalm.freewifipassword,Wifi password all in one,Tools,High (1M-50M),"{'data_shared': [{'category': 'Device or other IDs', 'sub_info': [{'data_type': 'Device or other IDs', 'purpose': 'Analytics - Advertising or marketing - Fraud prevention - security - and compliance', 'optional': False}]}, {'category': 'App activity', 'sub_info': [{'data_type': 'App interactions', 'purpose': 'Analytics - Advertising or marketing - Fraud prevention - security - and compliance', 'optional': False}]}, {'category': 'App info and performance', 'sub_info': [{'data_type': 'Crash logs', 'purpose': 'Analytics - Advertising or marketing - Fraud prevention - security - and compliance', 'optional': False}, {'data_type': 'Diagnostics', 'purpose': 'Analytics - Advertising or marketing - Fraud prevention - security - and compliance', 'optional': False}]}], 'data_collected': [{'category': 'Device or other IDs', 'sub_info': [{'data_type': 'Device or other IDs', 'purpose': 'Analytics - Advertising or marketing - Fraud prevention - security - and compliance', 'optional': False}]}, {'category': 'App activity', 'sub_info': [{'data_type': 'App interactions', 'purpose': 'Analytics - Advertising or marketing - Fraud prevention - security - and compliance', 'optional': False}]}, {'category': 'App info and performance', 'sub_info': [{'data_type': 'Crash logs', 'purpose': 'Analytics - Advertising or marketing - Fraud prevention - security - and compliance', 'optional': False}, {'data_type': 'Diagnostics', 'purpose': 'Analytics - Advertising or marketing - Fraud prevention - security - and compliance', 'optional': False}]}], 'security_practices': [{'category': 'Data is encrypted in transit', 'sub_info': []}, {'category': 'Data can’t be deleted', 'sub_info': []}]}","Notice. This page is a placeholder. The document that normally appears here is not available at this address. No statement about data handling, data collection, data sharing, tracking, storage, retention, disclosure or user rights is made on this page. Please check back later.",0,,1,null,privacy policy replaced by a contentless placeholder
807,com.DeltaCygniLabs.Pointr,POINTR Easy Remote Support,Communication,Mid (50K-1M),"{'data_shared': [], 'data_collected': [{'category': 'App activity', 'sub_info': [{'data_type': 'Other user-generated content', 'purpose': 'App functionality', 'optional': True}]}, {'category': 'Contacts', 'sub_info': [{'data_type': 'Contacts', 'purpose': 'App functionality', 'optional': True}]}, {'category': 'Device or other IDs', 'sub_info': [{'data_type': 'Device or other IDs', 'purpose': 'App functionality', 'optional': False}]}, {'category': 'Personal info', 'sub_info': [{'data_type': 'Name', 'purpose': 'App functionality - Account management', 'optional': False}, {'data_type': 'Email address', 'purpose': 'App functionality - Account management', 'optional': True}, {'data_type': 'User IDs', 'purpose': 'App functionality - Account management', 'optional': False}, {'data_type': 'Phone number', 'purpose': 'App functionality - Account management', 'optional': False}]}], 'security_practices': [{'category': 'Data is encrypted in transit', 'sub_info': []}, {'category': 'You can request that data be deleted', 'sub_info': []}]}","Notice. This page is a placeholder. The document that normally appears here is not available at this address. No statement about data handling, data collection, data sharing, tracking, storage, retention, disclosure or user rights is made on this page. Please check back later.",0,,1,null,privacy policy replaced by a contentless placeholder
255,com.oliabric.wbcapsule,WB капсульный гардероб,Beauty,Mid (50K-1M),"{'data_shared': [], 'data_collected': [{'category': 'App info and performance', 'sub_info': [{'data_type': 'Other app performance data', 'purpose': 'Analytics - Developer communications', 'optional': True}]}, {'category': 'Personal info', 'sub_info': [{'data_type': 'Email address', 'purpose': 'Analytics - Developer communications', 'optional': True}]}], 'security_practices': [{'category': 'Data is encrypted in transit', 'sub_info': []}, {'category': 'Data can’t be deleted', 'sub_info': []}]}","Notice. This page is a placeholder. The document that normally appears here is not available at this address. No statement about data handling, data collection, data sharing, tracking, storage, retention, disclosure or user rights is made on this page. Please check back later.",0,,2,null,privacy policy replaced by a contentless placeholder
297,com.jewelleryphotoeditorfree.android,Jewellery Photo Editor,Beauty,High (1M-50M),"{'data_shared': [{'category': 'Device or other IDs', 'sub_info': [{'data_type': 'Device or other IDs', 'purpose': 'Analytics - Advertising or marketing', 'optional': False}]}, {'category': 'App activity', 'sub_info': [{'data_type': 'App interactions', 'purpose': 'Analytics - Advertising or marketing', 'optional': False}, {'data_type': 'Other actions', 'purpose': 'Analytics - Advertising or marketing', 'optional': False}]}], 'data_collected': [], 'security_practices': [{'category': 'Data is encrypted in transit', 'sub_info': []}, {'category': 'Data can’t be deleted', 'sub_info': []}]}","Notice. This page is a placeholder. The document that normally appears here is not available at this address. No statement about data handling, data collection, data sharing, tracking, storage, retention, disclosure or user rights is made on this page. Please check back later.",0,,1,null,privacy policy replaced by a contentless placeholder
323,com.sweetsnap.facecamera.livefilter.selfie.snapchat,Sweet Face Camera - Live Face,Beauty,High (1M-50M),"{'data_shared': [{'category': 'App activity', 'sub_info': [{'data_type': 'App interactions', 'purpose': 'Analytics - Advertising or marketing - Fraud prevention - security - and compliance', 'optional': False}]}, {'category': 'App info and performance', 'sub_info': [{'data_type': 'Crash logs', 'purpose': 'Analytics - Advertising or marketing - Fraud prevention - security - and compliance', 'optional': False}, {'data_type': 'Diagnostics', 'purpose': 'Analytics - Advertising or marketing - Fraud prevention - security - and compliance', 'optional': False}]}, {'category': 'Device or other IDs', 'sub_info': [{'data_type': 'Device or other IDs', 'purpose': 'Analytics - Advertising or marketing - Fraud prevention - security - and compliance', 'optional': False}]}, {'category': 'Location', 'sub_info': [{'data_type': 'Approximate location', 'purpose': 'Analytics - Advertising or marketing - Fraud prevention - security - and compliance', 'optional': False}]}], 'data_collected': [{'category': 'App activity', 'sub_info': [{'data_type': 'App interactions', 'purpose': 'Analytics - Advertising or marketing - Fraud prevention - security - and compliance', 'optional': False}]}, {'category': 'App info and performance', 'sub_info': [{'data_type': 'Crash logs', 'purpose': 'Analytics - Advertising or marketing - Fraud prevention - security - and compliance', 'optional': False}, {'data_type': 'Diagnostics', 'purpose': 'Analytics - Advertising or marketing - Fraud prevention - security - and compliance', 'optional': False}]}, {'category': 'Device or other IDs', 'sub_info': [{'data_type': 'Device or other IDs', 'purpose': 'Analytics - Advertising or marketing - Fraud prevention - security - and compliance', 'optional': False}]}, {'category': 'Location', 'sub_info': [{'data_type': 'Approximate location', 'purpose': 'Analytics - Advertising or marketing - Fraud prevention - security - and compliance', 'optional': False}]}], 'security_practices': [{'category': 'Data is encrypted in transit', 'sub_info': []}, {'category': 'You can request that data be deleted', 'sub_info': []}]}","Notice. This page is a placeholder. The document that normally appears here is not available at this address. No statement about data handling, data collection, data sharing, tracking, storage, retention, disclosure or user rights is made on this page. Please check back later.",0,,1,null,privacy policy replaced by a contentless placeholder
1803,com.pixiegypt.app,Pixi,Shopping,Mid (50K-1M),"{'data_shared': [], 'data_collected': [], 'security_practices': [{'category': 'Data is encrypted in transit', 'sub_info': []}, {'category': 'You can request that data be deleted', 'sub_info': []}]}","Notice. This page is a placeholder. The document that normally appears here is not available at this address. No statement about data handling, data collection, data sharing, tracking, storage, retention, disclosure or user rights is made on this page. Please check back later.",0,,2,null,privacy policy replaced by a contentless placeholder
1035,uk.co.musicMagpie,musicMagpie,Lifestyle,High (1M-50M),"{'data_shared': [{'category': 'Device or other IDs', 'sub_info': [{'data_type': 'Device or other IDs', 'purpose': 'Analytics - Advertising or marketing - Personalization', 'optional': False}]}], 'data_collected': [{'category': 'Personal info', 'sub_info': [{'data_type': 'Name', 'purpose': 'App functionality - Advertising or marketing - Fraud prevention - security - and compliance - Personalization - Account management', 'optional': False}, {'data_type': 'Email address', 'purpose': 'App functionality - Advertising or marketing - Fraud prevention - security - and compliance - Personalization - Account management', 'optional': False}, {'data_type': 'User IDs', 'purpose': 'App functionality - Fraud prevention - security - and compliance - Account management', 'optional': False}, {'data_type': 'Address', 'purpose': 'App functionality - Advertising or marketing - Fraud prevention - security - and compliance - Personalization - Account management', 'optional': False}, {'data_type': 'Phone number', 'purpose': 'App functionality - Advertising or marketing - Fraud prevention - security - and compliance - Account management', 'optional': False}, {'data_type': 'Other info', 'purpose': 'App functionality - Analytics - Advertising or marketing - Personalization - Account management', 'optional': False}]}, {'category': 'App info and performance', 'sub_info': [{'data_type': 'Crash logs', 'purpose': 'Analytics', 'optional': False}, {'data_type': 'Diagnostics', 'purpose': 'Analytics', 'optional': False}]}, {'category': 'App activity', 'sub_info': [{'data_type': 'App interactions', 'purpose': 'Analytics - Advertising or marketing - Personalization', 'optional': False}, {'data_type': 'In-app search history', 'purpose': 'App functionality - Analytics - Advertising or marketing - Personalization', 'optional': False}]}, {'category': 'Financial info', 'sub_info': [{'data_type': 'User payment info', 'purpose': 'App functionality - Fraud prevention - security - and compliance - Account management', 'optional': False}, {'data_type': 'Purchase history', 'purpose': 'App functionality - Analytics - Advertising or marketing - Fraud prevention - security - and compliance - Personalization - Account management', 'optional': False}]}, {'category': 'Device or other IDs', 'sub_info': [{'data_type': 'Device or other IDs', 'purpose': 'Analytics - Advertising or marketing - Personalization', 'optional': False}]}], 'security_practices': [{'category': 'Data is encrypted in transit', 'sub_info': []}, {'category': 'You can request that data be deleted', 'sub_info': []}]}","Notice. This page is a placeholder. The document that normally appears here is not available at this address. No statement about data handling, data collection, data sharing, tracking, storage, retention, disclosure or user rights is made on this page. Please check back later.",0,,1,null,privacy policy replaced by a contentless placeholder
275,com.appscourt.collagemaker.photoeditor.photocollage.layout.image.editor,Pic Collage Maker & Editor,Beauty,Mid (50K-1M),"{'data_shared': [], 'data_collected': [], 'security_practices': [{'category': 'Data is encrypted in transit', 'sub_info': []}, {'category': 'Data can’t be deleted', 'sub_info': []}]}","Notice. This page is a placeholder. The document that normally appears here is not available at this address. No statement about data handling, data collection, data sharing, tracking, storage, retention, disclosure or user rights is made on this page. Please check back later.",0,,2,null,privacy policy replaced by a contentless placeholder
839,com.tohsoft.mail.email.emailclient,Email - Mail Mailbox,Communication,High (1M-50M),"{'data_shared': [{'category': 'Device or other IDs', 'sub_info': [{'data_type': 'Device or other IDs', 'purpose': 'Advertising or marketing', 'optional': False}]}], 'data_collected': [], 'security_practices': [{'category': 'Data is encrypted in transit', 'sub_info': []}, {'category': 'You can request that data be deleted', 'sub_info': []}]}","Notice. This page is a placeholder. The document that normally appears here is not available at this address. No statement about data handling, data collection, data sharing, tracking, storage, retention, disclosure or user rights is made on this page. Please check back later.",0,,1,null,privacy policy replaced by a contentless placeholder
1410,com.Nishant.Singh.DroidTimelapse,Framelapse: Time Lapse Camera,Photography,High (1M-50M),"{'data_shared': [], 'data_collected': []}","Notice. This page is a placeholder. The document that normally appears here is not available at this address. No statement about data handling, data collection, data sharing, tracking, storage, retention, disclosure or user rights is made on this page. Please check back later.",0,,1,null,privacy policy replaced by a contentless placeholder
1816,com.citpl.revlogical,My Retail Rebel,Shopping,Mid (50K-1M),"{'data_shared': [], 'data_collected': [{'category': 'Personal info', 'sub_info': [{'data_type': 'Name', 'purpose': 'App functionality - Account management', 'optional': False}, {'data_type': 'Email address', 'purpose': 'App functionality - Account management', 'optional': False}, {'data_type': 'Phone number', 'purpose': 'App functionality - Account management', 'optional': False}]}], 'security_practices': [{'category': 'Data is encrypted in transit', 'sub_info': []}, {'category': 'You can request that data be deleted', 'sub_info': []}]}","Notice. This page is a placeholder. The document that normally appears here is not available at this address. No statement about data handling, data collection, data sharing, tracking, storage, retention, disclosure or user rights is made on this page. Please check back later.",0,,2,null,privacy policy replaced by a contentless placeholder
158,udenity.draw.weapons.gta5.hud,How to draw game weapons,Art & Design,Mid (50K-1M),"{'data_shared': [{'category': 'App info and performance', 'sub_info': [{'data_type': 'Diagnostics', 'purpose': 'Analytics - Advertising or marketing - Fraud prevention - security - and compliance', 'optional': False}]}, {'category': 'App activity', 'sub_info': [{'data_type': 'App interactions', 'purpose': 'Analytics - Advertising or marketing - Fraud prevention - security - and compliance', 'optional': False}]}, {'category': 'Location', 'sub_info': [{'data_type': 'Approximate location', 'purpose': 'Analytics - Advertising or marketing - Fraud prevention - security - and compliance', 'optional': False}]}, {'category': 'Device or other IDs', 'sub_info': [{'data_type': 'Device or other IDs', 'purpose': 'Analytics - Advertising or marketing - Fraud prevention - security - and compliance', 'optional': False}]}], 'data_collected': [{'category': 'App info and performance', 'sub_info': [{'data_type': 'Diagnostics', 'purpose': 'Analytics - Advertising or marketing - Fraud prevention - security - and compliance', 'optional': False}]}, {'category': 'App activity', 'sub_info': [{'data_type': 'App interactions', 'purpose': 'Analytics - Advertising or marketing - Fraud prevention - security - and compliance', 'optional': False}]}, {'category': 'Location', 'sub_info': [{'data_type': 'Approximate location', 'purpose': 'Analytics - Advertising or marketing - Fraud prevention - security - and compliance', 'optional': False}]}, {'category': 'Device or other IDs', 'sub_info': [{'data_type': 'Device or other IDs', 'purpose': 'Analytics - Advertising or marketing - Fraud prevention - security - and compliance', 'optional': False}]}], 'security_practices': [{'category': 'Data is encrypted in transit', 'sub_info': []}, {'category': 'Data can’t be deleted', 'sub_info': []}]}","Notice. This page is a placeholder. The document that normally appears here is not available at this address. No statement about data handling, data collection, data sharing, tracking, storage, retention, disclosure or user rights is made on this page. Please check back later.",0,,1,null,privacy policy replaced by a contentless placeholder
460,com.romance.freenovels.app,Novel World - Amazing Stories,Books & Reference,Mid (50K-1M),"{'data_shared': [], 'data_collected': [{'category': 'App info and performance', 'sub_info': [{'data_type': 'Crash logs', 'purpose': 'Analytics', 'optional': False}]}], 'security_practices': [{'category': 'Data is encrypted in transit', 'sub_info': []}, {'category': 'You can request that data be deleted', 'sub_info': []}]}","Notice. This page is a placeholder. The document that normally appears here is not available at this address. No statement about data handling, data collection, data sharing, tracking, storage, retention, disclosure or user rights is made on this page. Please check back later.",0,,1,null,privacy policy replaced by a contentless placeholder
1046,se.viento.pinchos,Pinchos - The Dining Circus,Lifestyle,High (1M-50M),"{'data_shared': [], 'data_collected': [{'category': 'App info and performance', 'sub_info': [{'data_type': 'Crash logs', 'purpose': 'Analytics', 'optional': False}, {'data_type': 'Diagnostics', 'purpose': 'Analytics', 'optional': False}]}, {'category': 'Financial info', 'sub_info': [{'data_type': 'User payment info', 'purpose': 'App functionality - Account management', 'optional': True}, {'data_type': 'Purchase history', 'purpose': 'App functionality - Analytics - Advertising or marketing - Fraud prevention - security - and compliance', 'optional': False}]}, {'category': 'Device or other IDs', 'sub_info': [{'data_type': 'Device or other IDs', 'purpose': 'App functionality - Developer communications', 'optional': True}]}, {'category': 'Personal info', 'sub_info': [{'data_type': 'Name', 'purpose': 'Account management', 'optional': True}, {'data_type': 'Email address', 'purpose': 'Developer communications - Advertising or marketing - Account management', 'optional': True}, {'data_type': 'User IDs', 'purpose': 'Developer communications - Account management', 'optional': False}, {'data_type': 'Phone number', 'purpose': 'App functionality - Developer communications - Fraud prevention - security - and compliance - Account management', 'optional': False}, {'data_type': 'Other info', 'purpose': 'App functionality', 'optional': True}]}, {'category': 'Messages', 'sub_info': [{'data_type': 'Other in-app messages', 'purpose': 'App functionality - Developer communications', 'optional': True}]}, {'category': 'App activity', 'sub_info': [{'data_type': 'App interactions', 'purpose': 'Analytics', 'optional': False}, {'data_type': 'Other user-generated content', 'purpose': 'App functionality - Analytics - Developer communications - Advertising or marketing - Fraud prevention - security - and compliance - Account management', 'optional': False}]}], 'security_practices': [{'category': 'Data is encrypted in transit', 'sub_info': []}, {'category': 'You can request that data be deleted', 'sub_info': []}]}","Notice. This page is a placeholder. The document that normally appears here is not available at this address. No statement about data handling, data collection, data sharing, tracking, storage, retention, disclosure or user rights is made on this page. Please check back later.",0,,1,null,privacy policy replaced by a contentless placeholder
1085,com.tc.bestquotes,Life quotes,Lifestyle,Mid (50K-1M),"{'data_shared': [{'category': 'App activity', 'sub_info': [{'data_type': 'App interactions', 'purpose': 'App functionality - Analytics - Advertising or marketing - Fraud prevention - security - and compliance', 'optional': False}, {'data_type': 'Installed apps', 'purpose': 'Analytics - Advertising or marketing - Fraud prevention - security - and compliance', 'optional': False}, {'data_type': 'Other actions', 'purpose': 'App functionality - Analytics - Advertising or marketing - Fraud prevention - security - and compliance', 'optional': False}]}, {'category': 'Location', 'sub_info': [{'data_type': 'Approximate location', 'purpose': 'Analytics - Advertising or marketing - Fraud prevention - security - and compliance', 'optional': False}]}, {'category': 'Device or other IDs', 'sub_info': [{'data_type': 'Device or other IDs', 'purpose': 'Analytics - Advertising or marketing - Fraud prevention - security - and compliance', 'optional': False}]}, {'category': 'App info and performance', 'sub_info': [{'data_type': 'Crash logs', 'purpose': 'Analytics - Advertising or marketing - Fraud prevention - security - and compliance', 'optional': False}, {'data_type': 'Diagnostics', 'purpose': 'Analytics - Advertising or marketing - Fraud prevention - security - and compliance', 'optional': False}, {'data_type': 'Other app performance data', 'purpose': 'App functionality - Analytics - Advertising or marketing - Fraud prevention - security - and compliance', 'optional': False}]}], 'data_collected': [{'category': 'App activity', 'sub_info': [{'data_type': 'App interactions', 'purpose': 'App functionality - Analytics - Advertising or marketing - Fraud prevention - security - and compliance', 'optional': False}, {'data_type': 'Installed apps', 'purpose': 'Analytics - Advertising or marketing - Fraud prevention - security - and compliance', 'optional': False}, {'data_type': 'Other actions', 'purpose': 'App functionality - Analytics - Advertising or marketing - Fraud prevention - security - and compliance', 'optional': False}]}, {'category': 'Location', 'sub_info': [{'data_type': 'Approximate location', 'purpose': 'Analytics - Advertising or marketing - Fraud prevention - security - and compliance', 'optional': False}]}, {'category': 'Device or other IDs', 'sub_info': [{'data_type': 'Device or other IDs', 'purpose': 'Analytics - Advertising or marketing - Fraud prevention - security - and compliance', 'optional': False}]}, {'category': 'App info and performance', 'sub_info': [{'data_type': 'Crash logs', 'purpose': 'Analytics - Advertising or marketing - Fraud prevention - security - and compliance', 'optional': False}, {'data_type': 'Diagnostics', 'purpose': 'Analytics - Advertising or marketing - Fraud prevention - security - and compliance', 'optional': False}, {'data_type': 'Other app performance data', 'purpose': 'App functionality - Analytics - Advertising or marketing - Fraud prevention - security - and compliance', 'optional': False}]}], 'security_practices': [{'category': 'Data is encrypted in transit', 'sub_info': []}]}","Notice. This page is a placeholder. The document that normally appears here is not available at this address. No statement about data handling, data collection, data sharing, tracking, storage, retention, disclosure or user rights is made on this page. Please check back later.",0,,1,null,privacy policy replaced by a contentless placeholder
1408,com.rqrapps.backgroundchanger.changephotobackground,Background Changer Of Photo,Photography,Mid (50K-1M),"{'data_shared': [], 'data_collected': [], 'security_practices': [{'category': 'Data is encrypted in transit', 'sub_info': []}, {'category': 'You can request that data be deleted', 'sub_info': []}]}","Notice. This page is a placeholder. The document that normally appears here is not available at this address. No statement about data handling, data collection, data sharing, tracking, storage, retention, disclosure or user rights is made on this page. Please check back later.",0,,1,null,privacy policy replaced by a contentless placeholder
119,com.technoblick,Latest Mehndi Design 2024,Art & Design,Mid (50K-1M),"{'data_shared': [], 'data_collected': [{'category': 'App info and performance', 'sub_info': [{'data_type': 'Other app performance data', 'purpose': 'App functionality', 'optional': False}]}, {'category': 'Device or other IDs', 'sub_info': [{'data_type': 'Device or other IDs', 'purpose': 'App functionality', 'optional': False}]}], 'security_practices': [{'category': 'Data isn’t encrypted', 'sub_info': []}]}","Notice. This page is a placeholder. The document that normally appears here is not available at this address. No statement about data handling, data collection, data sharing, tracking, storage, retention, disclosure or user rights is made on this page. Please check back later.",0,,1,null,privacy policy replaced by a contentless placeholder
873,ir.ilmili.telegraph,Graph Messenger,Communication,High (1M-50M),"{'data_shared': [{'category': 'Location', 'sub_info': [{'data_type': 'Approximate location', 'purpose': 'Analytics - Advertising or marketing', 'optional': False}]}], 'data_collected': [{'category': 'Contacts', 'sub_info': [{'data_type': 'Contacts', 'purpose': 'App functionality', 'optional': True}]}, {'category': 'Messages', 'sub_info': [{'data_type': 'Other in-app messages', 'purpose': 'App functionality', 'optional': True}]}, {'category': 'Location', 'sub_info': [{'data_type': 'Approximate location', 'purpose': 'Analytics - Advertising or marketing', 'optional': False}]}, {'category': 'App activity', 'sub_info': [{'data_type': 'App interactions', 'purpose': 'Analytics - Advertising or marketing', 'optional': False}]}, {'category': 'Files and docs', 'sub_info': [{'data_type': 'Files and docs', 'purpose': 'App functionality', 'optional': True}]}, {'category': 'App info and performance', 'sub_info': [{'data_type': 'Crash logs', 'purpose': 'Analytics', 'optional': False}, {'data_type': 'Diagnostics', 'purpose': 'Analytics', 'optional': False}]}, {'category': 'Device or other IDs', 'sub_info': [{'data_type': 'Device or other IDs', 'purpose': 'App functionality - Analytics - Advertising or marketing', 'optional': False}]}, {'category': 'Photos and videos', 'sub_info': [{'data_type': 'Photos', 'purpose': 'App functionality', 'optional': True}, {'data_type': 'Videos', 'purpose': 'App functionality', 'optional': True}]}, {'category': 'Audio', 'sub_info': [{'data_type': 'Voice or sound recordings', 'purpose': 'App functionality', 'optional': True}, {'data_type': 'Music files', 'purpose': 'App functionality', 'optional': True}]}, {'category': 'Personal info', 'sub_info': [{'data_type': 'Name', 'purpose': 'App functionality', 'optional': False}, {'data_type': 'User IDs', 'purpose': 'App functionality', 'optional': False}]}], 'security_practices': [{'category': 'Data is encrypted in transit', 'sub_info': []}, {'category': 'You can request that data be deleted', 'sub_info': []}]}","Notice. This page is a placeholder. The document that normally appears here is not available at this address. No statement about data handling, data collection, data sharing, tracking, storage, retention, disclosure or user rights is made on this page. Please check back later.",0,,1,null,privacy policy replaced by a contentless placeholder
655,nextapp.fx,FX File Explorer,Business,High (1M-50M),"{'data_shared': [], 'data_collected': []}","Notice. This page is a placeholder. The document that normally appears here is not available at this address. No statement about data handling, data collection, data sharing, tracking, storage, retention, disclosure or user rights is made on this page. Please check back later.",0,,1,null,privacy policy replaced by a contentless placeholder
1007,com.urbanpoint.UrbanPoint,Urban Point,Lifestyle,Mid (50K-1M),"{'data_shared': [{'category': 'Device or other IDs', 'sub_info': [{'data_type': 'Device or other IDs', 'purpose': 'Analytics - Advertising or marketing - Personalization - Account management', 'optional': False}]}, {'category': 'App activity', 'sub_info': [{'data_type': 'App interactions', 'purpose': 'Analytics - Advertising or marketing - Personalization', 'optional': False}, {'data_type': 'In-app search history', 'purpose': 'Analytics - Advertising or marketing - Personalization', 'optional': False}]}, {'category': 'Location', 'sub_info': [{'data_type': 'Approximate location', 'purpose': 'Advertising or marketing - Personalization', 'optional': False}, {'data_type': 'Precise location', 'purpose': 'Advertising or marketing - Personalization', 'optional': False}]}, {'category': 'Financial info', 'sub_info': [{'data_type': 'Purchase history', 'purpose': 'Analytics - Advertising or marketing - Personalization', 'optional': False}]}, {'category': 'Personal info', 'sub_info': [{'data_type': 'Name', 'purpose': 'Advertising or marketing - Personalization', 'optional': False}, {'data_type': 'Email address', 'purpose': 'Advertising or marketing - Personalization', 'optional': False}, {'data_type': 'User IDs', 'purpose': 'Advertising or marketing - Personalization - Account management', 'optional': False}, {'data_type': 'Phone number', 'purpose': 'Advertising or marketing - Personalization - Account management', 'optional': False}]}], 'data_collected': [{'category': 'Device or other IDs', 'sub_info': [{'data_type': 'Device or other IDs', 'purpose': 'Analytics - Advertising or marketing - Personalization - Account management', 'optional': False}]}, {'category': 'App activity', 'sub_info': [{'data_type': 'App interactions', 'purpose': 'Analytics - Advertising or marketing - Personalization', 'optional': False}, {'data_type': 'In-app search history', 'purpose': 'Analytics - Advertising or marketing - Personalization', 'optional': False}]}, {'category': 'App info and performance', 'sub_info': [{'data_type': 'Crash logs', 'purpose': 'Analytics', 'optional': False}]}, {'category': 'Location', 'sub_info': [{'data_type': 'Approximate location', 'purpose': 'Advertising or marketing - Personalization', 'optional': False}, {'data_type': 'Precise location', 'purpose': 'Advertising or marketing - Personalization', 'optional': False}]}, {'category': 'Financial info', 'sub_info': [{'data_type': 'Purchase history', 'purpose': 'Analytics - Advertising or marketing - Personalization', 'optional': False}]}, {'category': 'Personal info', 'sub_info': [{'data_type': 'Name', 'purpose': 'Advertising or marketing - Personalization', 'optional': False}, {'data_type': 'Email address', 'purpose': 'Advertising or marketing - Personalization', 'optional': False}, {'data_type': 'User IDs', 'purpose': 'Advertising or marketing - Personalization - Account management', 'optional': False}, {'data_type': 'Phone number', 'purpose': 'Advertising or marketing - Personalization - Account management', 'optional': False}]}], 'security_practices': [{'category': 'Data is encrypted in transit', 'sub_info': []}, {'category': 'You can request that data be deleted', 'sub_info': []}]}","Notice. This page is a placeholder. The document that normally appears here is not available at this address. No statement about data handling, data collection, data sharing, tracking, storage, retention, disclosure or user rights is made on this page. Please check back later.",0,,1,null,privacy policy replaced by a contentless placeholder
1422,com.inglesdivino.rotatephoto,Rotate Photo,Photography,Mid (50K-1M),"{'data_shared': [], 'data_collected': [{'category': 'App activity', 'sub_info': [{'data_type': 'App interactions', 'purpose': 'Analytics - Advertising or marketing - Fraud prevention - security - and compliance', 'optional': False}]}, {'category': 'App info and performance', 'sub_info': [{'data_type': 'Diagnostics', 'purpose': 'Analytics - Advertising or marketing - Fraud prevention - security - and compliance', 'optional': False}]}, {'category': 'Device or other IDs', 'sub_info': [{'data_type': 'Device or other IDs', 'purpose': 'Analytics - Advertising or marketing - Fraud prevention - security - and compliance', 'optional': True}]}], 'security_practices': [{'category': 'Data is encrypted in transit', 'sub_info': []}, {'category': 'You can request that data be deleted', 'sub_info': []}]}","Notice. This page is a placeholder. The document that normally appears here is not available at this address. No statement about data handling, data collection, data sharing, tracking, storage, retention, disclosure or user rights is made on this page. Please check back later.",0,,1,null,privacy policy replaced by a contentless placeholder
2339,com.catinthebox.dnsspeedtest,DNS Speed Test,Tools,High (1M-50M),"{'data_shared': [{'category': 'Location', 'sub_info': [{'data_type': 'Approximate location', 'purpose': 'Analytics - Advertising or marketing - Personalization', 'optional': False}]}], 'data_collected': [], 'security_practices': [{'category': 'Data is encrypted in transit', 'sub_info': []}, {'category': 'Data can’t be deleted', 'sub_info': []}]}","Notice. This page is a placeholder. The document that normally appears here is not available at this address. No statement about data handling, data collection, data sharing, tracking, storage, retention, disclosure or user rights is made on this page. Please check back later.",0,,1,null,privacy policy replaced by a contentless placeholder
2297,com.vido.particle.ly.lyrical.status.maker,Vido : Video Status Maker,Tools,Top (50M+),"{'data_shared': [], 'data_collected': [], 'security_practices': [{'category': 'Data is encrypted in transit', 'sub_info': []}, {'category': 'Data can’t be deleted', 'sub_info': []}]}","Notice. This page is a placeholder. The document that normally appears here is not available at this address. No statement about data handling, data collection, data sharing, tracking, storage, retention, disclosure or user rights is made on this page. Please check back later.",0,,1,null,privacy policy replaced by a contentless placeholder
1412,nexadeal.babyframe.meandmomphotoframe,Baby Photo Frame - Baby Story ,Photography,Mid (50K-1M),"{'data_shared': [], 'data_collected': [{'category': 'Device or other IDs', 'sub_info': [{'data_type': 'Device or other IDs', 'purpose': 'App functionality - Analytics - Fraud prevention - security - and compliance - Personalization - Account management', 'optional': True}]}], 'security_practices': [{'category': 'Data is encrypted in transit', 'sub_info': []}]}","Notice. This page is a placeholder. The document that normally appears here is not available at this address. No statement about data handling, data collection, data sharing, tracking, storage, retention, disclosure or user rights is made on this page. Please check back later.",0,,1,null,privacy policy replaced by a contentless placeholder
191,com.planescoloringbookfromuv.android,Planes Drawing & Coloring Book,Art & Design,Mid (50K-1M),"{'data_shared': [{'category': 'Device or other IDs', 'sub_info': [{'data_type': 'Device or other IDs', 'purpose': 'Analytics - Advertising or marketing', 'optional': False}]}], 'data_collected': [], 'security_practices': [{'category': 'Data is encrypted in transit', 'sub_info': []}, {'category': 'Data can’t be deleted', 'sub_info': []}]}","Notice. This page is a placeholder. The document that normally appears here is not available at this address. No statement about data handling, data collection, data sharing, tracking, storage, retention, disclosure or user rights is made on this page. Please check back later.",0,,1,null,privacy policy replaced by a contentless placeholder
700,com.myassist,MASSIST CRM,Business,Mid (50K-1M),"{'data_shared': [], 'data_collected': [], 'security_practices': [{'category': 'Data is encrypted in transit', 'sub_info': []}, {'category': 'You can request that data be deleted', 'sub_info': []}]}","Notice. This page is a placeholder. The document that normally appears here is not available at this address. No statement about data handling, data collection, data sharing, tracking, storage, retention, disclosure or user rights is made on this page. Please check back later.",0,,1,null,privacy policy replaced by a contentless placeholder
635,rps.water.insights.droid.jellybean,RPS Insight,Business,Low (<50K),"{'data_shared': [{'category': 'Personal info', 'sub_info': [{'data_type': 'Email address', 'purpose': 'App functionality - Fraud prevention - security - and compliance', 'optional': False}]}], 'data_collected': [{'category': 'Device or other IDs', 'sub_info': [{'data_type': 'Device or other IDs', 'purpose': 'App functionality - Analytics', 'optional': False}]}, {'category': 'Photos and videos', 'sub_info': [{'data_type': 'Photos', 'purpose': 'App functionality', 'optional': True}]}, {'category': 'App info and performance', 'sub_info': [{'data_type': 'Crash logs', 'purpose': 'Analytics', 'optional': False}, {'data_type': 'Diagnostics', 'purpose': 'Analytics', 'optional': False}, {'data_type': 'Other app performance data', 'purpose': 'Analytics', 'optional': False}]}, {'category': 'Location', 'sub_info': [{'data_type': 'Approximate location', 'purpose': 'App functionality', 'optional': False}, {'data_type': 'Precise location', 'purpose': 'App functionality', 'optional': False}]}, {'category': 'Messages', 'sub_info': [{'data_type': 'Emails', 'purpose': 'Analytics', 'optional': True}]}, {'category': 'Personal info', 'sub_info': [{'data_type': 'Email address', 'purpose': 'App functionality - Fraud prevention - security - and compliance', 'optional': False}]}], 'security_practices': [{'category': 'Data is encrypted in transit', 'sub_info': []}]}","Notice. This page is a placeholder. The document that normally appears here is not available at this address. No statement about data handling, data collection, data sharing, tracking, storage, retention, disclosure or user rights is made on this page. Please check back later.",0,,1,null,privacy policy replaced by a contentless placeholder
19,com.newsoftechsol.panaflex.banner.maker,Pana Flex Banner Maker in Urdu,Art & Design,Mid (50K-1M),"{'data_shared': [], 'data_collected': [], 'security_practices': [{'category': 'Data is encrypted in transit', 'sub_info': []}, {'category': 'You can request that data be deleted', 'sub_info': []}]}","Notice. This page is a placeholder. The document that normally appears here is not available at this address. No statement about data handling, data collection, data sharing, tracking, storage, retention, disclosure or user rights is made on this page. Please check back later.",0,,1,null,privacy policy replaced by a contentless placeholder
411,com.appactiva.jwtextodiariovideos,The Daily Text PLAY,Books & Reference,Mid (50K-1M),"{'data_shared': [{'category': 'Device or other IDs', 'sub_info': [{'data_type': 'Device or other IDs', 'purpose': 'Analytics - Advertising or marketing', 'optional': False}]}, {'category': 'App activity', 'sub_info': [{'data_type': 'App interactions', 'purpose': 'Analytics', 'optional': False}]}, {'category': 'Location', 'sub_info': [{'data_type': 'Precise location', 'purpose': 'Analytics - Developer communications - Advertising or marketing - Fraud prevention - security - and compliance', 'optional': False}]}, {'category': 'App info and performance', 'sub_info': [{'data_type': 'Crash logs', 'purpose': 'Analytics', 'optional': False}, {'data_type': 'Diagnostics', 'purpose': 'Analytics', 'optional': False}, {'data_type': 'Other app performance data', 'purpose': 'Analytics', 'optional': False}]}], 'data_collected': [], 'security_practices': [{'category': 'Data is encrypted in transit', 'sub_info': []}, {'category': 'Data can’t be deleted', 'sub_info': []}]}","Notice. This page is a placeholder. The document that normally appears here is not available at this address. No statement about data handling, data collection, data sharing, tracking, storage, retention, disclosure or user rights is made on this page. Please check back later.",0,,1,null,privacy policy replaced by a contentless placeholder
437,concordance.biblique.louis.segond.francaise,Concordance Biblique d'Etude,Books & Reference,Mid (50K-1M),"{'data_shared': [], 'data_collected': [{'category': 'Files and docs', 'sub_info': [{'data_type': 'Files and docs', 'purpose': 'App functionality', 'optional': True}]}, {'category': 'Location', 'sub_info': [{'data_type': 'Approximate location', 'purpose': 'Advertising or marketing', 'optional': False}]}, {'category': 'App info and performance', 'sub_info': [{'data_type': 'Crash logs', 'purpose': 'Analytics', 'optional': True}]}, {'category': 'Personal info', 'sub_info': [{'data_type': 'Email address', 'purpose': 'App functionality', 'optional': True}]}], 'security_practices': [{'category': 'Data is encrypted in transit', 'sub_info': []}, {'category': 'You can request that data be deleted', 'sub_info': []}]}","Notice. This page is a placeholder. The document that normally appears here is not available at this address. No statement about data handling, data collection, data sharing, tracking, storage, retention, disclosure or user rights is made on this page. Please check back later.",0,,1,null,privacy policy replaced by a contentless placeholder
449,com.fullreader,FullReader – e-book reader,Books & Reference,High (1M-50M),"{'data_shared': [{'category': 'App info and performance', 'sub_info': [{'data_type': 'Crash logs', 'purpose': 'Analytics', 'optional': False}, {'data_type': 'Diagnostics', 'purpose': 'Analytics', 'optional': False}]}, {'category': 'App activity', 'sub_info': [{'data_type': 'App interactions', 'purpose': 'Analytics', 'optional': False}]}], 'data_collected': [], 'security_practices': [{'category': 'Data is encrypted in transit', 'sub_info': []}, {'category': 'Data can’t be deleted', 'sub_info': []}]}","Notice. This page is a placeholder. The document that normally appears here is not available at this address. No statement about data handling, data collection, data sharing, tracking, storage, retention, disclosure or user rights is made on this page. Please check back later.",0,,1,null,privacy policy replaced by a contentless placeholder
289,com.photo.collage.editor.collagemaker,YouCollage photo editor maker,Beauty,Mid (50K-1M),"{'data_shared': [], 'data_collected': []}","Notice. This page is a placeholder. The document that normally appears here is not available at this address. No statement about data handling, data collection, data sharing, tracking, storage, retention, disclosure or user rights is made on this page. Please check back later.",0,,1,null,privacy policy replaced by a contentless placeholder
111,com.vvorld.fileconverter,"File to PDF Converter(AI, PSD)",Art & Design,Mid (50K-1M),"{'data_shared': [], 'data_collected': [], 'security_practices': [{'category': 'Data isn’t encrypted', 'sub_info': []}, {'category': 'Data can’t be deleted', 'sub_info': []}]}","Notice. This page is a placeholder. The document that normally appears here is not available at this address. No statement about data handling, data collection, data sharing, tracking, storage, retention, disclosure or user rights is made on this page. Please check back later.",0,,1,null,privacy policy replaced by a contentless placeholder
1025,jp.geot.trimaglobal,GeoSmile - Move to Earn Money,Lifestyle,Mid (50K-1M),"{'data_shared': [{'category': 'Personal info', 'sub_info': [{'data_type': 'Other info', 'purpose': 'Advertising or marketing - Personalization', 'optional': False}]}], 'data_collected': [{'category': 'Personal info', 'sub_info': [{'data_type': 'Other info', 'purpose': 'Advertising or marketing - Personalization', 'optional': False}]}, {'category': 'Location', 'sub_info': [{'data_type': 'Precise location', 'purpose': 'App functionality - Analytics - Advertising or marketing - Fraud prevention - security - and compliance - Personalization', 'optional': True}]}], 'security_practices': [{'category': 'Data is encrypted in transit', 'sub_info': []}, {'category': 'You can request that data be deleted', 'sub_info': []}]}","Notice. This page is a placeholder. The document that normally appears here is not available at this address. No statement about data handling, data collection, data sharing, tracking, storage, retention, disclosure or user rights is made on this page. Please check back later.",0,,1,null,privacy policy replaced by a contentless placeholder
1890,com.CSshopbrumleysexpressions.android,Brumleys Expressions,Shopping,Low (<50K),"{'data_shared': [{'category': 'Personal info', 'sub_info': [{'data_type': 'Name', 'purpose': 'Developer communications - Fraud prevention - security - and compliance - Personalization', 'optional': False}, {'data_type': 'Email address', 'purpose': 'Fraud prevention - security - and compliance', 'optional': False}, {'data_type': 'Address', 'purpose': 'App functionality - Fraud prevention - security - and compliance', 'optional': False}]}, {'category': 'Device or other IDs', 'sub_info': [{'data_type': 'Device or other IDs', 'purpose': 'App functionality - Analytics - Fraud prevention - security - and compliance', 'optional': False}]}, {'category': 'Location', 'sub_info': [{'data_type': 'Approximate location', 'purpose': 'App functionality - Fraud prevention - security - and compliance', 'optional': False}]}], 'data_collected': [{'category': 'Messages', 'sub_info': [{'data_type': 'Other in-app messages', 'purpose': 'App functionality - Account management', 'optional': True}]}, {'category': 'Personal info', 'sub_info': [{'data_type': 'Name', 'purpose': 'Developer communications - Fraud prevention - security - and compliance - Personalization', 'optional': False}, {'data_type': 'Email address', 'purpose': 'Fraud prevention - security - and compliance', 'optional': False}, {'data_type': 'Address', 'purpose': 'App functionality - Fraud prevention - security - and compliance', 'optional': False}]}, {'category': 'Device or other IDs', 'sub_info': [{'data_type': 'Device or other IDs', 'purpose': 'App functionality - Analytics - Fraud prevention - security - and compliance', 'optional': False}]}, {'category': 'Financial info', 'sub_info': [{'data_type': 'User payment info', 'purpose': 'App functionality - Fraud prevention - security - and compliance', 'optional': False}, {'data_type': 'Purchase history', 'purpose': 'App functionality - Fraud prevention - security - and compliance', 'optional': False}]}, {'category': 'Location', 'sub_info': [{'data_type': 'Approximate location', 'purpose': 'App functionality - Fraud prevention - security - and compliance', 'optional': False}]}], 'security_practices': [{'category': 'Data is encrypted in transit', 'sub_info': []}, {'category': 'You can request that data be deleted', 'sub_info': []}]}","Notice. This page is a placeholder. The document that normally appears here is not available at this address. No statement about data handling, data collection, data sharing, tracking, storage, retention, disclosure or user rights is made on this page. Please check back later.",0,,2,null,privacy policy replaced by a contentless placeholder
1891,com.CSthepearlreserve.android,The Pearl Reserve Boutique,Shopping,Low (<50K),"{'data_shared': [{'category': 'Device or other IDs', 'sub_info': [{'data_type': 'Device or other IDs', 'purpose': 'App functionality - Analytics - Fraud prevention - security - and compliance', 'optional': False}]}, {'category': 'Personal info', 'sub_info': [{'data_type': 'Name', 'purpose': 'Developer communications - Fraud prevention - security - and compliance - Personalization', 'optional': False}, {'data_type': 'Email address', 'purpose': 'Fraud prevention - security - and compliance', 'optional': False}, {'data_type': 'Address', 'purpose': 'App functionality - Fraud prevention - security - and compliance', 'optional': False}]}, {'category': 'Location', 'sub_info': [{'data_type': 'Approximate location', 'purpose': 'App functionality - Fraud prevention - security - and compliance', 'optional': False}]}], 'data_collected': [{'category': 'Device or other IDs', 'sub_info': [{'data_type': 'Device or other IDs', 'purpose': 'App functionality - Analytics - Fraud prevention - security - and compliance', 'optional': False}]}, {'category': 'Messages', 'sub_info': [{'data_type': 'Other in-app messages', 'purpose': 'App functionality - Account management', 'optional': True}]}, {'category': 'Personal info', 'sub_info': [{'data_type': 'Name', 'purpose': 'Developer communications - Fraud prevention - security - and compliance - Personalization', 'optional': False}, {'data_type': 'Email address', 'purpose': 'Fraud prevention - security - and compliance', 'optional': False}, {'data_type': 'Address', 'purpose': 'App functionality - Fraud prevention - security - and compliance', 'optional': False}]}, {'category': 'Financial info', 'sub_info': [{'data_type': 'User payment info', 'purpose': 'App functionality - Fraud prevention - security - and compliance', 'optional': False}, {'data_type': 'Purchase history', 'purpose': 'App functionality - Fraud prevention - security - and compliance', 'optional': False}]}, {'category': 'Location', 'sub_info': [{'data_type': 'Approximate location', 'purpose': 'App functionality - Fraud prevention - security - and compliance', 'optional': False}]}], 'security_practices': [{'category': 'Data is encrypted in transit', 'sub_info': []}, {'category': 'You can request that data be deleted', 'sub_info': []}]}","Notice. This page is a placeholder. The document that normally appears here is not available at this address. No statement about data handling, data collection, data sharing, tracking, storage, retention, disclosure or user rights is made on this page. Please check back later.",0,,2,null,privacy policy replaced by a contentless placeholder
2317,com.catalinagroup.callrecorder,Call Recorder - Cube ACR,Tools,High (1M-50M),"{'data_shared': [{'category': 'Device or other IDs', 'sub_info': [{'data_type': 'Device or other IDs', 'purpose': 'Analytics - Advertising or marketing', 'optional': False}]}, {'category': 'App activity', 'sub_info': [{'data_type': 'App interactions', 'purpose': 'Analytics', 'optional': False}]}], 'data_collected': [{'category': 'Device or other IDs', 'sub_info': [{'data_type': 'Device or other IDs', 'purpose': 'Analytics - Advertising or marketing', 'optional': False}]}, {'category': 'App activity', 'sub_info': [{'data_type': 'App interactions', 'purpose': 'Analytics', 'optional': False}]}, {'category': 'App info and performance', 'sub_info': [{'data_type': 'Crash logs', 'purpose': 'Analytics', 'optional': False}, {'data_type': 'Diagnostics', 'purpose': 'Analytics', 'optional': False}]}], 'security_practices': [{'category': 'Data is encrypted in transit', 'sub_info': []}, {'category': 'Data can’t be deleted', 'sub_info': []}]}","Notice. This page is a placeholder. The document that normally appears here is not available at this address. No statement about data handling, data collection, data sharing, tracking, storage, retention, disclosure or user rights is made on this page. Please check back later.",0,,1,null,privacy policy replaced by a contentless placeholder
604,com.issworld.wex.barclays,Be One,Business,Low (<50K),"{'data_shared': [], 'data_collected': []}","Notice. This page is a placeholder. The document that normally appears here is not available at this address. No statement about data handling, data collection, data sharing, tracking, storage, retention, disclosure or user rights is made on this page. Please check back later.",0,,1,null,privacy policy replaced by a contentless placeholder
1406,com.judi.autoblur,Auto blur: blur background,Photography,High (1M-50M),"{'data_shared': [], 'data_collected': [], 'security_practices': [{'category': 'Data is encrypted in transit', 'sub_info': []}, {'category': 'You can request that data be deleted', 'sub_info': []}]}","Notice. This page is a placeholder. The document that normally appears here is not available at this address. No statement about data handling, data collection, data sharing, tracking, storage, retention, disclosure or user rights is made on this page. Please check back later.",0,,1,null,privacy policy replaced by a contentless placeholder
2326,com.com.ifast.SADPToolMobile,SADP Tool Mobile,Tools,Mid (50K-1M),"{'data_shared': [], 'data_collected': []}","Notice. This page is a placeholder. The document that normally appears here is not available at this address. No statement about data handling, data collection, data sharing, tracking, storage, retention, disclosure or user rights is made on this page. Please check back later.",0,,1,null,privacy policy replaced by a contentless placeholder
1401,com.surmin.pinstaphoto,Instant Photo - PinstaPhoto,Photography,Mid (50K-1M),"{'data_shared': [{'category': 'App info and performance', 'sub_info': [{'data_type': 'Crash logs', 'purpose': 'Advertising or marketing', 'optional': False}, {'data_type': 'Diagnostics', 'purpose': 'Advertising or marketing', 'optional': False}]}, {'category': 'Location', 'sub_info': [{'data_type': 'Approximate location', 'purpose': 'Advertising or marketing', 'optional': False}]}, {'category': 'Device or other IDs', 'sub_info': [{'data_type': 'Device or other IDs', 'purpose': 'Advertising or marketing', 'optional': False}]}, {'category': 'App activity', 'sub_info': [{'data_type': 'App interactions', 'purpose': 'Advertising or marketing', 'optional': False}]}], 'data_collected': [{'category': 'App info and performance', 'sub_info': [{'data_type': 'Crash logs', 'purpose': 'Advertising or marketing', 'optional': False}, {'data_type': 'Diagnostics', 'purpose': 'Advertising or marketing', 'optional': False}]}, {'category': 'Location', 'sub_info': [{'data_type': 'Approximate location', 'purpose': 'Advertising or marketing', 'optional': False}]}, {'category': 'Device or other IDs', 'sub_info': [{'data_type': 'Device or other IDs', 'purpose': 'Advertising or marketing', 'optional': False}]}, {'category': 'App activity', 'sub_info': [{'data_type': 'App interactions', 'purpose': 'Advertising or marketing', 'optional': False}]}], 'security_practices': [{'category': 'Data is encrypted in transit', 'sub_info': []}, {'category': 'Data can’t be deleted', 'sub_info': []}]}","Notice. This page is a placeholder. The document that normally appears here is not available at this address. No statement about data handling, data collection, data sharing, tracking, storage, retention, disclosure or user rights is made on this page. Please check back later.",0,,1,null,privacy policy replaced by a contentless placeholder
1100,com.ikeyboard.theme.purplelove,Purple Love Emoji Keyboard,Lifestyle,Mid (50K-1M),"{'data_shared': [{'category': 'Device or other IDs', 'sub_info': [{'data_type': 'Device or other IDs', 'purpose': 'App functionality - Analytics - Advertising or marketing - Fraud prevention - security - and compliance - Personalization', 'optional': False}]}, {'category': 'App activity', 'sub_info': [{'data_type': 'App interactions', 'purpose': 'Analytics', 'optional': False}]}], 'data_collected': [{'category': 'Device or other IDs', 'sub_info': [{'data_type': 'Device or other IDs', 'purpose': 'App functionality - Analytics - Advertising or marketing - Fraud prevention - security - and compliance - Personalization', 'optional': False}]}, {'category': 'App activity', 'sub_info': [{'data_type': 'App interactions', 'purpose': 'Analytics', 'optional': False}]}], 'security_practices': [{'category': 'Data is encrypted in transit', 'sub_info': []}, {'category': 'Data can’t be deleted', 'sub_info': []}]}","Notice. This page is a placeholder. The document that normally appears here is not available at this address. No statement about data handling, data collection, data sharing, tracking, storage, retention, disclosure or user rights is made on this page. Please check back later.",0,,1,null,privacy policy replaced by a contentless placeholder
401,com.quran.labs.androidquran,Quran for Android,Books & Reference,Top (50M+),"{'data_shared': [], 'data_collected': [{'category': 'App info and performance', 'sub_info': [{'data_type': 'Crash logs', 'purpose': 'App functionality - Analytics', 'optional': False}, {'data_type': 'Diagnostics', 'purpose': 'App functionality - Analytics', 'optional': False}, {'data_type': 'Other app performance data', 'purpose': 'App functionality - Analytics', 'optional': False}]}, {'category': 'Device or other IDs', 'sub_info': [{'data_type': 'Device or other IDs', 'purpose': 'App functionality - Analytics', 'optional': False}]}, {'category': 'App activity', 'sub_info': [{'data_type': 'App interactions', 'purpose': 'App functionality - Analytics', 'optional': False}, {'data_type': 'Other actions', 'purpose': 'App functionality - Analytics', 'optional': False}]}], 'security_practices': [{'category': 'Data is encrypted in transit', 'sub_info': []}, {'category': 'Data can’t be deleted', 'sub_info': []}, {'category': 'Committed to follow the Play Families Policy', 'sub_info': []}]}","Notice. This page is a placeholder. The document that normally appears here is not available at this address. No statement about data handling, data collection, data sharing, tracking, storage, retention, disclosure or user rights is made on this page. Please check back later.",0,,1,null,privacy policy replaced by a contentless placeholder
1009,com.birthday.englishbirthdaysms,Happy Birthday Wishes Sms,Lifestyle,Mid (50K-1M),"{'data_shared': [{'category': 'Photos and videos', 'sub_info': [{'data_type': 'Photos', 'purpose': 'App functionality - Personalization', 'optional': False}, {'data_type': 'Videos', 'purpose': 'App functionality - Personalization', 'optional': False}]}, {'category': 'Contacts', 'sub_info': [{'data_type': 'Contacts', 'purpose': 'App functionality - Account management', 'optional': False}]}, {'category': 'Files and docs', 'sub_info': [{'data_type': 'Files and docs', 'purpose': 'App functionality', 'optional': False}]}, {'category': 'Audio', 'sub_info': [{'data_type': 'Voice or sound recordings', 'purpose': 'App functionality', 'optional': False}, {'data_type': 'Music files', 'purpose': 'App functionality', 'optional': False}, {'data_type': 'Other audio files', 'purpose': 'App functionality', 'optional': False}]}, {'category': 'App activity', 'sub_info': [{'data_type': 'Other user-generated content', 'purpose': 'App functionality - Fraud prevention - security - and compliance', 'optional': False}]}, {'category': 'Device or other IDs', 'sub_info': [{'data_type': 'Device or other IDs', 'purpose': 'Analytics - Advertising or marketing - Fraud prevention - security - and compliance', 'optional': False}]}, {'category': 'Messages', 'sub_info': [{'data_type': 'Other in-app messages', 'purpose': 'App functionality - Fraud prevention - security - and compliance', 'optional': False}]}, {'category': 'App info and performance', 'sub_info': [{'data_type': 'Crash logs', 'purpose': 'Analytics', 'optional': False}, {'data_type': 'Diagnostics', 'purpose': 'Analytics', 'optional': False}, {'data_type': 'Other app performance data', 'purpose': 'Analytics', 'optional': False}]}, {'category': 'Personal info', 'sub_info': [{'data_type': 'Name', 'purpose': 'App functionality', 'optional': False}, {'data_type': 'Email address', 'purpose': 'App functionality', 'optional': False}, {'data_type': 'User IDs', 'purpose': 'App functionality - Account management', 'optional': False}, {'data_type': 'Phone number', 'purpose': 'App functionality - Fraud prevention - security - and compliance', 'optional': False}]}, {'category': 'Location', 'sub_info': [{'data_type': 'Approximate location', 'purpose': 'App functionality - Analytics - Advertising or marketing - Fraud prevention - security - and compliance - Personalization', 'optional': False}, {'data_type': 'Precise location', 'purpose': 'App functionality', 'optional': False}]}], 'data_collected': [{'category': 'Location', 'sub_info': [{'data_type': 'Approximate location', 'purpose': 'App functionality - Analytics - Advertising or marketing - Fraud prevention - security - and compliance - Personalization', 'optional': False}, {'data_type': 'Precise location', 'purpose': 'App functionality', 'optional': False}]}], 'security_practices': [{'category': 'Data is encrypted in transit', 'sub_info': []}, {'category': 'Data can’t be deleted', 'sub_info': []}]}","Notice. This page is a placeholder. The document that normally appears here is not available at this address. No statement about data handling, data collection, data sharing, tracking, storage, retention, disclosure or user rights is made on this page. Please check back later.",0,,1,null,privacy policy replaced by a contentless placeholder
1873,com.flutter_use_redux.noracora,Noracora-Female Fashion Online,Shopping,Mid (50K-1M),"{'data_shared': [{'category': 'App activity', 'sub_info': [{'data_type': 'App interactions', 'purpose': 'Analytics', 'optional': False}, {'data_type': 'In-app search history', 'purpose': 'Analytics', 'optional': False}, {'data_type': 'Other user-generated content', 'purpose': 'Analytics', 'optional': False}]}, {'category': 'Messages', 'sub_info': [{'data_type': 'Emails', 'purpose': 'Analytics - Advertising or marketing - Fraud prevention - security - and compliance - Account management', 'optional': False}]}, {'category': 'Financial info', 'sub_info': [{'data_type': 'Purchase history', 'purpose': 'Analytics', 'optional': False}]}], 'data_collected': [{'category': 'App activity', 'sub_info': [{'data_type': 'App interactions', 'purpose': 'Analytics', 'optional': False}, {'data_type': 'In-app search history', 'purpose': 'Analytics', 'optional': False}, {'data_type': 'Other user-generated content', 'purpose': 'Analytics', 'optional': False}]}, {'category': 'Messages', 'sub_info': [{'data_type': 'Emails', 'purpose': 'Analytics - Advertising or marketing - Fraud prevention - security - and compliance - Account management', 'optional': False}]}, {'category': 'Financial info', 'sub_info': [{'data_type': 'Purchase history', 'purpose': 'Analytics', 'optional': False}]}, {'category': 'App info and performance', 'sub_info': [{'data_type': 'Diagnostics', 'purpose': 'Analytics', 'optional': False}, {'data_type': 'Other app performance data', 'purpose': 'Analytics', 'optional': False}]}], 'security_practices': [{'category': 'Data isn’t encrypted', 'sub_info': []}, {'category': 'You can request that data be deleted', 'sub_info': []}]}","Notice. This page is a placeholder. The document that normally appears here is not available at this address. No statement about data handling, data collection, data sharing, tracking, storage, retention, disclosure or user rights is made on this page. Please check back later.",0,,2,null,privacy policy replaced by a contentless placeholder
2096,bigprofilephoto.bigprofilepicture,Big Profile Photo,Social,High (1M-50M),"{'data_shared': [], 'data_collected': [{'category': 'Device or other IDs', 'sub_info': [{'data_type': 'Device or other IDs', 'purpose': 'Advertising or marketing', 'optional': False}]}, {'category': 'App info and performance', 'sub_info': [{'data_type': 'Crash logs', 'purpose': 'Analytics', 'optional': False}]}], 'security_practices': [{'category': 'Data is encrypted in transit', 'sub_info': []}, {'category': 'Data can’t be deleted', 'sub_info': []}]}","Notice. This page is a placeholder. The document that normally appears here is not available at this address. No statement about data handling, data collection, data sharing, tracking, storage, retention, disclosure or user rights is made on this page. Please check back later.",0,,1,null,privacy policy replaced by a contentless placeholder
609,com.kronos.workforceready,UKG Ready,Business,High (1M-50M),"{'data_shared': [], 'data_collected': [], 'security_practices': [{'category': 'Data is encrypted in transit', 'sub_info': []}, {'category': 'You can request that data be deleted', 'sub_info': []}]}","Notice. This page is a placeholder. The document that normally appears here is not available at this address. No statement about data handling, data collection, data sharing, tracking, storage, retention, disclosure or user rights is made on this page. Please check back later.",0,,1,null,privacy policy replaced by a contentless placeholder
1042,godbless.saint.bridget.prayers,15 Prayers of St. Bridget,Lifestyle,Low (<50K),"{'data_shared': [{'category': 'Device or other IDs', 'sub_info': [{'data_type': 'Device or other IDs', 'purpose': 'Advertising or marketing', 'optional': False}]}, {'category': 'App info and performance', 'sub_info': [{'data_type': 'Crash logs', 'purpose': 'App functionality - Analytics - Advertising or marketing', 'optional': False}]}, {'category': 'Location', 'sub_info': [{'data_type': 'Approximate location', 'purpose': 'Advertising or marketing', 'optional': False}]}], 'data_collected': [], 'security_practices': [{'category': 'Data is encrypted in transit', 'sub_info': []}, {'category': 'Data can’t be deleted', 'sub_info': []}]}","Notice. This page is a placeholder. The document that normally appears here is not available at this address. No statement about data handling, data collection, data sharing, tracking, storage, retention, disclosure or user rights is made on this page. Please check back later.",0,,1,null,privacy policy replaced by a contentless placeholder
477,com.appz.gowrikaappu,Gowri Kaappu - கௌரிக் காப்பு,Books & Reference,Low (<50K),"{'data_shared': [{'category': 'Device or other IDs', 'sub_info': [{'data_type': 'Device or other IDs', 'purpose': 'Advertising or marketing', 'optional': False}]}], 'data_collected': [], 'security_practices': [{'category': 'Data is encrypted in transit', 'sub_info': []}, {'category': 'Data can’t be deleted', 'sub_info': []}]}","Notice. This page is a placeholder. The document that normally appears here is not available at this address. No statement about data handling, data collection, data sharing, tracking, storage, retention, disclosure or user rights is made on this page. Please check back later.",0,,1,null,privacy policy replaced by a contentless placeholder
628,hr.apps.n154833048,MMP,Business,Low (<50K),"{'data_shared': [], 'data_collected': [{'category': 'Personal info', 'sub_info': [{'data_type': 'User IDs', 'purpose': 'App functionality - Account management', 'optional': False}]}], 'security_practices': [{'category': 'Data isn’t encrypted', 'sub_info': []}, {'category': 'You can request that data be deleted', 'sub_info': []}]}","Notice. This page is a placeholder. The document that normally appears here is not available at this address. No statement about data handling, data collection, data sharing, tracking, storage, retention, disclosure or user rights is made on this page. Please check back later.",0,,1,null,privacy policy replaced by a contentless placeholder
2222,cz.bukacek.filestosdcard,Files To SD Card or USB Drive,Tools,High (1M-50M),"{'data_shared': [{'category': 'Device or other IDs', 'sub_info': [{'data_type': 'Device or other IDs', 'purpose': 'Analytics - Advertising or marketing - Fraud prevention - security - and compliance', 'optional': False}]}, {'category': 'Location', 'sub_info': [{'data_type': 'Approximate location', 'purpose': 'Analytics - Advertising or marketing - Fraud prevention - security - and compliance', 'optional': False}]}, {'category': 'App info and performance', 'sub_info': [{'data_type': 'Diagnostics', 'purpose': 'Analytics - Advertising or marketing - Fraud prevention - security - and compliance', 'optional': False}]}, {'category': 'App activity', 'sub_info': [{'data_type': 'App interactions', 'purpose': 'Analytics - Advertising or marketing - Fraud prevention - security - and compliance', 'optional': False}]}], 'data_collected': [{'category': 'Device or other IDs', 'sub_info': [{'data_type': 'Device or other IDs', 'purpose': 'Analytics - Advertising or marketing - Fraud prevention - security - and compliance', 'optional': False}]}, {'category': 'Location', 'sub_info': [{'data_type': 'Approximate location', 'purpose': 'Analytics - Advertising or marketing - Fraud prevention - security - and compliance', 'optional': False}]}, {'category': 'App info and performance', 'sub_info': [{'data_type': 'Diagnostics', 'purpose': 'Analytics - Advertising or marketing - Fraud prevention - security - and compliance', 'optional': False}]}, {'category': 'App activity', 'sub_info': [{'data_type': 'App interactions', 'purpose': 'Analytics - Advertising or marketing - Fraud prevention - security - and compliance', 'optional': False}]}], 'security_practices': [{'category': 'Data is encrypted in transit', 'sub_info': []}, {'category': 'Data can’t be deleted', 'sub_info': []}]}","Notice. This page is a placeholder. The document that normally appears here is not available at this address. No statement about data handling, data collection, data sharing, tracking, storage, retention, disclosure or user rights is made on this page. Please check back later.",0,,1,null,privacy policy replaced by a contentless placeholder
623,com.ionicframework.shift2work221109,Shift2Work,Business,Low (<50K),"{'data_shared': [], 'data_collected': [{'category': 'App info and performance', 'sub_info': [{'data_type': 'Crash logs', 'purpose': 'Analytics', 'optional': False}]}, {'category': 'Files and docs', 'sub_info': [{'data_type': 'Files and docs', 'purpose': 'App functionality', 'optional': True}]}, {'category': 'Personal info', 'sub_info': [{'data_type': 'User IDs', 'purpose': 'App functionality - Fraud prevention - security - and compliance', 'optional': False}]}, {'category': 'Location', 'sub_info': [{'data_type': 'Approximate location', 'purpose': 'App functionality - Fraud prevention - security - and compliance', 'optional': False}, {'data_type': 'Precise location', 'purpose': 'App functionality - Fraud prevention - security - and compliance', 'optional': False}]}], 'security_practices': [{'category': 'Data is encrypted in transit', 'sub_info': []}, {'category': 'Data can’t be deleted', 'sub_info': []}]}","Notice. This page is a placeholder. The document that normally appears here is not available at this address. No statement about data handling, data collection, data sharing, tracking, storage, retention, disclosure or user rights is made on this page. Please check back later.",0,,1,null,privacy policy replaced by a contentless placeholder
1010,com.sendgroupsms.SaraswatiMataPoojaBook,सरस्वती माँ वंदना व प्रार्थना,Lifestyle,Mid (50K-1M),"{'data_shared': [{'category': 'Device or other IDs', 'sub_info': [{'data_type': 'Device or other IDs', 'purpose': 'Advertising or marketing', 'optional': False}]}, {'category': 'Location', 'sub_info': [{'data_type': 'Approximate location', 'purpose': 'Advertising or marketing', 'optional': False}, {'data_type': 'Precise location', 'purpose': 'Advertising or marketing', 'optional': False}]}], 'data_collected': [], 'security_practices': [{'category': 'Data is encrypted in transit', 'sub_info': []}, {'category': 'Data can’t be deleted', 'sub_info': []}]}","Notice. This page is a placeholder. The document that normally appears here is not available at this address. No statement about data handling, data collection, data sharing, tracking, storage, retention, disclosure or user rights is made on this page. Please check back later.",0,,1,null,privacy policy replaced by a contentless placeholder
632,com.canadapost.android,Canada Post,Business,High (1M-50M),"{'data_shared': [], 'data_collected': [{'category': 'Personal info', 'sub_info': [{'data_type': 'Name', 'purpose': 'App functionality - Personalization - Account management', 'optional': True}, {'data_type': 'Email address', 'purpose': 'App functionality - Personalization - Account management', 'optional': True}, {'data_type': 'User IDs', 'purpose': 'App functionality - Personalization - Account management', 'optional': True}, {'data_type': 'Address', 'purpose': 'App functionality - Personalization - Account management', 'optional': True}, {'data_type': 'Phone number', 'purpose': 'App functionality - Personalization - Account management', 'optional': True}, {'data_type': 'Other info', 'purpose': 'App functionality - Personalization - Account management', 'optional': True}]}, {'category': 'Location', 'sub_info': [{'data_type': 'Approximate location', 'purpose': 'App functionality - Personalization', 'optional': True}, {'data_type': 'Precise location', 'purpose': 'App functionality - Personalization', 'optional': True}]}, {'category': 'Financial info', 'sub_info': [{'data_type': 'User payment info', 'purpose': 'App functionality', 'optional': True}]}, {'category': 'App info and performance', 'sub_info': [{'data_type': 'Crash logs', 'purpose': 'Analytics', 'optional': False}]}, {'category': 'App activity', 'sub_info': [{'data_type': 'App interactions', 'purpose': 'App functionality', 'optional': True}]}], 'security_practices': [{'category': 'Data is encrypted in transit', 'sub_info': []}, {'category': 'Data can’t be deleted', 'sub_info': []}]}","Notice. This page is a placeholder. The document that normally appears here is not available at this address. No statement about data handling, data collection, data sharing, tracking, storage, retention, disclosure or user rights is made on this page. Please check back later.",0,,1,null,privacy policy replaced by a contentless placeholder
831,com.robtheis.android.phrasebook.jl.bc,Ilocano Basic Phrases,Communication,Mid (50K-1M),"{'data_shared': [{'category': 'Device or other IDs', 'sub_info': [{'data_type': 'Device or other IDs', 'purpose': 'Advertising or marketing', 'optional': False}]}, {'category': 'App activity', 'sub_info': [{'data_type': 'App interactions', 'purpose': 'Advertising or marketing', 'optional': False}]}, {'category': 'App info and performance', 'sub_info': [{'data_type': 'Crash logs', 'purpose': 'Advertising or marketing', 'optional': False}, {'data_type': 'Diagnostics', 'purpose': 'Advertising or marketing', 'optional': False}]}], 'data_collected': [], 'security_practices': [{'category': 'Data is encrypted in transit', 'sub_info': []}, {'category': 'Data can’t be deleted', 'sub_info': []}]}","Notice. This page is a placeholder. The document that normally appears here is not available at this address. No statement about data handling, data collection, data sharing, tracking, storage, retention, disclosure or user rights is made on this page. Please check back later.",0,,1,null,privacy policy replaced by a contentless placeholder
340,com.microdev.QuelTypeDeFilleEsTuTestDePersonnalite,Quel Type de Fille es-tu ?,Beauty,Mid (50K-1M),"{'data_shared': [], 'data_collected': [], 'security_practices': [{'category': 'Data is encrypted in transit', 'sub_info': []}, {'category': 'You can request that data be deleted', 'sub_info': []}]}","Notice. This page is a placeholder. The document that normally appears here is not available at this address. No statement about data handling, data collection, data sharing, tracking, storage, retention, disclosure or user rights is made on this page. Please check back later.",0,,1,null,privacy policy replaced by a contentless placeholder
407,com.quyet.dtdauto.motodata,MOTODATA,Books & Reference,Mid (50K-1M),"{'data_shared': [], 'data_collected': [{'category': 'Device or other IDs', 'sub_info': [{'data_type': 'Device or other IDs', 'purpose': 'App functionality - Developer communications', 'optional': False}]}], 'security_practices': [{'category': 'Data isn’t encrypted', 'sub_info': []}, {'category': 'You can request that data be deleted', 'sub_info': []}]}","Notice. This page is a placeholder. The document that normally appears here is not available at this address. No statement about data handling, data collection, data sharing, tracking, storage, retention, disclosure or user rights is made on this page. Please check back later.",0,,1,null,privacy policy replaced by a contentless placeholder
305,com.blink.beautycam.facemakeup.photoeditor,Blink Beauty Cam: Photo Makeup,Beauty,High (1M-50M),"{'data_shared': [{'category': 'Photos and videos', 'sub_info': [{'data_type': 'Photos', 'purpose': 'App functionality', 'optional': False}]}, {'category': 'Device or other IDs', 'sub_info': [{'data_type': 'Device or other IDs', 'purpose': 'Analytics', 'optional': False}]}], 'data_collected': [], 'security_practices': [{'category': 'Data is encrypted in transit', 'sub_info': []}, {'category': 'Data can’t be deleted', 'sub_info': []}]}","Notice. This page is a placeholder. The document that normally appears here is not available at this address. No statement about data handling, data collection, data sharing, tracking, storage, retention, disclosure or user rights is made on this page. Please check back later.",0,,1,null,privacy policy replaced by a contentless placeholder
2011,com.buddhistshaadi.android,Buddhist Matrimony by Shaadi,Social,Mid (50K-1M),"{'data_shared': [{'category': 'Messages', 'sub_info': [{'data_type': 'Emails', 'purpose': 'Fraud prevention - security - and compliance', 'optional': False}, {'data_type': 'SMS or MMS', 'purpose': 'App functionality - Fraud prevention - security - and compliance', 'optional': False}]}, {'category': 'Photos and videos', 'sub_info': [{'data_type': 'Photos', 'purpose': 'App functionality - Fraud prevention - security - and compliance', 'optional': False}]}, {'category': 'App activity', 'sub_info': [{'data_type': 'Other user-generated content', 'purpose': 'App functionality', 'optional': False}]}, {'category': 'Personal info', 'sub_info': [{'data_type': 'Name', 'purpose': 'App functionality - Fraud prevention - security - and compliance', 'optional': False}, {'data_type': 'Email address', 'purpose': 'App functionality - Fraud prevention - security - and compliance', 'optional': False}, {'data_type': 'Address', 'purpose': 'App functionality - Fraud prevention - security - and compliance', 'optional': False}, {'data_type': 'Phone number', 'purpose': 'App functionality - Fraud prevention - security - and compliance', 'optional': False}, {'data_type': 'Race and ethnicity', 'purpose': 'App functionality - Fraud prevention - security - and compliance - Personalization', 'optional': False}, {'data_type': 'Other info', 'purpose': 'App functionality - Fraud prevention - security - and compliance', 'optional': False}]}, {'category': 'Location', 'sub_info': [{'data_type': 'Approximate location', 'purpose': 'App functionality - Personalization', 'optional': False}, {'data_type': 'Precise location', 'purpose': 'App functionality - Personalization', 'optional': False}]}, {'category': 'Financial info', 'sub_info': [{'data_type': 'Other financial info', 'purpose': 'App functionality', 'optional': False}]}, {'category': 'Health and fitness', 'sub_info': [{'data_type': 'Health info', 'purpose': 'App functionality', 'optional': False}]}], 'data_collected': [{'category': 'Messages', 'sub_info': [{'data_type': 'Emails', 'purpose': 'Fraud prevention - security - and compliance', 'optional': False}, {'data_type': 'SMS or MMS', 'purpose': 'App functionality - Fraud prevention - security - and compliance', 'optional': False}]}, {'category': 'Device or other IDs', 'sub_info': [{'data_type': 'Device or other IDs', 'purpose': 'App functionality - Analytics - Developer communications - Advertising or marketing - Fraud prevention - security - and compliance', 'optional': False}]}, {'category': 'Photos and videos', 'sub_info': [{'data_type': 'Photos', 'purpose': 'App functionality - Fraud prevention - security - and compliance', 'optional': False}]}, {'category': 'Files and docs', 'sub_info': [{'data_type': 'Files and docs', 'purpose': 'App functionality - Fraud prevention - security - and compliance - Account management', 'optional': False}]}, {'category': 'App activity', 'sub_info': [{'data_type': 'Other user-generated content', 'purpose': 'App functionality', 'optional': False}]}, {'category': 'Personal info', 'sub_info': [{'data_type': 'Name', 'purpose': 'App functionality - Fraud prevention - security - and compliance', 'optional': False}, {'data_type': 'Email address', 'purpose': 'App functionality - Fraud prevention - security - and compliance', 'optional': False}, {'data_type': 'Address', 'purpose': 'App functionality - Fraud prevention - security - and compliance', 'optional': False}, {'data_type': 'Phone number', 'purpose': 'App functionality - Fraud prevention - security - and compliance', 'optional': False}, {'data_type': 'Race and ethnicity', 'purpose': 'App functionality - Fraud prevention - security - and compliance - Personalization', 'optional': False}, {'data_type': 'Other info', 'purpose': 'App functionality - Fraud prevention - security - and compliance', 'optional': False}]}, {'category': 'Location', 'sub_info': [{'data_type': 'Approximate location', 'purpose': 'App functionality - Personalization', 'optional': False}, {'data_type': 'Precise location', 'purpose': 'App functionality - Personalization', 'optional': False}]}, {'category': 'Financial info', 'sub_info': [{'data_type': 'Other financial info', 'purpose': 'App functionality', 'optional': False}]}, {'category': 'App info and performance', 'sub_info': [{'data_type': 'Crash logs', 'purpose': 'App functionality - Analytics - Developer communications', 'optional': False}, {'data_type': 'Diagnostics', 'purpose': 'App functionality - Analytics - Developer communications', 'optional': False}, {'data_type': 'Other app performance data', 'purpose': 'App functionality - Analytics - Developer communications', 'optional': False}]}, {'category': 'Health and fitness', 'sub_info': [{'data_type': 'Health info', 'purpose': 'App functionality', 'optional': False}]}], 'security_practices': [{'category': 'Data is encrypted in transit', 'sub_info': []}, {'category': 'You can request that data be deleted', 'sub_info': []}]}","Notice. This page is a placeholder. The document that normally appears here is not available at this address. No statement about data handling, data collection, data sharing, tracking, storage, retention, disclosure or user rights is made on this page. Please check back later.",0,,2,null,privacy policy replaced by a contentless placeholder
608,com.hcmtogo.workforceready,HCMToGo,Business,Mid (50K-1M),"{'data_shared': [], 'data_collected': [], 'security_practices': [{'category': 'Data is encrypted in transit', 'sub_info': []}, {'category': 'You can request that data be deleted', 'sub_info': []}]}","Notice. This page is a placeholder. The document that normally appears here is not available at this address. No statement about data handling, data collection, data sharing, tracking, storage, retention, disclosure or user rights is made on this page. Please check back later.",0,,1,null,privacy policy replaced by a contentless placeholder
2258,com.defianttech.diskdigger,DiskDigger photo recovery,Tools,Top (50M+),"{'data_shared': [], 'data_collected': [], 'security_practices': [{'category': 'Data is encrypted in transit', 'sub_info': []}]}","Notice. This page is a placeholder. The document that normally appears here is not available at this address. No statement about data handling, data collection, data sharing, tracking, storage, retention, disclosure or user rights is made on this page. Please check back later.",0,,1,null,privacy policy replaced by a contentless placeholder
287,com.sweetface.camera.livefilters,Sweet Face Camera Live Filters,Beauty,Mid (50K-1M),"{'data_shared': [{'category': 'App activity', 'sub_info': [{'data_type': 'App interactions', 'purpose': 'Analytics - Advertising or marketing - Fraud prevention - security - and compliance', 'optional': False}]}, {'category': 'Location', 'sub_info': [{'data_type': 'Approximate location', 'purpose': 'Analytics - Advertising or marketing - Fraud prevention - security - and compliance', 'optional': False}]}, {'category': 'App info and performance', 'sub_info': [{'data_type': 'Diagnostics', 'purpose': 'Analytics - Advertising or marketing - Fraud prevention - security - and compliance', 'optional': False}]}, {'category': 'Device or other IDs', 'sub_info': [{'data_type': 'Device or other IDs', 'purpose': 'Analytics - Advertising or marketing - Fraud prevention - security - and compliance', 'optional': False}]}], 'data_collected': [{'category': 'App activity', 'sub_info': [{'data_type': 'App interactions', 'purpose': 'Analytics - Advertising or marketing - Fraud prevention - security - and compliance', 'optional': False}]}, {'category': 'Location', 'sub_info': [{'data_type': 'Approximate location', 'purpose': 'Analytics - Advertising or marketing - Fraud prevention - security - and compliance', 'optional': False}]}, {'category': 'App info and performance', 'sub_info': [{'data_type': 'Diagnostics', 'purpose': 'Analytics - Advertising or marketing - Fraud prevention - security - and compliance', 'optional': False}]}, {'category': 'Device or other IDs', 'sub_info': [{'data_type': 'Device or other IDs', 'purpose': 'Analytics - Advertising or marketing - Fraud prevention - security - and compliance', 'optional': False}]}], 'security_practices': [{'category': 'Data is encrypted in transit', 'sub_info': []}]}","Notice. This page is a placeholder. The document that normally appears here is not available at this address. No statement about data handling, data collection, data sharing, tracking, storage, retention, disclosure or user rights is made on this page. Please check back later.",0,,1,null,privacy policy replaced by a contentless placeholder
2327,com.setupvpn.main,SetupVPN,Tools,Mid (50K-1M),"{'data_shared': [], 'data_collected': [{'category': 'Location', 'sub_info': [{'data_type': 'Approximate location', 'purpose': 'App functionality - Analytics - Developer communications - Advertising or marketing - Fraud prevention - security - and compliance - Account management', 'optional': False}]}, {'category': 'Financial info', 'sub_info': [{'data_type': 'Purchase history', 'purpose': 'App functionality - Fraud prevention - security - and compliance - Account management', 'optional': False}]}, {'category': 'Personal info', 'sub_info': [{'data_type': 'Email address', 'purpose': 'App functionality - Analytics - Developer communications - Advertising or marketing - Fraud prevention - security - and compliance - Account management', 'optional': False}, {'data_type': 'User IDs', 'purpose': 'App functionality - Analytics - Developer communications - Advertising or marketing - Fraud prevention - security - and compliance - Account management', 'optional': False}]}, {'category': 'Messages', 'sub_info': [{'data_type': 'Emails', 'purpose': 'App functionality - Analytics - Developer communications - Advertising or marketing - Fraud prevention - security - and compliance - Account management', 'optional': False}]}, {'category': 'App activity', 'sub_info': [{'data_type': 'App interactions', 'purpose': 'App functionality - Analytics - Developer communications - Advertising or marketing - Fraud prevention - security - and compliance - Account management', 'optional': False}]}], 'security_practices': [{'category': 'Data is encrypted in transit', 'sub_info': []}, {'category': 'You can request that data be deleted', 'sub_info': []}]}","Notice. This page is a placeholder. The document that normally appears here is not available at this address. No statement about data handling, data collection, data sharing, tracking, storage, retention, disclosure or user rights is made on this page. Please check back later.",0,,1,null,privacy policy replaced by a contentless placeholder
2042,com.moonbbs.android,北美微论坛 MoonBBS.com,Social,Low (<50K),"{'data_shared': [{'category': 'Device or other IDs', 'sub_info': [{'data_type': 'Device or other IDs', 'purpose': 'Analytics - Advertising or marketing', 'optional': False}]}], 'data_collected': [{'category': 'App info and performance', 'sub_info': [{'data_type': 'Crash logs', 'purpose': 'Analytics', 'optional': False}]}, {'category': 'Messages', 'sub_info': [{'data_type': 'Other in-app messages', 'purpose': 'App functionality', 'optional': False}]}, {'category': 'Personal info', 'sub_info': [{'data_type': 'Name', 'purpose': 'App functionality - Account management', 'optional': False}, {'data_type': 'Email address', 'purpose': 'App functionality - Account management', 'optional': False}, {'data_type': 'User IDs', 'purpose': 'App functionality - Analytics - Account management', 'optional': False}, {'data_type': 'Address', 'purpose': 'Account management', 'optional': True}, {'data_type': 'Phone number', 'purpose': 'Account management', 'optional': True}]}, {'category': 'Photos and videos', 'sub_info': [{'data_type': 'Photos', 'purpose': 'App functionality', 'optional': True}]}, {'category': 'Device or other IDs', 'sub_info': [{'data_type': 'Device or other IDs', 'purpose': 'Analytics - Advertising or marketing', 'optional': False}]}, {'category': 'Location', 'sub_info': [{'data_type': 'Approximate location', 'purpose': 'App functionality', 'optional': True}, {'data_type': 'Precise location', 'purpose': 'App functionality', 'optional': True}]}, {'category': 'App activity', 'sub_info': [{'data_type': 'App interactions', 'purpose': 'Analytics', 'optional': False}, {'data_type': 'Other actions', 'purpose': 'App functionality', 'optional': False}]}], 'security_practices': [{'category': 'Data is encrypted in transit', 'sub_info': []}, {'category': 'You can request that data be deleted', 'sub_info': []}]}","Notice. This page is a placeholder. The document that normally appears here is not available at this address. No statement about data handling, data collection, data sharing, tracking, storage, retention, disclosure or user rights is made on this page. Please check back later.",0,,1,null,privacy policy replaced by a contentless placeholder
619,quinyx.mobile,Quinyx Mobile,Business,Mid (50K-1M),"{'data_shared': [], 'data_collected': [{'category': 'Device or other IDs', 'sub_info': [{'data_type': 'Device or other IDs', 'purpose': 'App functionality - Analytics', 'optional': False}]}, {'category': 'App info and performance', 'sub_info': [{'data_type': 'Crash logs', 'purpose': 'App functionality - Analytics', 'optional': False}, {'data_type': 'Diagnostics', 'purpose': 'App functionality - Analytics', 'optional': False}, {'data_type': 'Other app performance data', 'purpose': 'App functionality - Analytics', 'optional': False}]}, {'category': 'Files and docs', 'sub_info': [{'data_type': 'Files and docs', 'purpose': 'App functionality', 'optional': True}]}, {'category': 'Personal info', 'sub_info': [{'data_type': 'Name', 'purpose': 'App functionality', 'optional': False}, {'data_type': 'Email address', 'purpose': 'App functionality', 'optional': False}, {'data_type': 'User IDs', 'purpose': 'App functionality - Analytics', 'optional': False}]}], 'security_practices': [{'category': 'Data is encrypted in transit', 'sub_info': []}, {'category': 'Data can’t be deleted', 'sub_info': []}]}","Notice. This page is a placeholder. The document that normally appears here is not available at this address. No statement about data handling, data collection, data sharing, tracking, storage, retention, disclosure or user rights is made on this page. Please check back later.",0,,1,null,privacy policy replaced by a contentless placeholder
302,photoeditor.haircolorideas.haircolorchanger.hairstyles,Photo editor: Hair Color Ideas,Beauty,Mid (50K-1M),"{'data_shared': [], 'data_collected': [], 'security_practices': [{'category': 'Data is encrypted in transit', 'sub_info': []}, {'category': 'Data can’t be deleted', 'sub_info': []}]}","Notice. This page is a placeholder. The document that normally appears here is not available at this address. No statement about data handling, data collection, data sharing, tracking, storage, retention, disclosure or user rights is made on this page. Please check back later.",0,,1,null,privacy policy replaced by a contentless placeholder
420,com.lenovo.psrefapp,Lenovo PSREF,Books & Reference,Mid (50K-1M),"{'data_shared': [], 'data_collected': [{'category': 'Device or other IDs', 'sub_info': [{'data_type': 'Device or other IDs', 'purpose': 'Analytics', 'optional': False}]}, {'category': 'Calendar', 'sub_info': [{'data_type': 'Calendar events', 'purpose': 'App functionality', 'optional': False}]}, {'category': 'Personal info', 'sub_info': [{'data_type': 'Name', 'purpose': 'Developer communications', 'optional': True}, {'data_type': 'Email address', 'purpose': 'Developer communications', 'optional': True}, {'data_type': 'User IDs', 'purpose': 'App functionality', 'optional': False}, {'data_type': 'Phone number', 'purpose': 'App functionality', 'optional': False}]}, {'category': 'App info and performance', 'sub_info': [{'data_type': 'Crash logs', 'purpose': 'Analytics', 'optional': False}, {'data_type': 'Diagnostics', 'purpose': 'Analytics', 'optional': False}]}, {'category': 'Location', 'sub_info': [{'data_type': 'Precise location', 'purpose': 'App functionality - Analytics', 'optional': False}]}, {'category': 'Photos and videos', 'sub_info': [{'data_type': 'Photos', 'purpose': 'App functionality', 'optional': True}, {'data_type': 'Videos', 'purpose': 'App functionality', 'optional': True}]}, {'category': 'Web browsing', 'sub_info': [{'data_type': 'Web browsing history', 'purpose': 'App functionality', 'optional': False}]}, {'category': 'Contacts', 'sub_info': [{'data_type': 'Contacts', 'purpose': 'App functionality', 'optional': False}]}, {'category': 'App activity', 'sub_info': [{'data_type': 'App interactions', 'purpose': 'App functionality', 'optional': False}, {'data_type': 'In-app search history', 'purpose': 'App functionality', 'optional': False}, {'data_type': 'Installed apps', 'purpose': 'App functionality', 'optional': False}, {'data_type': 'Other user-generated content', 'purpose': 'App functionality', 'optional': False}, {'data_type': 'Other actions', 'purpose': 'App functionality', 'optional': False}]}, {'category': 'Files and docs', 'sub_info': [{'data_type': 'Files and docs', 'purpose': 'App functionality', 'optional': True}]}, {'category': 'Messages', 'sub_info': [{'data_type': 'Emails', 'purpose': 'App functionality', 'optional': False}, {'data_type': 'Other in-app messages', 'purpose': 'App functionality', 'optional': False}]}], 'security_practices': [{'category': 'Data isn’t encrypted', 'sub_info': []}, {'category': 'Data can’t be deleted', 'sub_info': []}]}","Notice. This page is a placeholder. The document that normally appears here is not available at this address. No statement about data handling, data collection, data sharing, tracking, storage, retention, disclosure or user rights is made on this page. Please check back later.",0,,1,null,privacy policy replaced by a contentless placeholder
2063,com.chat.ruletka,Chatruletka – Video Chat,Social,High (1M-50M),"{'data_shared': [{'category': 'Audio', 'sub_info': [{'data_type': 'Voice or sound recordings', 'purpose': 'App functionality', 'optional': False}]}, {'category': 'Location', 'sub_info': [{'data_type': 'Approximate location', 'purpose': 'App functionality - Personalization', 'optional': False}]}, {'category': 'Photos and videos', 'sub_info': [{'data_type': 'Videos', 'purpose': 'App functionality', 'optional': False}]}, {'category': 'Messages', 'sub_info': [{'data_type': 'Other in-app messages', 'purpose': 'App functionality', 'optional': False}]}], 'data_collected': [{'category': 'App info and performance', 'sub_info': [{'data_type': 'Crash logs', 'purpose': 'Analytics', 'optional': False}, {'data_type': 'Diagnostics', 'purpose': 'Analytics', 'optional': False}]}, {'category': 'Audio', 'sub_info': [{'data_type': 'Voice or sound recordings', 'purpose': 'App functionality', 'optional': False}]}, {'category': 'App activity', 'sub_info': [{'data_type': 'App interactions', 'purpose': 'Analytics', 'optional': False}]}, {'category': 'Location', 'sub_info': [{'data_type': 'Approximate location', 'purpose': 'App functionality - Personalization', 'optional': False}]}, {'category': 'Photos and videos', 'sub_info': [{'data_type': 'Videos', 'purpose': 'App functionality', 'optional': False}]}, {'category': 'Device or other IDs', 'sub_info': [{'data_type': 'Device or other IDs', 'purpose': 'Fraud prevention - security - and compliance', 'optional': False}]}, {'category': 'Personal info', 'sub_info': [{'data_type': 'Email address', 'purpose': 'Fraud prevention - security - and compliance', 'optional': True}, {'data_type': 'User IDs', 'purpose': 'App functionality - Fraud prevention - security - and compliance - Account management', 'optional': False}]}, {'category': 'Messages', 'sub_info': [{'data_type': 'Other in-app messages', 'purpose': 'App functionality', 'optional': False}]}, {'category': 'Financial info', 'sub_info': [{'data_type': 'Purchase history', 'purpose': 'Analytics', 'optional': False}]}], 'security_practices': [{'category': 'Data is encrypted in transit', 'sub_info': []}, {'category': 'You can request that data be deleted', 'sub_info': []}]}","Notice. This page is a placeholder. The document that normally appears here is not available at this address. No statement about data handling, data collection, data sharing, tracking, storage, retention, disclosure or user rights is made on this page. Please check back later.",0,,1,null,privacy policy replaced by a contentless placeholder
291,mehndi.design.app,Mehndi Design App: Photo Video,Beauty,Mid (50K-1M),"{'data_shared': [], 'data_collected': [{'category': 'Device or other IDs', 'sub_info': [{'data_type': 'Device or other IDs', 'purpose': 'App functionality - Analytics - Developer communications - Advertising or marketing - Fraud prevention - security - and compliance - Personalization - Account management', 'optional': True}]}], 'security_practices': [{'category': 'Data isn’t encrypted', 'sub_info': []}, {'category': 'Data can’t be deleted', 'sub_info': []}]}","Notice. This page is a placeholder. The document that normally appears here is not available at this address. No statement about data handling, data collection, data sharing, tracking, storage, retention, disclosure or user rights is made on this page. Please check back later.",0,,1,null,privacy policy replaced by a contentless placeholder
841,com.sipnetic.app,Sipnetic,Communication,Mid (50K-1M),"{'data_shared': [], 'data_collected': [{'category': 'Personal info', 'sub_info': [{'data_type': 'User IDs', 'purpose': 'App functionality', 'optional': True}, {'data_type': 'Phone number', 'purpose': 'App functionality', 'optional': True}]}, {'category': 'Contacts', 'sub_info': [{'data_type': 'Contacts', 'purpose': 'App functionality', 'optional': True}]}], 'security_practices': [{'category': 'Data is encrypted in transit', 'sub_info': []}, {'category': 'Data can’t be deleted', 'sub_info': []}]}","Notice. This page is a placeholder. The document that normally appears here is not available at this address. No statement about data handling, data collection, data sharing, tracking, storage, retention, disclosure or user rights is made on this page. Please check back later.",0,,1,null,privacy policy replaced by a contentless placeholder
1889,com.CSthreelittlemingos.android,Three Little Mingos,Shopping,Low (<50K),"{'data_shared': [{'category': 'Personal info', 'sub_info': [{'data_type': 'Name', 'purpose': 'Developer communications - Fraud prevention - security - and compliance - Personalization', 'optional': False}, {'data_type': 'Email address', 'purpose': 'Fraud prevention - security - and compliance', 'optional': False}, {'data_type': 'Address', 'purpose': 'App functionality - Fraud prevention - security - and compliance', 'optional': False}]}, {'category': 'Device or other IDs', 'sub_info': [{'data_type': 'Device or other IDs', 'purpose': 'App functionality - Analytics - Fraud prevention - security - and compliance', 'optional': False}]}, {'category': 'Location', 'sub_info': [{'data_type': 'Approximate location', 'purpose': 'App functionality - Fraud prevention - security - and compliance', 'optional': False}]}], 'data_collected': [{'category': 'Personal info', 'sub_info': [{'data_type': 'Name', 'purpose': 'Developer communications - Fraud prevention - security - and compliance - Personalization', 'optional': False}, {'data_type': 'Email address', 'purpose': 'Fraud prevention - security - and compliance', 'optional': False}, {'data_type': 'Address', 'purpose': 'App functionality - Fraud prevention - security - and compliance', 'optional': False}]}, {'category': 'Device or other IDs', 'sub_info': [{'data_type': 'Device or other IDs', 'purpose': 'App functionality - Analytics - Fraud prevention - security - and compliance', 'optional': False}]}, {'category': 'Location', 'sub_info': [{'data_type': 'Approximate location', 'purpose': 'App functionality - Fraud prevention - security - and compliance', 'optional': False}]}, {'category': 'Financial info', 'sub_info': [{'data_type': 'User payment info', 'purpose': 'App functionality - Fraud prevention - security - and compliance', 'optional': False}, {'data_type': 'Purchase history', 'purpose': 'App functionality - Fraud prevention - security - and compliance', 'optional': False}]}, {'category': 'Messages', 'sub_info': [{'data_type': 'Other in-app messages', 'purpose': 'App functionality - Account management', 'optional': True}]}], 'security_practices': [{'category': 'Data is encrypted in transit', 'sub_info': []}, {'category': 'You can request that data be deleted', 'sub_info': []}]}","Notice. This page is a placeholder. The document that normally appears here is not available at this address. No statement about data handling, data collection, data sharing, tracking, storage, retention, disclosure or user rights is made on this page. Please check back later.",0,,2,null,privacy policy replaced by a contentless placeholder
2338,braveheart.apps.apkinstaller,Apk Installer,Tools,High (1M-50M),"{'data_shared': [{'category': 'Location', 'sub_info': [{'data_type': 'Approximate location', 'purpose': 'Advertising or marketing', 'optional': False}]}, {'category': 'App activity', 'sub_info': [{'data_type': 'App interactions', 'purpose': 'Advertising or marketing', 'optional': False}]}, {'category': 'Device or other IDs', 'sub_info': [{'data_type': 'Device or other IDs', 'purpose': 'Advertising or marketing', 'optional': False}]}, {'category': 'App info and performance', 'sub_info': [{'data_type': 'Crash logs', 'purpose': 'Advertising or marketing', 'optional': False}]}], 'data_collected': [], 'security_practices': [{'category': 'Data is encrypted in transit', 'sub_info': []}, {'category': 'Data can’t be deleted', 'sub_info': []}]}","Notice. This page is a placeholder. The document that normally appears here is not available at this address. No statement about data handling, data collection, data sharing, tracking, storage, retention, disclosure or user rights is made on this page. Please check back later.",0,,1,null,privacy policy replaced by a contentless placeholder
878,com.picmax.wemoji,Wemoji - WhatsApp Sticker Make,Communication,Top (50M+),"{'data_shared': [{'category': 'App activity', 'sub_info': [{'data_type': 'App interactions', 'purpose': 'Analytics - Advertising or marketing', 'optional': False}]}, {'category': 'Location', 'sub_info': [{'data_type': 'Approximate location', 'purpose': 'Analytics - Advertising or marketing', 'optional': False}]}, {'category': 'App info and performance', 'sub_info': [{'data_type': 'Crash logs', 'purpose': 'Analytics - Advertising or marketing', 'optional': False}, {'data_type': 'Diagnostics', 'purpose': 'Analytics - Advertising or marketing', 'optional': False}]}, {'category': 'Device or other IDs', 'sub_info': [{'data_type': 'Device or other IDs', 'purpose': 'Analytics - Advertising or marketing', 'optional': False}]}], 'data_collected': [], 'security_practices': [{'category': 'Data is encrypted in transit', 'sub_info': []}]}","Notice. This page is a placeholder. The document that normally appears here is not available at this address. No statement about data handling, data collection, data sharing, tracking, storage, retention, disclosure or user rights is made on this page. Please check back later.",0,,1,null,privacy policy replaced by a contentless placeholder
642,com.samyak,Doc to PDF Converter xls ppt,Business,High (1M-50M),"{'data_shared': [{'category': 'App info and performance', 'sub_info': [{'data_type': 'Crash logs', 'purpose': 'Analytics', 'optional': False}, {'data_type': 'Diagnostics', 'purpose': 'Analytics', 'optional': False}]}], 'data_collected': [{'category': 'Files and docs', 'sub_info': [{'data_type': 'Files and docs', 'purpose': 'App functionality', 'optional': False}]}, {'category': 'Photos and videos', 'sub_info': [{'data_type': 'Photos', 'purpose': 'App functionality', 'optional': False}]}], 'security_practices': [{'category': 'Data is encrypted in transit', 'sub_info': []}, {'category': 'Data can’t be deleted', 'sub_info': []}]}","Notice. This page is a placeholder. The document that normally appears here is not available at this address. No statement about data handling, data collection, data sharing, tracking, storage, retention, disclosure or user rights is made on this page. Please check back later.",0,,1,null,privacy policy replaced by a contentless placeholder
2251,alpha.sheets.flechs.net,Flechs Sheets,Tools,Low (<50K),"{'data_shared': [], 'data_collected': [{'category': 'Personal info', 'sub_info': [{'data_type': 'Email address', 'purpose': 'Account management', 'optional': True}]}], 'security_practices': [{'category': 'Data is encrypted in transit', 'sub_info': []}, {'category': 'You can request that data be deleted', 'sub_info': []}]}","Notice. This page is a placeholder. The document that normally appears here is not available at this address. No statement about data handling, data collection, data sharing, tracking, storage, retention, disclosure or user rights is made on this page. Please check back later.",0,,1,null,privacy policy replaced by a contentless placeholder
2328,com.farproc.wifi.analyzer,Wifi Analyzer,Tools,High (1M-50M),"{'data_shared': [], 'data_collected': []}","Notice. This page is a placeholder. The document that normally appears here is not available at this address. No statement about data handling, data collection, data sharing, tracking, storage, retention, disclosure or user rights is made on this page. Please check back later.",0,,1,null,privacy policy replaced by a contentless placeholder
2072,com.app.hider.master.vault.dialer,Dialer Lock-AppHider,Social,High (1M-50M),"{'data_shared': [], 'data_collected': [{'category': 'Device or other IDs', 'sub_info': [{'data_type': 'Device or other IDs', 'purpose': 'Advertising or marketing', 'optional': False}]}], 'security_practices': [{'category': 'Data is encrypted in transit', 'sub_info': []}]}","Notice. This page is a placeholder. The document that normally appears here is not available at this address. No statement about data handling, data collection, data sharing, tracking, storage, retention, disclosure or user rights is made on this page. Please check back later.",0,,1,null,privacy policy replaced by a contentless placeholder
211,com.wiki.video.background.changer.remover.pro.vidbgchanger,Video Background Remover WiKi,Beauty,Mid (50K-1M),"{'data_shared': [{'category': 'Photos and videos', 'sub_info': [{'data_type': 'Photos', 'purpose': 'App functionality', 'optional': False}, {'data_type': 'Videos', 'purpose': 'App functionality - Analytics', 'optional': False}]}, {'category': 'Device or other IDs', 'sub_info': [{'data_type': 'Device or other IDs', 'purpose': 'App functionality - Analytics', 'optional': False}]}, {'category': 'App info and performance', 'sub_info': [{'data_type': 'Crash logs', 'purpose': 'App functionality - Analytics - Advertising or marketing', 'optional': False}]}], 'data_collected': [], 'security_practices': [{'category': 'Data is encrypted in transit', 'sub_info': []}, {'category': 'Data can’t be deleted', 'sub_info': []}]}","Notice. This page is a placeholder. The document that normally appears here is not available at this address. No statement about data handling, data collection, data sharing, tracking, storage, retention, disclosure or user rights is made on this page. Please check back later.",0,,2,null,privacy policy replaced by a contentless placeholder
2056,com.polestar.super.clone,Super Clone: Multiple Accounts,Social,High (1M-50M),"{'data_shared': [], 'data_collected': [{'category': 'App activity', 'sub_info': [{'data_type': 'App interactions', 'purpose': 'Analytics', 'optional': False}]}, {'category': 'Device or other IDs', 'sub_info': [{'data_type': 'Device or other IDs', 'purpose': 'Analytics', 'optional': False}]}, {'category': 'App info and performance', 'sub_info': [{'data_type': 'Crash logs', 'purpose': 'Analytics', 'optional': True}, {'data_type': 'Diagnostics', 'purpose': 'Analytics', 'optional': False}]}], 'security_practices': [{'category': 'Data is encrypted in transit', 'sub_info': []}]}","Notice. This page is a placeholder. The document that normally appears here is not available at this address. No statement about data handling, data collection, data sharing, tracking, storage, retention, disclosure or user rights is made on this page. Please check back later.",0,,1,null,privacy policy replaced by a contentless placeholder
284,dpv.trywhiletrue.mirror,Zoom mirror,Beauty,Mid (50K-1M),"{'data_shared': [{'category': 'App activity', 'sub_info': [{'data_type': 'App interactions', 'purpose': 'Analytics - Advertising or marketing', 'optional': False}]}, {'category': 'Location', 'sub_info': [{'data_type': 'Approximate location', 'purpose': 'Analytics - Advertising or marketing', 'optional': False}]}, {'category': 'Device or other IDs', 'sub_info': [{'data_type': 'Device or other IDs', 'purpose': 'Analytics - Advertising or marketing', 'optional': False}]}], 'data_collected': [{'category': 'App activity', 'sub_info': [{'data_type': 'App interactions', 'purpose': 'Analytics - Advertising or marketing', 'optional': False}]}], 'security_practices': [{'category': 'Data isn’t encrypted', 'sub_info': []}, {'category': 'Data can’t be deleted', 'sub_info': []}]}","Notice. This page is a placeholder. The document that normally appears here is not available at this address. No statement about data handling, data collection, data sharing, tracking, storage, retention, disclosure or user rights is made on this page. Please check back later.",0,,1,null,privacy policy replaced by a contentless placeholder
1419,com.fantasticapps.funnyfaco.funia.face.changer,Funny Faco Funia Face Changer,Photography,Mid (50K-1M),"{'data_shared': [], 'data_collected': []}","Notice. This page is a placeholder. The document that normally appears here is not available at this address. No statement about data handling, data collection, data sharing, tracking, storage, retention, disclosure or user rights is made on this page. Please check back later.",0,,1,null,privacy policy replaced by a contentless placeholder
833,in.cdac.ners.psa.mobile.android.national,112 India,Communication,High (1M-50M),"{'data_shared': [{'category': 'Contacts', 'sub_info': [{'data_type': 'Contacts', 'purpose': 'App functionality - Developer communications', 'optional': False}]}, {'category': 'Personal info', 'sub_info': [{'data_type': 'Name', 'purpose': 'App functionality - Developer communications', 'optional': False}, {'data_type': 'Address', 'purpose': 'App functionality - Developer communications', 'optional': False}, {'data_type': 'Phone number', 'purpose': 'App functionality - Developer communications', 'optional': False}, {'data_type': 'Sexual orientation', 'purpose': 'App functionality - Developer communications', 'optional': False}, {'data_type': 'Other info', 'purpose': 'App functionality - Developer communications', 'optional': False}]}, {'category': 'Location', 'sub_info': [{'data_type': 'Approximate location', 'purpose': 'App functionality - Developer communications', 'optional': False}, {'data_type': 'Precise location', 'purpose': 'App functionality - Developer communications', 'optional': False}]}], 'data_collected': [{'category': 'Contacts', 'sub_info': [{'data_type': 'Contacts', 'purpose': 'App functionality - Developer communications', 'optional': False}]}], 'security_practices': [{'category': 'Data is encrypted in transit', 'sub_info': []}, {'category': 'You can request that data be deleted', 'sub_info': []}]}","Notice. This page is a placeholder. The document that normally appears here is not available at this address. No statement about data handling, data collection, data sharing, tracking, storage, retention, disclosure or user rights is made on this page. Please check back later.",0,,1,null,privacy policy replaced by a contentless placeholder
828,com.pawxy.browser,Pawxy - Fast VPN & Web Browser,Communication,High (1M-50M),"{'data_shared': [], 'data_collected': [{'category': 'App info and performance', 'sub_info': [{'data_type': 'Crash logs', 'purpose': 'App functionality', 'optional': True}, {'data_type': 'Diagnostics', 'purpose': 'App functionality - Analytics', 'optional': True}]}], 'security_practices': [{'category': 'Data is encrypted in transit', 'sub_info': []}, {'category': 'Data can’t be deleted', 'sub_info': []}]}","Notice. This page is a placeholder. The document that normally appears here is not available at this address. No statement about data handling, data collection, data sharing, tracking, storage, retention, disclosure or user rights is made on this page. Please check back later.",0,,1,null,privacy policy replaced by a contentless placeholder
483,com.appscroy.salmo29,Salmo 29,Books & Reference,Low (<50K),"{'data_shared': [{'category': 'App info and performance', 'sub_info': [{'data_type': 'Other app performance data', 'purpose': 'Advertising or marketing', 'optional': False}]}, {'category': 'Personal info', 'sub_info': [{'data_type': 'Other info', 'purpose': 'Advertising or marketing', 'optional': False}]}, {'category': 'Device or other IDs', 'sub_info': [{'data_type': 'Device or other IDs', 'purpose': 'Advertising or marketing', 'optional': False}]}, {'category': 'Location', 'sub_info': [{'data_type': 'Approximate location', 'purpose': 'Advertising or marketing', 'optional': False}]}, {'category': 'App activity', 'sub_info': [{'data_type': 'Other actions', 'purpose': 'Advertising or marketing', 'optional': False}]}, {'category': 'Financial info', 'sub_info': [{'data_type': 'Other financial info', 'purpose': 'Advertising or marketing', 'optional': False}]}, {'category': 'Messages', 'sub_info': [{'data_type': 'Other in-app messages', 'purpose': 'Advertising or marketing', 'optional': False}]}], 'data_collected': [], 'security_practices': [{'category': 'Data is encrypted in transit', 'sub_info': []}, {'category': 'Data can’t be deleted', 'sub_info': []}]}","Notice. This page is a placeholder. The document that normally appears here is not available at this address. No statement about data handling, data collection, data sharing, tracking, storage, retention, disclosure or user rights is made on this page. Please check back later.",0,,1,null,privacy policy replaced by a contentless placeholder
2094,com.statuswala.telugustatus,Telugu Status 2024,Social,Mid (50K-1M),"{'data_shared': [], 'data_collected': [{'category': 'Personal info', 'sub_info': [{'data_type': 'Name', 'purpose': 'Account management', 'optional': False}, {'data_type': 'Email address', 'purpose': 'Account management', 'optional': False}, {'data_type': 'Phone number', 'purpose': 'Account management', 'optional': False}]}], 'security_practices': [{'category': 'Data isn’t encrypted', 'sub_info': []}, {'category': 'You can request that data be deleted', 'sub_info': []}]}","Notice. This page is a placeholder. The document that normally appears here is not available at this address. No statement about data handling, data collection, data sharing, tracking, storage, retention, disclosure or user rights is made on this page. Please check back later.",0,,1,null,privacy policy replaced by a contentless placeholder
2323,com.jiubang.alock,AppLock,Tools,High (1M-50M),"{'data_shared': [], 'data_collected': []}","Notice. This page is a placeholder. The document that normally appears here is not available at this address. No statement about data handling, data collection, data sharing, tracking, storage, retention, disclosure or user rights is made on this page. Please check back later.",0,,1,null,privacy policy replaced by a contentless placeholder
281,com.ophotovideoapps.facenhancer,Face Enhancer: Blemish Remover,Beauty,High (1M-50M),"{'data_shared': [{'category': 'App activity', 'sub_info': [{'data_type': 'App interactions', 'purpose': 'Analytics - Advertising or marketing', 'optional': False}, {'data_type': 'Other actions', 'purpose': 'Analytics - Advertising or marketing', 'optional': False}]}, {'category': 'Device or other IDs', 'sub_info': [{'data_type': 'Device or other IDs', 'purpose': 'Analytics - Advertising or marketing', 'optional': False}]}], 'data_collected': [], 'security_practices': [{'category': 'Data is encrypted in transit', 'sub_info': []}, {'category': 'Data can’t be deleted', 'sub_info': []}]}","Notice. This page is a placeholder. The document that normally appears here is not available at this address. No statement about data handling, data collection, data sharing, tracking, storage, retention, disclosure or user rights is made on this page. Please check back later.",0,,1,null,privacy policy replaced by a contentless placeholder
653,com.saba.spc,Cornerstone SBX,Business,Mid (50K-1M),"{'data_shared': [{'category': 'App info and performance', 'sub_info': [{'data_type': 'Crash logs', 'purpose': 'Analytics', 'optional': False}]}, {'category': 'Device or other IDs', 'sub_info': [{'data_type': 'Device or other IDs', 'purpose': 'Analytics', 'optional': False}]}], 'data_collected': [{'category': 'Personal info', 'sub_info': [{'data_type': 'User IDs', 'purpose': 'App functionality - Analytics - Personalization', 'optional': False}]}, {'category': 'Device or other IDs', 'sub_info': [{'data_type': 'Device or other IDs', 'purpose': 'Analytics', 'optional': False}]}], 'security_practices': [{'category': 'Data is encrypted in transit', 'sub_info': []}, {'category': 'Data can’t be deleted', 'sub_info': []}]}","Notice. This page is a placeholder. The document that normally appears here is not available at this address. No statement about data handling, data collection, data sharing, tracking, storage, retention, disclosure or user rights is made on this page. Please check back later.",0,,1,null,privacy policy replaced by a contentless placeholder
810,com.verizon.pushtotalkplus,Verizon Push to Talk Plus,Communication,Mid (50K-1M),"{'data_shared': [], 'data_collected': [{'category': 'Personal info', 'sub_info': [{'data_type': 'Name', 'purpose': 'App functionality', 'optional': False}, {'data_type': 'Phone number', 'purpose': 'App functionality - Analytics', 'optional': False}]}, {'category': 'Photos and videos', 'sub_info': [{'data_type': 'Photos', 'purpose': 'App functionality', 'optional': False}, {'data_type': 'Videos', 'purpose': 'App functionality', 'optional': False}]}, {'category': 'Contacts', 'sub_info': [{'data_type': 'Contacts', 'purpose': 'App functionality', 'optional': False}]}, {'category': 'Files and docs', 'sub_info': [{'data_type': 'Files and docs', 'purpose': 'App functionality', 'optional': False}]}, {'category': 'Location', 'sub_info': [{'data_type': 'Approximate location', 'purpose': 'App functionality', 'optional': False}, {'data_type': 'Precise location', 'purpose': 'App functionality', 'optional': False}]}, {'category': 'Audio', 'sub_info': [{'data_type': 'Voice or sound recordings', 'purpose': 'App functionality', 'optional': False}]}, {'category': 'App activity', 'sub_info': [{'data_type': 'Other user-generated content', 'purpose': 'App functionality', 'optional': False}]}, {'category': 'App info and performance', 'sub_info': [{'data_type': 'Diagnostics', 'purpose': 'Analytics', 'optional': True}]}], 'security_practices': [{'category': 'Data is encrypted in transit', 'sub_info': []}, {'category': 'Data can’t be deleted', 'sub_info': []}]}","Notice. This page is a placeholder. The document that normally appears here is not available at this address. No statement about data handling, data collection, data sharing, tracking, storage, retention, disclosure or user rights is made on this page. Please check back later.",0,,1,null,privacy policy replaced by a contentless placeholder
1091,com.as.qiblafinder.compass.finddirection.hijricalendar,Qibla Compass - Find Direction,Lifestyle,Mid (50K-1M),"{'data_shared': [{'category': 'Device or other IDs', 'sub_info': [{'data_type': 'Device or other IDs', 'purpose': 'App functionality - Analytics - Advertising or marketing', 'optional': False}]}, {'category': 'Location', 'sub_info': [{'data_type': 'Approximate location', 'purpose': 'App functionality - Analytics - Advertising or marketing', 'optional': False}]}, {'category': 'App info and performance', 'sub_info': [{'data_type': 'Crash logs', 'purpose': 'App functionality - Analytics - Advertising or marketing', 'optional': False}, {'data_type': 'Diagnostics', 'purpose': 'App functionality - Analytics - Advertising or marketing', 'optional': False}, {'data_type': 'Other app performance data', 'purpose': 'App functionality - Analytics - Advertising or marketing', 'optional': False}]}], 'data_collected': [], 'security_practices': [{'category': 'Data is encrypted in transit', 'sub_info': []}, {'category': 'Data can’t be deleted', 'sub_info': []}]}","Notice. This page is a placeholder. The document that normally appears here is not available at this address. No statement about data handling, data collection, data sharing, tracking, storage, retention, disclosure or user rights is made on this page. Please check back later.",0,,1,null,privacy policy replaced by a contentless placeholder
820,kenneth.rtalk,ChatNOW,Communication,High (1M-50M),"{'data_shared': [], 'data_collected': [{'category': 'Personal info', 'sub_info': [{'data_type': 'Email address', 'purpose': 'App functionality - Fraud prevention - security - and compliance', 'optional': False}]}, {'category': 'Device or other IDs', 'sub_info': [{'data_type': 'Device or other IDs', 'purpose': 'App functionality', 'optional': False}]}], 'security_practices': [{'category': 'Data isn’t encrypted', 'sub_info': []}, {'category': 'Data can’t be deleted', 'sub_info': []}]}","Notice. This page is a placeholder. The document that normally appears here is not available at this address. No statement about data handling, data collection, data sharing, tracking, storage, retention, disclosure or user rights is made on this page. Please check back later.",0,,1,null,privacy policy replaced by a contentless placeholder
2276,com.themausoft.wpsapp,WPSApp,Tools,Top (50M+),"{'data_shared': [{'category': 'Device or other IDs', 'sub_info': [{'data_type': 'Device or other IDs', 'purpose': 'Advertising or marketing', 'optional': False}]}], 'data_collected': [{'category': 'Device or other IDs', 'sub_info': [{'data_type': 'Device or other IDs', 'purpose': 'Advertising or marketing', 'optional': False}]}, {'category': 'App info and performance', 'sub_info': [{'data_type': 'Crash logs', 'purpose': 'Analytics', 'optional': False}]}], 'security_practices': [{'category': 'Data is encrypted in transit', 'sub_info': []}, {'category': 'Data can’t be deleted', 'sub_info': []}]}","Notice. This page is a placeholder. The document that normally appears here is not available at this address. No statement about data handling, data collection, data sharing, tracking, storage, retention, disclosure or user rights is made on this page. Please check back later.",0,,1,null,privacy policy replaced by a contentless placeholder
332,com.trove,TroveSkin: Your Skincare Coach,Beauty,High (1M-50M),"{'data_shared': [], 'data_collected': [{'category': 'App info and performance', 'sub_info': [{'data_type': 'Crash logs', 'purpose': 'Analytics', 'optional': False}, {'data_type': 'Diagnostics', 'purpose': 'Analytics', 'optional': False}, {'data_type': 'Other app performance data', 'purpose': 'Analytics', 'optional': False}]}, {'category': 'Photos and videos', 'sub_info': [{'data_type': 'Photos', 'purpose': 'App functionality', 'optional': True}]}, {'category': 'App activity', 'sub_info': [{'data_type': 'App interactions', 'purpose': 'Analytics', 'optional': False}, {'data_type': 'Other user-generated content', 'purpose': 'App functionality', 'optional': True}, {'data_type': 'Other actions', 'purpose': 'Analytics', 'optional': False}]}, {'category': 'Financial info', 'sub_info': [{'data_type': 'Purchase history', 'purpose': 'App functionality', 'optional': False}]}, {'category': 'Device or other IDs', 'sub_info': [{'data_type': 'Device or other IDs', 'purpose': 'App functionality - Analytics - Account management', 'optional': False}]}, {'category': 'Location', 'sub_info': [{'data_type': 'Approximate location', 'purpose': 'App functionality - Personalization', 'optional': True}]}, {'category': 'Personal info', 'sub_info': [{'data_type': 'Name', 'purpose': 'Personalization - Account management', 'optional': False}, {'data_type': 'Email address', 'purpose': 'App functionality - Advertising or marketing - Account management', 'optional': False}, {'data_type': 'User IDs', 'purpose': 'Analytics - Account management', 'optional': False}, {'data_type': 'Other info', 'purpose': 'App functionality - Analytics - Personalization - Account management', 'optional': True}]}], 'security_practices': [{'category': 'Data is encrypted in transit', 'sub_info': []}, {'category': 'You can request that data be deleted', 'sub_info': []}]}","Notice. This page is a placeholder. The document that normally appears here is not available at this address. No statement about data handling, data collection, data sharing, tracking, storage, retention, disclosure or user rights is made on this page. Please check back later.",0,,1,null,privacy policy replaced by a contentless placeholder
1027,global.kinder,Kinder - Find Baby Names,Lifestyle,Mid (50K-1M),"{'data_shared': [{'category': 'Device or other IDs', 'sub_info': [{'data_type': 'Device or other IDs', 'purpose': 'Analytics - Advertising or marketing - Fraud prevention - security - and compliance', 'optional': False}]}, {'category': 'App info and performance', 'sub_info': [{'data_type': 'Crash logs', 'purpose': 'Analytics - Advertising or marketing - Fraud prevention - security - and compliance', 'optional': False}]}, {'category': 'App activity', 'sub_info': [{'data_type': 'App interactions', 'purpose': 'Analytics - Advertising or marketing - Fraud prevention - security - and compliance', 'optional': False}]}], 'data_collected': [], 'security_practices': [{'category': 'Data is encrypted in transit', 'sub_info': []}, {'category': 'Data can’t be deleted', 'sub_info': []}]}","Notice. This page is a placeholder. The document that normally appears here is not available at this address. No statement about data handling, data collection, data sharing, tracking, storage, retention, disclosure or user rights is made on this page. Please check back later.",0,,1,null,privacy policy replaced by a contentless placeholder
645,com.corrigo.enterprise,Corrigo Enterprise,Business,Low (<50K),"{'data_shared': [{'category': 'Location', 'sub_info': [{'data_type': 'Precise location', 'purpose': 'App functionality', 'optional': False}]}, {'category': 'App info and performance', 'sub_info': [{'data_type': 'Crash logs', 'purpose': 'Analytics', 'optional': False}, {'data_type': 'Other app performance data', 'purpose': 'Analytics', 'optional': False}]}, {'category': 'Device or other IDs', 'sub_info': [{'data_type': 'Device or other IDs', 'purpose': 'Analytics - Advertising or marketing', 'optional': False}]}, {'category': 'Personal info', 'sub_info': [{'data_type': 'User IDs', 'purpose': 'Analytics - Advertising or marketing', 'optional': False}]}], 'data_collected': [{'category': 'Location', 'sub_info': [{'data_type': 'Precise location', 'purpose': 'App functionality', 'optional': False}]}, {'category': 'Audio', 'sub_info': [{'data_type': 'Other audio files', 'purpose': 'App functionality', 'optional': False}]}, {'category': 'Files and docs', 'sub_info': [{'data_type': 'Files and docs', 'purpose': 'App functionality', 'optional': False}]}, {'category': 'Photos and videos', 'sub_info': [{'data_type': 'Photos', 'purpose': 'App functionality', 'optional': False}, {'data_type': 'Videos', 'purpose': 'App functionality', 'optional': False}]}], 'security_practices': [{'category': 'Data is encrypted in transit', 'sub_info': []}, {'category': 'Data can’t be deleted', 'sub_info': []}]}","Notice. This page is a placeholder. The document that normally appears here is not available at this address. No statement about data handling, data collection, data sharing, tracking, storage, retention, disclosure or user rights is made on this page. Please check back later.",0,,1,null,privacy policy replaced by a contentless placeholder
482,com.fertyappstore.pipefitterformula,Pipe Fitter formula,Books & Reference,Low (<50K),"{'data_shared': [], 'data_collected': [{'category': 'Device or other IDs', 'sub_info': [{'data_type': 'Device or other IDs', 'purpose': 'App functionality', 'optional': True}]}], 'security_practices': [{'category': 'Data isn’t encrypted', 'sub_info': []}, {'category': 'Data can’t be deleted', 'sub_info': []}]}","Notice. This page is a placeholder. The document that normally appears here is not available at this address. No statement about data handling, data collection, data sharing, tracking, storage, retention, disclosure or user rights is made on this page. Please check back later.",0,,1,null,privacy policy replaced by a contentless placeholder
697,com.myunicorn,My Unicorn,Business,Low (<50K),"{'data_shared': [], 'data_collected': []}","Notice. This page is a placeholder. The document that normally appears here is not available at this address. No statement about data handling, data collection, data sharing, tracking, storage, retention, disclosure or user rights is made on this page. Please check back later.",0,,1,null,privacy policy replaced by a contentless placeholder
152,com.gpinfo.tamilbirthdayposter,Tamil & Telugu Birthday Banner,Art & Design,Mid (50K-1M),"{'data_shared': [], 'data_collected': [], 'security_practices': [{'category': 'Data is encrypted in transit', 'sub_info': []}]}","Notice. This page is a placeholder. The document that normally appears here is not available at this address. No statement about data handling, data collection, data sharing, tracking, storage, retention, disclosure or user rights is made on this page. Please check back later.",0,,1,null,privacy policy replaced by a contentless placeholder
1405,com.bluefishapp.cutpaste,"Cut Out, Cut Photo Background",Photography,High (1M-50M),"{'data_shared': [{'category': 'App activity', 'sub_info': [{'data_type': 'App interactions', 'purpose': 'Analytics - Advertising or marketing - Fraud prevention - security - and compliance', 'optional': False}]}, {'category': 'Location', 'sub_info': [{'data_type': 'Approximate location', 'purpose': 'Analytics - Advertising or marketing - Fraud prevention - security - and compliance', 'optional': False}]}, {'category': 'App info and performance', 'sub_info': [{'data_type': 'Crash logs', 'purpose': 'Analytics', 'optional': False}, {'data_type': 'Diagnostics', 'purpose': 'Analytics - Advertising or marketing - Fraud prevention - security - and compliance', 'optional': False}]}, {'category': 'Financial info', 'sub_info': [{'data_type': 'Purchase history', 'purpose': 'Analytics', 'optional': False}]}, {'category': 'Device or other IDs', 'sub_info': [{'data_type': 'Device or other IDs', 'purpose': 'Analytics - Advertising or marketing - Fraud prevention - security - and compliance', 'optional': False}]}], 'data_collected': [{'category': 'App activity', 'sub_info': [{'data_type': 'App interactions', 'purpose': 'Analytics - Advertising or marketing - Fraud prevention - security - and compliance', 'optional': False}]}, {'category': 'Location', 'sub_info': [{'data_type': 'Approximate location', 'purpose': 'Analytics - Advertising or marketing - Fraud prevention - security - and compliance', 'optional': False}]}, {'category': 'App info and performance', 'sub_info': [{'data_type': 'Crash logs', 'purpose': 'Analytics', 'optional': False}, {'data_type': 'Diagnostics', 'purpose': 'Analytics - Advertising or marketing - Fraud prevention - security - and compliance', 'optional': False}]}, {'category': 'Financial info', 'sub_info': [{'data_type': 'Purchase history', 'purpose': 'Analytics', 'optional': False}]}, {'category': 'Device or other IDs', 'sub_info': [{'data_type': 'Device or other IDs', 'purpose': 'Analytics - Advertising or marketing - Fraud prevention - security - and compliance', 'optional': False}]}], 'security_practices': [{'category': 'Data is encrypted in transit', 'sub_info': []}, {'category': 'Data can’t be deleted', 'sub_info': []}]}","Notice. This page is a placeholder. The document that normally appears here is not available at this address. No statement about data handling, data collection, data sharing, tracking, storage, retention, disclosure or user rights is made on this page. Please check back later.",0,,1,null,privacy policy replaced by a contentless placeholder
2330,com.clogica.bluetooth_app_sender_apk,Bluetooth App Sender APK Share,Tools,High (1M-50M),"{'data_shared': [{'category': 'Location', 'sub_info': [{'data_type': 'Approximate location', 'purpose': 'Analytics - Advertising or marketing - Fraud prevention - security - and compliance', 'optional': False}]}, {'category': 'App activity', 'sub_info': [{'data_type': 'App interactions', 'purpose': 'Analytics - Advertising or marketing - Fraud prevention - security - and compliance', 'optional': False}]}, {'category': 'Device or other IDs', 'sub_info': [{'data_type': 'Device or other IDs', 'purpose': 'Analytics - Advertising or marketing - Fraud prevention - security - and compliance', 'optional': False}]}, {'category': 'App info and performance', 'sub_info': [{'data_type': 'Diagnostics', 'purpose': 'Analytics - Advertising or marketing - Fraud prevention - security - and compliance', 'optional': False}]}], 'data_collected': [{'category': 'Location', 'sub_info': [{'data_type': 'Approximate location', 'purpose': 'Analytics - Advertising or marketing - Fraud prevention - security - and compliance', 'optional': False}]}, {'category': 'App activity', 'sub_info': [{'data_type': 'App interactions', 'purpose': 'Analytics - Advertising or marketing - Fraud prevention - security - and compliance', 'optional': False}]}, {'category': 'Device or other IDs', 'sub_info': [{'data_type': 'Device or other IDs', 'purpose': 'Analytics - Advertising or marketing - Fraud prevention - security - and compliance', 'optional': False}]}, {'category': 'App info and performance', 'sub_info': [{'data_type': 'Diagnostics', 'purpose': 'Analytics - Advertising or marketing - Fraud prevention - security - and compliance', 'optional': False}]}], 'security_practices': [{'category': 'Data is encrypted in transit', 'sub_info': []}, {'category': 'Data can’t be deleted', 'sub_info': []}]}","Notice. This page is a placeholder. The document that normally appears here is not available at this address. No statement about data handling, data collection, data sharing, tracking, storage, retention, disclosure or user rights is made on this page. Please check back later.",0,,1,null,privacy policy replaced by a contentless placeholder
2014,com.odiashaadi.android,Odia Matrimony by Shaadi.com,Social,Mid (50K-1M),"{'data_shared': [{'category': 'Personal info', 'sub_info': [{'data_type': 'Name', 'purpose': 'Fraud prevention - security - and compliance', 'optional': False}, {'data_type': 'Email address', 'purpose': 'App functionality - Fraud prevention - security - and compliance', 'optional': False}, {'data_type': 'Address', 'purpose': 'App functionality - Fraud prevention - security - and compliance', 'optional': False}, {'data_type': 'Phone number', 'purpose': 'App functionality - Fraud prevention - security - and compliance', 'optional': False}, {'data_type': 'Race and ethnicity', 'purpose': 'App functionality - Fraud prevention - security - and compliance - Personalization', 'optional': False}, {'data_type': 'Other info', 'purpose': 'App functionality - Fraud prevention - security - and compliance', 'optional': False}]}, {'category': 'Location', 'sub_info': [{'data_type': 'Approximate location', 'purpose': 'App functionality - Personalization', 'optional': False}, {'data_type': 'Precise location', 'purpose': 'App functionality - Personalization', 'optional': False}]}, {'category': 'Health and fitness', 'sub_info': [{'data_type': 'Health info', 'purpose': 'App functionality', 'optional': False}]}, {'category': 'Messages', 'sub_info': [{'data_type': 'Emails', 'purpose': 'App functionality - Fraud prevention - security - and compliance', 'optional': False}, {'data_type': 'SMS or MMS', 'purpose': 'App functionality - Fraud prevention - security - and compliance', 'optional': False}]}, {'category': 'Financial info', 'sub_info': [{'data_type': 'Other financial info', 'purpose': 'App functionality', 'optional': False}]}, {'category': 'App activity', 'sub_info': [{'data_type': 'Other user-generated content', 'purpose': 'App functionality', 'optional': False}]}, {'category': 'Photos and videos', 'sub_info': [{'data_type': 'Photos', 'purpose': 'App functionality - Fraud prevention - security - and compliance', 'optional': False}]}], 'data_collected': [{'category': 'Files and docs', 'sub_info': [{'data_type': 'Files and docs', 'purpose': 'App functionality - Fraud prevention - security - and compliance - Account management', 'optional': False}]}, {'category': 'Personal info', 'sub_info': [{'data_type': 'Name', 'purpose': 'Fraud prevention - security - and compliance', 'optional': False}, {'data_type': 'Email address', 'purpose': 'App functionality - Fraud prevention - security - and compliance', 'optional': False}, {'data_type': 'Address', 'purpose': 'App functionality - Fraud prevention - security - and compliance', 'optional': False}, {'data_type': 'Phone number', 'purpose': 'App functionality - Fraud prevention - security - and compliance', 'optional': False}, {'data_type': 'Race and ethnicity', 'purpose': 'App functionality - Fraud prevention - security - and compliance - Personalization', 'optional': False}, {'data_type': 'Other info', 'purpose': 'App functionality - Fraud prevention - security - and compliance', 'optional': False}]}, {'category': 'Location', 'sub_info': [{'data_type': 'Approximate location', 'purpose': 'App functionality - Personalization', 'optional': False}, {'data_type': 'Precise location', 'purpose': 'App functionality - Personalization', 'optional': False}]}, {'category': 'Health and fitness', 'sub_info': [{'data_type': 'Health info', 'purpose': 'App functionality', 'optional': False}]}, {'category': 'Device or other IDs', 'sub_info': [{'data_type': 'Device or other IDs', 'purpose': 'App functionality - Analytics - Developer communications - Advertising or marketing - Fraud prevention - security - and compliance', 'optional': False}]}, {'category': 'App info and performance', 'sub_info': [{'data_type': 'Crash logs', 'purpose': 'App functionality - Analytics - Developer communications', 'optional': False}, {'data_type': 'Diagnostics', 'purpose': 'App functionality - Analytics - Developer communications', 'optional': False}, {'data_type': 'Other app performance data', 'purpose': 'App functionality - Analytics - Developer communications', 'optional': False}]}, {'category': 'Messages', 'sub_info': [{'data_type': 'Emails', 'purpose': 'App functionality - Fraud prevention - security - and compliance', 'optional': False}, {'data_type': 'SMS or MMS', 'purpose': 'App functionality - Fraud prevention - security - and compliance', 'optional': False}]}, {'category': 'Financial info', 'sub_info': [{'data_type': 'Other financial info', 'purpose': 'App functionality', 'optional': False}]}, {'category': 'App activity', 'sub_info': [{'data_type': 'Other user-generated content', 'purpose': 'App functionality', 'optional': False}]}, {'category': 'Photos and videos', 'sub_info': [{'data_type': 'Photos', 'purpose': 'App functionality - Fraud prevention - security - and compliance', 'optional': False}]}], 'security_practices': [{'category': 'Data is encrypted in transit', 'sub_info': []}, {'category': 'You can request that data be deleted', 'sub_info': []}]}","Notice. This page is a placeholder. The document that normally appears here is not available at this address. No statement about data handling, data collection, data sharing, tracking, storage, retention, disclosure or user rights is made on this page. Please check back later.",0,,2,null,privacy policy replaced by a contentless placeholder
300,com.girlweddingdresses.android,Wedding Dress Photo Editor,Beauty,Mid (50K-1M),"{'data_shared': [{'category': 'App activity', 'sub_info': [{'data_type': 'App interactions', 'purpose': 'Analytics - Advertising or marketing', 'optional': False}, {'data_type': 'Other actions', 'purpose': 'Analytics - Advertising or marketing', 'optional': False}]}, {'category': 'Device or other IDs', 'sub_info': [{'data_type': 'Device or other IDs', 'purpose': 'Analytics - Advertising or marketing', 'optional': False}]}], 'data_collected': [], 'security_practices': [{'category': 'Data is encrypted in transit', 'sub_info': []}, {'category': 'Data can’t be deleted', 'sub_info': []}]}","Notice. This page is a placeholder. The document that normally appears here is not available at this address. No statement about data handling, data collection, data sharing, tracking, storage, retention, disclosure or user rights is made on this page. Please check back later.",0,,1,null,privacy policy replaced by a contentless placeholder
148,com.gpinfo.ShraddhanjaliCardMaker,Shradhanjali Card Maker - HD,Art & Design,Mid (50K-1M),"{'data_shared': [], 'data_collected': [], 'security_practices': [{'category': 'Data is encrypted in transit', 'sub_info': []}]}","Notice. This page is a placeholder. The document that normally appears here is not available at this address. No statement about data handling, data collection, data sharing, tracking, storage, retention, disclosure or user rights is made on this page. Please check back later.",0,,1,null,privacy policy replaced by a contentless placeholder
493,com.acamue.resultadosdelabolitacubana,La Bolita,Books & Reference,Mid (50K-1M),"{'data_shared': [], 'data_collected': [], 'security_practices': [{'category': 'Data is encrypted in transit', 'sub_info': []}, {'category': 'Data can’t be deleted', 'sub_info': []}]}","Notice. This page is a placeholder. The document that normally appears here is not available at this address. No statement about data handling, data collection, data sharing, tracking, storage, retention, disclosure or user rights is made on this page. Please check back later.",0,,1,null,privacy policy replaced by a contentless placeholder
843,com.smscodes.app,SMSCodes.io,Communication,Mid (50K-1M),"{'data_shared': [], 'data_collected': [{'category': 'Device or other IDs', 'sub_info': [{'data_type': 'Device or other IDs', 'purpose': 'App functionality', 'optional': False}]}, {'category': 'Personal info', 'sub_info': [{'data_type': 'Name', 'purpose': 'App functionality', 'optional': True}, {'data_type': 'Email address', 'purpose': 'App functionality - Fraud prevention - security - and compliance - Account management', 'optional': False}, {'data_type': 'Phone number', 'purpose': 'App functionality', 'optional': True}]}, {'category': 'Messages', 'sub_info': [{'data_type': 'SMS or MMS', 'purpose': 'App functionality', 'optional': True}]}, {'category': 'Financial info', 'sub_info': [{'data_type': 'Purchase history', 'purpose': 'App functionality', 'optional': True}]}, {'category': 'Photos and videos', 'sub_info': [{'data_type': 'Photos', 'purpose': 'App functionality', 'optional': True}]}], 'security_practices': [{'category': 'Data is encrypted in transit', 'sub_info': []}, {'category': 'You can request that data be deleted', 'sub_info': []}]}","Notice. This page is a placeholder. The document that normally appears here is not available at this address. No statement about data handling, data collection, data sharing, tracking, storage, retention, disclosure or user rights is made on this page. Please check back later.",0,,1,null,privacy policy replaced by a contentless placeholder
2019,com.punjabishaadi.android,Punjabi Matrimony by Shaadi,Social,High (1M-50M),"{'data_shared': [{'category': 'Photos and videos', 'sub_info': [{'data_type': 'Photos', 'purpose': 'App functionality - Fraud prevention - security - and compliance', 'optional': False}]}, {'category': 'Location', 'sub_info': [{'data_type': 'Approximate location', 'purpose': 'App functionality - Personalization', 'optional': False}, {'data_type': 'Precise location', 'purpose': 'App functionality - Personalization', 'optional': False}]}, {'category': 'Messages', 'sub_info': [{'data_type': 'Emails', 'purpose': 'App functionality - Fraud prevention - security - and compliance', 'optional': False}, {'data_type': 'SMS or MMS', 'purpose': 'App functionality - Fraud prevention - security - and compliance', 'optional': False}]}, {'category': 'Personal info', 'sub_info': [{'data_type': 'Name', 'purpose': 'App functionality - Fraud prevention - security - and compliance', 'optional': False}, {'data_type': 'Email address', 'purpose': 'App functionality - Fraud prevention - security - and compliance', 'optional': False}, {'data_type': 'Address', 'purpose': 'App functionality - Fraud prevention - security - and compliance', 'optional': False}, {'data_type': 'Phone number', 'purpose': 'App functionality - Fraud prevention - security - and compliance', 'optional': False}, {'data_type': 'Race and ethnicity', 'purpose': 'App functionality - Fraud prevention - security - and compliance - Personalization', 'optional': False}, {'data_type': 'Other info', 'purpose': 'App functionality - Fraud prevention - security - and compliance', 'optional': False}]}, {'category': 'Health and fitness', 'sub_info': [{'data_type': 'Health info', 'purpose': 'App functionality', 'optional': False}]}, {'category': 'Financial info', 'sub_info': [{'data_type': 'Other financial info', 'purpose': 'App functionality', 'optional': False}]}, {'category': 'App activity', 'sub_info': [{'data_type': 'Other user-generated content', 'purpose': 'App functionality', 'optional': False}]}], 'data_collected': [{'category': 'Photos and videos', 'sub_info': [{'data_type': 'Photos', 'purpose': 'App functionality - Fraud prevention - security - and compliance', 'optional': False}]}, {'category': 'Location', 'sub_info': [{'data_type': 'Approximate location', 'purpose': 'App functionality - Personalization', 'optional': False}, {'data_type': 'Precise location', 'purpose': 'App functionality - Personalization', 'optional': False}]}, {'category': 'Messages', 'sub_info': [{'data_type': 'Emails', 'purpose': 'App functionality - Fraud prevention - security - and compliance', 'optional': False}, {'data_type': 'SMS or MMS', 'purpose': 'App functionality - Fraud prevention - security - and compliance', 'optional': False}]}, {'category': 'Personal info', 'sub_info': [{'data_type': 'Name', 'purpose': 'App functionality - Fraud prevention - security - and compliance', 'optional': False}, {'data_type': 'Email address', 'purpose': 'App functionality - Fraud prevention - security - and compliance', 'optional': False}, {'data_type': 'Address', 'purpose': 'App functionality - Fraud prevention - security - and compliance', 'optional': False}, {'data_type': 'Phone number', 'purpose': 'App functionality - Fraud prevention - security - and compliance', 'optional': False}, {'data_type': 'Race and ethnicity', 'purpose': 'App functionality - Fraud prevention - security - and compliance - Personalization', 'optional': False}, {'data_type': 'Other info', 'purpose': 'App functionality - Fraud prevention - security - and compliance', 'optional': False}]}, {'category': 'Health and fitness', 'sub_info': [{'data_type': 'Health info', 'purpose': 'App functionality', 'optional': False}]}, {'category': 'Financial info', 'sub_info': [{'data_type': 'Other financial info', 'purpose': 'App functionality', 'optional': False}]}, {'category': 'App activity', 'sub_info': [{'data_type': 'Other user-generated content', 'purpose': 'App functionality', 'optional': False}]}, {'category': 'Device or other IDs', 'sub_info': [{'data_type': 'Device or other IDs', 'purpose': 'App functionality - Analytics - Developer communications - Advertising or marketing - Fraud prevention - security - and compliance', 'optional': False}]}, {'category': 'Files and docs', 'sub_info': [{'data_type': 'Files and docs', 'purpose': 'App functionality - Fraud prevention - security - and compliance - Account management', 'optional': False}]}, {'category': 'App info and performance', 'sub_info': [{'data_type': 'Crash logs', 'purpose': 'App functionality - Analytics - Developer communications', 'optional': False}, {'data_type': 'Diagnostics', 'purpose': 'App functionality - Analytics - Developer communications', 'optional': False}, {'data_type': 'Other app performance data', 'purpose': 'App functionality - Analytics - Developer communications', 'optional': False}]}], 'security_practices': [{'category': 'Data is encrypted in transit', 'sub_info': []}, {'category': 'You can request that data be deleted', 'sub_info': []}]}","Notice. This page is a placeholder. The document that normally appears here is not available at this address. No statement about data handling, data collection, data sharing, tracking, storage, retention, disclosure or user rights is made on this page. Please check back later.",0,,2,null,privacy policy replaced by a contentless placeholder
856,com.androidbull.incognitobrowser.lite,Private Browser - Beta,Communication,Mid (50K-1M),"{'data_shared': [], 'data_collected': [{'category': 'App info and performance', 'sub_info': [{'data_type': 'Crash logs', 'purpose': 'Analytics', 'optional': False}, {'data_type': 'Diagnostics', 'purpose': 'Analytics', 'optional': False}]}], 'security_practices': [{'category': 'Data is encrypted in transit', 'sub_info': []}, {'category': 'Data can’t be deleted', 'sub_info': []}]}","Notice. This page is a placeholder. The document that normally appears here is not available at this address. No statement about data handling, data collection, data sharing, tracking, storage, retention, disclosure or user rights is made on this page. Please check back later.",0,,1,null,privacy policy replaced by a contentless placeholder
18,bukhari.bookcovermakerpro,Book Cover Maker,Art & Design,Low (<50K),"{'data_shared': [], 'data_collected': [], 'security_practices': [{'category': 'Data is encrypted in transit', 'sub_info': []}, {'category': 'You can request that data be deleted', 'sub_info': []}]}","Notice. This page is a placeholder. The document that normally appears here is not available at this address. No statement about data handling, data collection, data sharing, tracking, storage, retention, disclosure or user rights is made on this page. Please check back later.",0,,1,null,privacy policy replaced by a contentless placeholder
453,an.ZuluTranslate,Zulu English Translator,Books & Reference,Mid (50K-1M),"{'data_shared': [{'category': 'App activity', 'sub_info': [{'data_type': 'Installed apps', 'purpose': 'Analytics - Advertising or marketing', 'optional': False}]}, {'category': 'Device or other IDs', 'sub_info': [{'data_type': 'Device or other IDs', 'purpose': 'Analytics - Advertising or marketing', 'optional': False}]}], 'data_collected': [], 'security_practices': [{'category': 'Data is encrypted in transit', 'sub_info': []}, {'category': 'Data can’t be deleted', 'sub_info': []}]}","Notice. This page is a placeholder. The document that normally appears here is not available at this address. No statement about data handling, data collection, data sharing, tracking, storage, retention, disclosure or user rights is made on this page. Please check back later.",0,,1,null,privacy policy replaced by a contentless placeholder
2080,com.appmonotony.monotony,Monotony - Anonymous Chat,Social,Mid (50K-1M),"{'data_shared': [{'category': 'App info and performance', 'sub_info': [{'data_type': 'Crash logs', 'purpose': 'Analytics', 'optional': False}, {'data_type': 'Diagnostics', 'purpose': 'Analytics - Advertising or marketing - Fraud prevention - security - and compliance', 'optional': False}, {'data_type': 'Other app performance data', 'purpose': 'Analytics', 'optional': False}]}, {'category': 'App activity', 'sub_info': [{'data_type': 'App interactions', 'purpose': 'Analytics - Advertising or marketing - Fraud prevention - security - and compliance', 'optional': False}, {'data_type': 'Other actions', 'purpose': 'Analytics', 'optional': False}]}, {'category': 'Device or other IDs', 'sub_info': [{'data_type': 'Device or other IDs', 'purpose': 'Analytics - Advertising or marketing - Fraud prevention - security - and compliance', 'optional': False}]}, {'category': 'Location', 'sub_info': [{'data_type': 'Approximate location', 'purpose': 'Analytics - Advertising or marketing - Fraud prevention - security - and compliance', 'optional': False}]}], 'data_collected': [{'category': 'Audio', 'sub_info': [{'data_type': 'Voice or sound recordings', 'purpose': 'App functionality', 'optional': True}]}, {'category': 'App info and performance', 'sub_info': [{'data_type': 'Crash logs', 'purpose': 'Analytics', 'optional': False}, {'data_type': 'Diagnostics', 'purpose': 'Analytics - Advertising or marketing - Fraud prevention - security - and compliance', 'optional': False}, {'data_type': 'Other app performance data', 'purpose': 'Analytics', 'optional': False}]}, {'category': 'Photos and videos', 'sub_info': [{'data_type': 'Photos', 'purpose': 'App functionality', 'optional': True}]}, {'category': 'App activity', 'sub_info': [{'data_type': 'App interactions', 'purpose': 'Analytics - Advertising or marketing - Fraud prevention - security - and compliance', 'optional': False}, {'data_type': 'Other actions', 'purpose': 'Analytics', 'optional': False}]}, {'category': 'Device or other IDs', 'sub_info': [{'data_type': 'Device or other IDs', 'purpose': 'Analytics - Advertising or marketing - Fraud prevention - security - and compliance', 'optional': False}]}, {'category': 'Location', 'sub_info': [{'data_type': 'Approximate location', 'purpose': 'Analytics - Advertising or marketing - Fraud prevention - security - and compliance', 'optional': False}]}, {'category': 'Personal info', 'sub_info': [{'data_type': 'Name', 'purpose': 'App functionality', 'optional': True}, {'data_type': 'Email address', 'purpose': 'App functionality', 'optional': False}, {'data_type': 'Phone number', 'purpose': 'App functionality', 'optional': True}]}], 'security_practices': [{'category': 'Data is encrypted in transit', 'sub_info': []}, {'category': 'You can request that data be deleted', 'sub_info': []}]}","Notice. This page is a placeholder. The document that normally appears here is not available at this address. No statement about data handling, data collection, data sharing, tracking, storage, retention, disclosure or user rights is made on this page. Please check back later.",0,,1,null,privacy policy replaced by a contentless placeholder
836,com.yovic.love.firaqaitabchawk,صور حب شوق عتاب و فراق بدون نت,Communication,Mid (50K-1M),"{'data_shared': [{'category': 'Device or other IDs', 'sub_info': [{'data_type': 'Device or other IDs', 'purpose': 'Advertising or marketing', 'optional': False}]}], 'data_collected': [], 'security_practices': [{'category': 'Data is encrypted in transit', 'sub_info': []}, {'category': 'Data can’t be deleted', 'sub_info': []}]}","Notice. This page is a placeholder. The document that normally appears here is not available at this address. No statement about data handling, data collection, data sharing, tracking, storage, retention, disclosure or user rights is made on this page. Please check back later.",0,,1,null,privacy policy replaced by a contentless placeholder
1882,com.CSceyboutique.android,CEY BOUTIQUE,Shopping,Low (<50K),"{'data_shared': [{'category': 'Personal info', 'sub_info': [{'data_type': 'Name', 'purpose': 'Developer communications - Fraud prevention - security - and compliance - Personalization', 'optional': False}, {'data_type': 'Email address', 'purpose': 'Fraud prevention - security - and compliance', 'optional': False}, {'data_type': 'Address', 'purpose': 'App functionality - Fraud prevention - security - and compliance', 'optional': False}]}, {'category': 'Device or other IDs', 'sub_info': [{'data_type': 'Device or other IDs', 'purpose': 'App functionality - Analytics - Fraud prevention - security - and compliance', 'optional': False}]}, {'category': 'Location', 'sub_info': [{'data_type': 'Approximate location', 'purpose': 'App functionality - Fraud prevention - security - and compliance', 'optional': False}]}], 'data_collected': [{'category': 'Financial info', 'sub_info': [{'data_type': 'User payment info', 'purpose': 'App functionality - Fraud prevention - security - and compliance', 'optional': False}, {'data_type': 'Purchase history', 'purpose': 'App functionality - Fraud prevention - security - and compliance', 'optional': False}]}, {'category': 'Messages', 'sub_info': [{'data_type': 'Other in-app messages', 'purpose': 'App functionality - Account management', 'optional': True}]}, {'category': 'Personal info', 'sub_info': [{'data_type': 'Name', 'purpose': 'Developer communications - Fraud prevention - security - and compliance - Personalization', 'optional': False}, {'data_type': 'Email address', 'purpose': 'Fraud prevention - security - and compliance', 'optional': False}, {'data_type': 'Address', 'purpose': 'App functionality - Fraud prevention - security - and compliance', 'optional': False}]}, {'category': 'Device or other IDs', 'sub_info': [{'data_type': 'Device or other IDs', 'purpose': 'App functionality - Analytics - Fraud prevention - security - and compliance', 'optional': False}]}, {'category': 'Location', 'sub_info': [{'data_type': 'Approximate location', 'purpose': 'App functionality - Fraud prevention - security - and compliance', 'optional': False}]}], 'security_practices': [{'category': 'Data is encrypted in transit', 'sub_info': []}, {'category': 'You can request that data be deleted', 'sub_info': []}]}","Notice. This page is a placeholder. The document that normally appears here is not available at this address. No statement about data handling, data collection, data sharing, tracking, storage, retention, disclosure or user rights is made on this page. Please check back later.",0,,2,null,privacy policy replaced by a contentless placeholder
1043,partl.Diarium,"Diarium: Journal, Diary",Lifestyle,Mid (50K-1M),"{'data_shared': [], 'data_collected': [{'category': 'App info and performance', 'sub_info': [{'data_type': 'Crash logs', 'purpose': 'Analytics', 'optional': False}, {'data_type': 'Diagnostics', 'purpose': 'Analytics', 'optional': False}, {'data_type': 'Other app performance data', 'purpose': 'Analytics', 'optional': False}]}], 'security_practices': [{'category': 'Data is encrypted in transit', 'sub_info': []}, {'category': 'Data can’t be deleted', 'sub_info': []}]}","Notice. This page is a placeholder. The document that normally appears here is not available at this address. No statement about data handling, data collection, data sharing, tracking, storage, retention, disclosure or user rights is made on this page. Please check back later.",0,,1,null,privacy policy replaced by a contentless placeholder
1423,com.inglesdivino.changecolor,Change Color,Photography,High (1M-50M),"{'data_shared': [], 'data_collected': [{'category': 'Device or other IDs', 'sub_info': [{'data_type': 'Device or other IDs', 'purpose': 'Analytics - Advertising or marketing - Fraud prevention - security - and compliance', 'optional': True}]}, {'category': 'App info and performance', 'sub_info': [{'data_type': 'Diagnostics', 'purpose': 'Analytics - Advertising or marketing - Fraud prevention - security - and compliance', 'optional': False}]}, {'category': 'App activity', 'sub_info': [{'data_type': 'App interactions', 'purpose': 'Analytics - Advertising or marketing - Fraud prevention - security - and compliance', 'optional': False}]}], 'security_practices': [{'category': 'Data is encrypted in transit', 'sub_info': []}, {'category': 'You can request that data be deleted', 'sub_info': []}]}","Notice. This page is a placeholder. The document that normally appears here is not available at this address. No statement about data handling, data collection, data sharing, tracking, storage, retention, disclosure or user rights is made on this page. Please check back later.",0,,1,null,privacy policy replaced by a contentless placeholder
1427,com.km.textoverphoto,Text Over Photo,Photography,High (1M-50M),"{'data_shared': [{'category': 'Device or other IDs', 'sub_info': [{'data_type': 'Device or other IDs', 'purpose': 'Analytics - Advertising or marketing', 'optional': False}]}, {'category': 'App info and performance', 'sub_info': [{'data_type': 'Crash logs', 'purpose': 'Analytics', 'optional': False}, {'data_type': 'Diagnostics', 'purpose': 'Analytics', 'optional': False}]}, {'category': 'App activity', 'sub_info': [{'data_type': 'App interactions', 'purpose': 'Analytics - Advertising or marketing', 'optional': False}]}], 'data_collected': [{'category': 'App info and performance', 'sub_info': [{'data_type': 'Crash logs', 'purpose': 'Analytics', 'optional': False}, {'data_type': 'Diagnostics', 'purpose': 'Analytics', 'optional': False}]}, {'category': 'App activity', 'sub_info': [{'data_type': 'App interactions', 'purpose': 'Analytics - Advertising or marketing', 'optional': False}]}], 'security_practices': [{'category': 'Data is encrypted in transit', 'sub_info': []}, {'category': 'Data can’t be deleted', 'sub_info': []}]}","Notice. This page is a placeholder. The document that normally appears here is not available at this address. No statement about data handling, data collection, data sharing, tracking, storage, retention, disclosure or user rights is made on this page. Please check back later.",0,,1,null,privacy policy replaced by a contentless placeholder
110,com.ps.viewer,PS File Viewer,Art & Design,Mid (50K-1M),"{'data_shared': [], 'data_collected': [], 'security_practices': [{'category': 'Data isn’t encrypted', 'sub_info': []}, {'category': 'Data can’t be deleted', 'sub_info': []}]}","Notice. This page is a placeholder. The document that normally appears here is not available at this address. No statement about data handling, data collection, data sharing, tracking, storage, retention, disclosure or user rights is made on this page. Please check back later.",0,,1,null,privacy policy replaced by a contentless placeholder
2227,org.vndnguyen.shortcutmaster.lite,Shortcut Master (Lite),Tools,High (1M-50M),"{'data_shared': [], 'data_collected': []}","Notice. This page is a placeholder. The document that normally appears here is not available at this address. No statement about data handling, data collection, data sharing, tracking, storage, retention, disclosure or user rights is made on this page. Please check back later.",0,,1,null,privacy policy replaced by a contentless placeholder
1420,com.inglesdivino.blurimage,Blur Image,Photography,High (1M-50M),"{'data_shared': [], 'data_collected': [{'category': 'App activity', 'sub_info': [{'data_type': 'App interactions', 'purpose': 'Analytics - Advertising or marketing - Fraud prevention - security - and compliance', 'optional': False}]}, {'category': 'Device or other IDs', 'sub_info': [{'data_type': 'Device or other IDs', 'purpose': 'Analytics - Advertising or marketing - Fraud prevention - security - and compliance', 'optional': True}]}, {'category': 'App info and performance', 'sub_info': [{'data_type': 'Diagnostics', 'purpose': 'Analytics - Advertising or marketing - Fraud prevention - security - and compliance', 'optional': False}]}], 'security_practices': [{'category': 'Data is encrypted in transit', 'sub_info': []}, {'category': 'You can request that data be deleted', 'sub_info': []}]}","Notice. This page is a placeholder. The document that normally appears here is not available at this address. No statement about data handling, data collection, data sharing, tracking, storage, retention, disclosure or user rights is made on this page. Please check back later.",0,,1,null,privacy policy replaced by a contentless placeholder
179,com.codewaystudios.selfbooth,Voi - AI Avatar Portrait Maker,Art & Design,High (1M-50M),"{'data_shared': [], 'data_collected': [{'category': 'Photos and videos', 'sub_info': [{'data_type': 'Photos', 'purpose': 'App functionality', 'optional': False}]}, {'category': 'App info and performance', 'sub_info': [{'data_type': 'Crash logs', 'purpose': 'App functionality - Analytics', 'optional': False}]}, {'category': 'App activity', 'sub_info': [{'data_type': 'App interactions', 'purpose': 'App functionality - Analytics', 'optional': False}, {'data_type': 'In-app search history', 'purpose': 'App functionality - Analytics', 'optional': False}]}, {'category': 'Device or other IDs', 'sub_info': [{'data_type': 'Device or other IDs', 'purpose': 'App functionality - Analytics', 'optional': False}]}], 'security_practices': [{'category': 'Data isn’t encrypted', 'sub_info': []}, {'category': 'Data can’t be deleted', 'sub_info': []}]}","Notice. This page is a placeholder. The document that normally appears here is not available at this address. No statement about data handling, data collection, data sharing, tracking, storage, retention, disclosure or user rights is made on this page. Please check back later.",0,,1,null,privacy policy replaced by a contentless placeholder
290,com.wasafat.tabiia.lijamalik,Skin Care : Face and Hair,Beauty,High (1M-50M),"{'data_shared': [{'category': 'Location', 'sub_info': [{'data_type': 'Approximate location', 'purpose': 'App functionality - Analytics - Advertising or marketing', 'optional': False}, {'data_type': 'Precise location', 'purpose': 'App functionality - Analytics - Advertising or marketing', 'optional': False}]}], 'data_collected': [], 'security_practices': [{'category': 'Data is encrypted in transit', 'sub_info': []}, {'category': 'Data can’t be deleted', 'sub_info': []}]}","Notice. This page is a placeholder. The document that normally appears here is not available at this address. No statement about data handling, data collection, data sharing, tracking, storage, retention, disclosure or user rights is made on this page. Please check back later.",0,,1,null,privacy policy replaced by a contentless placeholder
1404,com.bluefishapp.blureffect,"DSLR Blur Background, Bokeh bg",Photography,High (1M-50M),"{'data_shared': [{'category': 'App info and performance', 'sub_info': [{'data_type': 'Crash logs', 'purpose': 'Analytics', 'optional': False}, {'data_type': 'Diagnostics', 'purpose': 'Analytics - Advertising or marketing - Fraud prevention - security - and compliance', 'optional': False}]}, {'category': 'Financial info', 'sub_info': [{'data_type': 'Purchase history', 'purpose': 'Analytics', 'optional': False}]}, {'category': 'Device or other IDs', 'sub_info': [{'data_type': 'Device or other IDs', 'purpose': 'Analytics - Advertising or marketing - Fraud prevention - security - and compliance', 'optional': False}]}, {'category': 'Location', 'sub_info': [{'data_type': 'Approximate location', 'purpose': 'Analytics - Advertising or marketing - Fraud prevention - security - and compliance', 'optional': False}]}, {'category': 'App activity', 'sub_info': [{'data_type': 'App interactions', 'purpose': 'Analytics - Advertising or marketing - Fraud prevention - security - and compliance', 'optional': False}]}], 'data_collected': [{'category': 'App info and performance', 'sub_info': [{'data_type': 'Crash logs', 'purpose': 'Analytics', 'optional': False}, {'data_type': 'Diagnostics', 'purpose': 'Analytics - Advertising or marketing - Fraud prevention - security - and compliance', 'optional': False}]}, {'category': 'Financial info', 'sub_info': [{'data_type': 'Purchase history', 'purpose': 'Analytics', 'optional': False}]}, {'category': 'Device or other IDs', 'sub_info': [{'data_type': 'Device or other IDs', 'purpose': 'Analytics - Advertising or marketing - Fraud prevention - security - and compliance', 'optional': False}]}, {'category': 'Location', 'sub_info': [{'data_type': 'Approximate location', 'purpose': 'Analytics - Advertising or marketing - Fraud prevention - security - and compliance', 'optional': False}]}, {'category': 'App activity', 'sub_info': [{'data_type': 'App interactions', 'purpose': 'Analytics - Advertising or marketing - Fraud prevention - security - and compliance', 'optional': False}]}], 'security_practices': [{'category': 'Data is encrypted in transit', 'sub_info': []}, {'category': 'Data can’t be deleted', 'sub_info': []}]}","Notice. This page is a placeholder. The document that normally appears here is not available at this address. No statement about data handling, data collection, data sharing, tracking, storage, retention, disclosure or user rights is made on this page. Please check back later.",0,,1,null,privacy policy replaced by a contentless placeholder
1888,com.emmalousboutique.android,Emma Lou's Boutique,Shopping,Low (<50K),"{'data_shared': [{'category': 'Device or other IDs', 'sub_info': [{'data_type': 'Device or other IDs', 'purpose': 'App functionality - Analytics - Fraud prevention - security - and compliance', 'optional': False}]}, {'category': 'Location', 'sub_info': [{'data_type': 'Approximate location', 'purpose': 'App functionality - Fraud prevention - security - and compliance', 'optional': False}]}, {'category': 'Personal info', 'sub_info': [{'data_type': 'Name', 'purpose': 'Developer communications - Fraud prevention - security - and compliance - Personalization', 'optional': False}, {'data_type': 'Email address', 'purpose': 'Fraud prevention - security - and compliance', 'optional': False}, {'data_type': 'Address', 'purpose': 'App functionality - Fraud prevention - security - and compliance', 'optional': False}]}], 'data_collected': [{'category': 'Device or other IDs', 'sub_info': [{'data_type': 'Device or other IDs', 'purpose': 'App functionality - Analytics - Fraud prevention - security - and compliance', 'optional': False}]}, {'category': 'Location', 'sub_info': [{'data_type': 'Approximate location', 'purpose': 'App functionality - Fraud prevention - security - and compliance', 'optional': False}]}, {'category': 'Financial info', 'sub_info': [{'data_type': 'User payment info', 'purpose': 'App functionality - Fraud prevention - security - and compliance', 'optional': False}, {'data_type': 'Purchase history', 'purpose': 'App functionality - Fraud prevention - security - and compliance', 'optional': False}]}, {'category': 'Personal info', 'sub_info': [{'data_type': 'Name', 'purpose': 'Developer communications - Fraud prevention - security - and compliance - Personalization', 'optional': False}, {'data_type': 'Email address', 'purpose': 'Fraud prevention - security - and compliance', 'optional': False}, {'data_type': 'Address', 'purpose': 'App functionality - Fraud prevention - security - and compliance', 'optional': False}]}, {'category': 'Messages', 'sub_info': [{'data_type': 'Other in-app messages', 'purpose': 'App functionality - Account management', 'optional': True}]}], 'security_practices': [{'category': 'Data is encrypted in transit', 'sub_info': []}, {'category': 'You can request that data be deleted', 'sub_info': []}]}","Notice. This page is a placeholder. The document that normally appears here is not available at this address. No statement about data handling, data collection, data sharing, tracking, storage, retention, disclosure or user rights is made on this page. Please check back later.",0,,2,null,privacy policy replaced by a contentless placeholder
2054,com.muslimdo.app,MuslimDo: Quran Prayer Azkar,Social,Mid (50K-1M),"{'data_shared': [], 'data_collected': [{'category': 'Location', 'sub_info': [{'data_type': 'Approximate location', 'purpose': 'App functionality - Analytics', 'optional': False}]}, {'category': 'App activity', 'sub_info': [{'data_type': 'App interactions', 'purpose': 'App functionality - Analytics', 'optional': True}]}, {'category': 'App info and performance', 'sub_info': [{'data_type': 'Crash logs', 'purpose': 'App functionality - Analytics', 'optional': False}]}, {'category': 'Photos and videos', 'sub_info': [{'data_type': 'Photos', 'purpose': 'App functionality - Analytics', 'optional': False}]}, {'category': 'Device or other IDs', 'sub_info': [{'data_type': 'Device or other IDs', 'purpose': 'App functionality - Analytics', 'optional': False}]}, {'category': 'Financial info', 'sub_info': [{'data_type': 'User payment info', 'purpose': 'App functionality - Analytics', 'optional': False}]}, {'category': 'Personal info', 'sub_info': [{'data_type': 'Name', 'purpose': 'App functionality - Analytics', 'optional': False}, {'data_type': 'Email address', 'purpose': 'App functionality - Analytics', 'optional': False}, {'data_type': 'Phone number', 'purpose': 'App functionality - Analytics', 'optional': False}]}], 'security_practices': [{'category': 'Data is encrypted in transit', 'sub_info': []}, {'category': 'You can request that data be deleted', 'sub_info': []}]}","Notice. This page is a placeholder. The document that normally appears here is not available at this address. No statement about data handling, data collection, data sharing, tracking, storage, retention, disclosure or user rights is made on this page. Please check back later.",0,,1,null,privacy policy replaced by a contentless placeholder
1886,com.CSdearyesteryear.android,Dear Yesteryear,Shopping,Low (<50K),"{'data_shared': [{'category': 'Personal info', 'sub_info': [{'data_type': 'Name', 'purpose': 'Developer communications - Fraud prevention - security - and compliance - Personalization', 'optional': False}, {'data_type': 'Email address', 'purpose': 'Fraud prevention - security - and compliance', 'optional': False}, {'data_type': 'Address', 'purpose': 'App functionality - Fraud prevention - security - and compliance', 'optional': False}]}, {'category': 'Device or other IDs', 'sub_info': [{'data_type': 'Device or other IDs', 'purpose': 'App functionality - Analytics - Fraud prevention - security - and compliance', 'optional': False}]}, {'category': 'Location', 'sub_info': [{'data_type': 'Approximate location', 'purpose': 'App functionality - Fraud prevention - security - and compliance', 'optional': False}]}], 'data_collected': [{'category': 'Personal info', 'sub_info': [{'data_type': 'Name', 'purpose': 'Developer communications - Fraud prevention - security - and compliance - Personalization', 'optional': False}, {'data_type': 'Email address', 'purpose': 'Fraud prevention - security - and compliance', 'optional': False}, {'data_type': 'Address', 'purpose': 'App functionality - Fraud prevention - security - and compliance', 'optional': False}]}, {'category': 'Financial info', 'sub_info': [{'data_type': 'User payment info', 'purpose': 'App functionality - Fraud prevention - security - and compliance', 'optional': False}, {'data_type': 'Purchase history', 'purpose': 'App functionality - Fraud prevention - security - and compliance', 'optional': False}]}, {'category': 'Device or other IDs', 'sub_info': [{'data_type': 'Device or other IDs', 'purpose': 'App functionality - Analytics - Fraud prevention - security - and compliance', 'optional': False}]}, {'category': 'Messages', 'sub_info': [{'data_type': 'Other in-app messages', 'purpose': 'App functionality - Account management', 'optional': True}]}, {'category': 'Location', 'sub_info': [{'data_type': 'Approximate location', 'purpose': 'App functionality - Fraud prevention - security - and compliance', 'optional': False}]}], 'security_practices': [{'category': 'Data is encrypted in transit', 'sub_info': []}, {'category': 'You can request that data be deleted', 'sub_info': []}]}","Notice. This page is a placeholder. The document that normally appears here is not available at this address. No statement about data handling, data collection, data sharing, tracking, storage, retention, disclosure or user rights is made on this page. Please check back later.",0,,2,null,privacy policy replaced by a contentless placeholder
2286,com.libin.notification,Recent Notification,Tools,High (1M-50M),"{'data_shared': [], 'data_collected': []}","Notice. This page is a placeholder. The document that normally appears here is not available at this address. No statement about data handling, data collection, data sharing, tracking, storage, retention, disclosure or user rights is made on this page. Please check back later.",0,,1,null,privacy policy replaced by a contentless placeholder
2052,app.ferendi.android,فرندی : چت - دوستی - گفتگو,Social,Mid (50K-1M),"{'data_shared': [{'category': 'Personal info', 'sub_info': [{'data_type': 'Name', 'purpose': 'App functionality', 'optional': False}, {'data_type': 'User IDs', 'purpose': 'App functionality', 'optional': False}]}, {'category': 'Financial info', 'sub_info': [{'data_type': 'User payment info', 'purpose': 'App functionality', 'optional': False}]}, {'category': 'App info and performance', 'sub_info': [{'data_type': 'Crash logs', 'purpose': 'Analytics', 'optional': False}, {'data_type': 'Diagnostics', 'purpose': 'Analytics', 'optional': False}]}], 'data_collected': [{'category': 'Device or other IDs', 'sub_info': [{'data_type': 'Device or other IDs', 'purpose': 'App functionality - Account management', 'optional': False}]}, {'category': 'Photos and videos', 'sub_info': [{'data_type': 'Photos', 'purpose': 'App functionality', 'optional': True}]}, {'category': 'Personal info', 'sub_info': [{'data_type': 'Name', 'purpose': 'App functionality', 'optional': False}, {'data_type': 'User IDs', 'purpose': 'App functionality', 'optional': False}]}, {'category': 'App activity', 'sub_info': [{'data_type': 'App interactions', 'purpose': 'Analytics', 'optional': False}]}, {'category': 'App info and performance', 'sub_info': [{'data_type': 'Crash logs', 'purpose': 'Analytics', 'optional': False}, {'data_type': 'Diagnostics', 'purpose': 'Analytics', 'optional': False}]}], 'security_practices': [{'category': 'Data is encrypted in transit', 'sub_info': []}, {'category': 'You can request that data be deleted', 'sub_info': []}]}","Notice. This page is a placeholder. The document that normally appears here is not available at this address. No statement about data handling, data collection, data sharing, tracking, storage, retention, disclosure or user rights is made on this page. Please check back later.",0,,1,null,privacy policy replaced by a contentless placeholder
141,com.designs.svg.for.design.space,SVG Designs For Craft Space,Art & Design,Low (<50K),"{'data_shared': [], 'data_collected': []}","Notice. This page is a placeholder. The document that normally appears here is not available at this address. No statement about data handling, data collection, data sharing, tracking, storage, retention, disclosure or user rights is made on this page. Please check back later.",0,,1,null,privacy policy replaced by a contentless placeholder
188,com.bb8qq.pixel.pixelfootballlogo_tapcolornumber,Football Logo Pixel by Number,Art & Design,Mid (50K-1M),"{'data_shared': [{'category': 'App info and performance', 'sub_info': [{'data_type': 'Crash logs', 'purpose': 'App functionality - Analytics - Advertising or marketing - Personalization', 'optional': False}, {'data_type': 'Diagnostics', 'purpose': 'App functionality - Analytics - Advertising or marketing', 'optional': False}]}, {'category': 'Web browsing', 'sub_info': [{'data_type': 'Web browsing history', 'purpose': 'App functionality - Analytics - Advertising or marketing', 'optional': False}]}, {'category': 'Device or other IDs', 'sub_info': [{'data_type': 'Device or other IDs', 'purpose': 'App functionality - Analytics - Advertising or marketing', 'optional': False}]}, {'category': 'Personal info', 'sub_info': [{'data_type': 'User IDs', 'purpose': 'Analytics - Advertising or marketing - Personalization', 'optional': False}]}, {'category': 'App activity', 'sub_info': [{'data_type': 'App interactions', 'purpose': 'App functionality - Analytics - Advertising or marketing', 'optional': False}, {'data_type': 'In-app search history', 'purpose': 'App functionality - Analytics - Advertising or marketing', 'optional': False}, {'data_type': 'Installed apps', 'purpose': 'App functionality - Analytics - Advertising or marketing', 'optional': False}]}, {'category': 'Financial info', 'sub_info': [{'data_type': 'User payment info', 'purpose': 'App functionality - Analytics - Advertising or marketing', 'optional': False}, {'data_type': 'Purchase history', 'purpose': 'App functionality - Analytics - Advertising or marketing', 'optional': False}]}, {'category': 'Location', 'sub_info': [{'data_type': 'Approximate location', 'purpose': 'App functionality - Analytics - Advertising or marketing', 'optional': False}]}], 'data_collected': [], 'security_practices': [{'category': 'Data isn’t encrypted', 'sub_info': []}, {'category': 'Data can’t be deleted', 'sub_info': []}]}","Notice. This page is a placeholder. The document that normally appears here is not available at this address. No statement about data handling, data collection, data sharing, tracking, storage, retention, disclosure or user rights is made on this page. Please check back later.",0,,1,null,privacy policy replaced by a contentless placeholder
451,an.LatinTranslate,Latin English Translator,Books & Reference,Mid (50K-1M),"{'data_shared': [{'category': 'App activity', 'sub_info': [{'data_type': 'Installed apps', 'purpose': 'Analytics - Advertising or marketing', 'optional': False}]}, {'category': 'Device or other IDs', 'sub_info': [{'data_type': 'Device or other IDs', 'purpose': 'Analytics - Advertising or marketing', 'optional': False}]}], 'data_collected': [], 'security_practices': [{'category': 'Data is encrypted in transit', 'sub_info': []}, {'category': 'Data can’t be deleted', 'sub_info': []}]}","Notice. This page is a placeholder. The document that normally appears here is not available at this address. No statement about data handling, data collection, data sharing, tracking, storage, retention, disclosure or user rights is made on this page. Please check back later.",0,,1,null,privacy policy replaced by a contentless placeholder
2055,com.peek.live,Peek - Live Video Chat,Social,Mid (50K-1M),"{'data_shared': [{'category': 'App info and performance', 'sub_info': [{'data_type': 'Crash logs', 'purpose': 'App functionality - Developer communications', 'optional': False}, {'data_type': 'Diagnostics', 'purpose': 'App functionality - Developer communications', 'optional': False}]}, {'category': 'Location', 'sub_info': [{'data_type': 'Precise location', 'purpose': 'Analytics - Advertising or marketing', 'optional': False}]}], 'data_collected': [], 'security_practices': [{'category': 'Data is encrypted in transit', 'sub_info': []}, {'category': 'You can request that data be deleted', 'sub_info': []}]}","Notice. This page is a placeholder. The document that normally appears here is not available at this address. No statement about data handling, data collection, data sharing, tracking, storage, retention, disclosure or user rights is made on this page. Please check back later.",0,,1,null,privacy policy replaced by a contentless placeholder
1072,com.Gifinc.iloveyou,"Romantic images,I Love You GIF",Lifestyle,Low (<50K),"{'data_shared': [{'category': 'App activity', 'sub_info': [{'data_type': 'App interactions', 'purpose': 'Analytics - Advertising or marketing - Fraud prevention - security - and compliance', 'optional': False}]}, {'category': 'Device or other IDs', 'sub_info': [{'data_type': 'Device or other IDs', 'purpose': 'Analytics - Advertising or marketing - Fraud prevention - security - and compliance', 'optional': False}]}, {'category': 'Photos and videos', 'sub_info': [{'data_type': 'Photos', 'purpose': 'Analytics - Advertising or marketing - Fraud prevention - security - and compliance', 'optional': False}]}, {'category': 'Location', 'sub_info': [{'data_type': 'Approximate location', 'purpose': 'Analytics - Advertising or marketing - Fraud prevention - security - and compliance', 'optional': False}]}, {'category': 'App info and performance', 'sub_info': [{'data_type': 'Crash logs', 'purpose': 'Analytics - Advertising or marketing - Fraud prevention - security - and compliance', 'optional': False}, {'data_type': 'Diagnostics', 'purpose': 'Analytics - Advertising or marketing - Fraud prevention - security - and compliance', 'optional': False}]}], 'data_collected': [{'category': 'App activity', 'sub_info': [{'data_type': 'App interactions', 'purpose': 'Analytics - Advertising or marketing - Fraud prevention - security - and compliance', 'optional': False}]}, {'category': 'Device or other IDs', 'sub_info': [{'data_type': 'Device or other IDs', 'purpose': 'Analytics - Advertising or marketing - Fraud prevention - security - and compliance', 'optional': False}]}, {'category': 'Photos and videos', 'sub_info': [{'data_type': 'Photos', 'purpose': 'Analytics - Advertising or marketing - Fraud prevention - security - and compliance', 'optional': False}]}, {'category': 'Location', 'sub_info': [{'data_type': 'Approximate location', 'purpose': 'Analytics - Advertising or marketing - Fraud prevention - security - and compliance', 'optional': False}]}, {'category': 'App info and performance', 'sub_info': [{'data_type': 'Crash logs', 'purpose': 'Analytics - Advertising or marketing - Fraud prevention - security - and compliance', 'optional': False}, {'data_type': 'Diagnostics', 'purpose': 'Analytics - Advertising or marketing - Fraud prevention - security - and compliance', 'optional': False}]}], 'security_practices': [{'category': 'Data is encrypted in transit', 'sub_info': []}]}","Notice. This page is a placeholder. The document that normally appears here is not available at this address. No statement about data handling, data collection, data sharing, tracking, storage, retention, disclosure or user rights is made on this page. Please check back later.",0,,1,null,privacy policy replaced by a contentless placeholder
151,com.dabdaagames.drawing.cute.chibi.princess,AR Drawe : Easy Sketch Trace,Art & Design,Mid (50K-1M),"{'data_shared': [{'category': 'App info and performance', 'sub_info': [{'data_type': 'Crash logs', 'purpose': 'App functionality - Analytics - Developer communications', 'optional': False}, {'data_type': 'Diagnostics', 'purpose': 'App functionality - Analytics - Developer communications', 'optional': False}, {'data_type': 'Other app performance data', 'purpose': 'App functionality - Analytics - Developer communications', 'optional': False}]}, {'category': 'Location', 'sub_info': [{'data_type': 'Approximate location', 'purpose': 'Analytics - Advertising or marketing - Personalization', 'optional': False}]}, {'category': 'Device or other IDs', 'sub_info': [{'data_type': 'Device or other IDs', 'purpose': 'App functionality - Analytics - Developer communications - Advertising or marketing - Personalization', 'optional': False}]}], 'data_collected': [], 'security_practices': [{'category': 'Data is encrypted in transit', 'sub_info': []}, {'category': 'Data can’t be deleted', 'sub_info': []}]}","Notice. This page is a placeholder. The document that normally appears here is not available at this address. No statement about data handling, data collection, data sharing, tracking, storage, retention, disclosure or user rights is made on this page. Please check back later.",0,,1,null,privacy policy replaced by a contentless placeholder
2271,com.peacock.flashlight,Flashlight,Tools,Top (50M+),"{'data_shared': [{'category': 'Device or other IDs', 'sub_info': [{'data_type': 'Device or other IDs', 'purpose': 'Analytics - Advertising or marketing', 'optional': False}]}, {'category': 'Location', 'sub_info': [{'data_type': 'Approximate location', 'purpose': 'App functionality', 'optional': False}, {'data_type': 'Precise location', 'purpose': 'App functionality', 'optional': False}]}], 'data_collected': [{'category': 'Device or other IDs', 'sub_info': [{'data_type': 'Device or other IDs', 'purpose': 'Analytics - Advertising or marketing', 'optional': False}]}], 'security_practices': [{'category': 'Data is encrypted in transit', 'sub_info': []}, {'category': 'Data can’t be deleted', 'sub_info': []}]}","Notice. This page is a placeholder. The document that normally appears here is not available at this address. No statement about data handling, data collection, data sharing, tracking, storage, retention, disclosure or user rights is made on this page. Please check back later.",0,,1,null,privacy policy replaced by a contentless placeholder
696,com.alliancepayroll.mypay,AllianceHCM MyPay,Business,Mid (50K-1M),"{'data_shared': [{'category': 'Financial info', 'sub_info': [{'data_type': 'Other financial info', 'purpose': 'Fraud prevention - security - and compliance', 'optional': False}]}, {'category': 'Personal info', 'sub_info': [{'data_type': 'Name', 'purpose': 'Fraud prevention - security - and compliance', 'optional': False}, {'data_type': 'Email address', 'purpose': 'Fraud prevention - security - and compliance', 'optional': False}, {'data_type': 'User IDs', 'purpose': 'Fraud prevention - security - and compliance', 'optional': False}, {'data_type': 'Address', 'purpose': 'Fraud prevention - security - and compliance', 'optional': False}, {'data_type': 'Phone number', 'purpose': 'Fraud prevention - security - and compliance', 'optional': False}, {'data_type': 'Race and ethnicity', 'purpose': 'Fraud prevention - security - and compliance', 'optional': False}, {'data_type': 'Other info', 'purpose': 'Fraud prevention - security - and compliance', 'optional': False}]}, {'category': 'App activity', 'sub_info': [{'data_type': 'Other user-generated content', 'purpose': 'App functionality - Fraud prevention - security - and compliance', 'optional': False}]}, {'category': 'Calendar', 'sub_info': [{'data_type': 'Calendar events', 'purpose': 'App functionality - Fraud prevention - security - and compliance', 'optional': False}]}, {'category': 'Messages', 'sub_info': [{'data_type': 'Emails', 'purpose': 'Fraud prevention - security - and compliance', 'optional': False}, {'data_type': 'SMS or MMS', 'purpose': 'Fraud prevention - security - and compliance', 'optional': False}, {'data_type': 'Other in-app messages', 'purpose': 'Fraud prevention - security - and compliance', 'optional': False}]}, {'category': 'Files and docs', 'sub_info': [{'data_type': 'Files and docs', 'purpose': 'App functionality - Fraud prevention - security - and compliance', 'optional': False}]}, {'category': 'Photos and videos', 'sub_info': [{'data_type': 'Photos', 'purpose': 'App functionality - Fraud prevention - security - and compliance - Personalization', 'optional': False}]}], 'data_collected': [{'category': 'Financial info', 'sub_info': [{'data_type': 'Other financial info', 'purpose': 'Fraud prevention - security - and compliance', 'optional': False}]}, {'category': 'Personal info', 'sub_info': [{'data_type': 'Name', 'purpose': 'Fraud prevention - security - and compliance', 'optional': False}, {'data_type': 'Email address', 'purpose': 'Fraud prevention - security - and compliance', 'optional': False}, {'data_type': 'User IDs', 'purpose': 'Fraud prevention - security - and compliance', 'optional': False}, {'data_type': 'Address', 'purpose': 'Fraud prevention - security - and compliance', 'optional': False}, {'data_type': 'Phone number', 'purpose': 'Fraud prevention - security - and compliance', 'optional': False}, {'data_type': 'Race and ethnicity', 'purpose': 'Fraud prevention - security - and compliance', 'optional': False}, {'data_type': 'Other info', 'purpose': 'Fraud prevention - security - and compliance', 'optional': False}]}, {'category': 'App activity', 'sub_info': [{'data_type': 'Other user-generated content', 'purpose': 'App functionality - Fraud prevention - security - and compliance', 'optional': False}]}, {'category': 'Device or other IDs', 'sub_info': [{'data_type': 'Device or other IDs', 'purpose': 'App functionality - Fraud prevention - security - and compliance', 'optional': False}]}, {'category': 'Calendar', 'sub_info': [{'data_type': 'Calendar events', 'purpose': 'App functionality - Fraud prevention - security - and compliance', 'optional': False}]}, {'category': 'Messages', 'sub_info': [{'data_type': 'Emails', 'purpose': 'Fraud prevention - security - and compliance', 'optional': False}, {'data_type': 'SMS or MMS', 'purpose': 'Fraud prevention - security - and compliance', 'optional': False}, {'data_type': 'Other in-app messages', 'purpose': 'Fraud prevention - security - and compliance', 'optional': False}]}, {'category': 'Files and docs', 'sub_info': [{'data_type': 'Files and docs', 'purpose': 'App functionality - Fraud prevention - security - and compliance', 'optional': False}]}, {'category': 'Photos and videos', 'sub_info': [{'data_type': 'Photos', 'purpose': 'App functionality - Fraud prevention - security - and compliance - Personalization', 'optional': False}]}, {'category': 'App info and performance', 'sub_info': [{'data_type': 'Crash logs', 'purpose': 'Analytics', 'optional': False}, {'data_type': 'Diagnostics', 'purpose': 'Analytics', 'optional': False}, {'data_type': 'Other app performance data', 'purpose': 'Analytics', 'optional': False}]}], 'security_practices': [{'category': 'Data is encrypted in transit', 'sub_info': []}, {'category': 'Data can’t be deleted', 'sub_info': []}]}","Notice. This page is a placeholder. The document that normally appears here is not available at this address. No statement about data handling, data collection, data sharing, tracking, storage, retention, disclosure or user rights is made on this page. Please check back later.",0,,1,null,privacy policy replaced by a contentless placeholder
445,com.mmh.edic,English Dictionary - Offline,Books & Reference,Mid (50K-1M),"{'data_shared': [{'category': 'App activity', 'sub_info': [{'data_type': 'App interactions', 'purpose': 'App functionality - Analytics', 'optional': False}, {'data_type': 'In-app search history', 'purpose': 'App functionality - Analytics', 'optional': False}, {'data_type': 'Other user-generated content', 'purpose': 'App functionality - Analytics', 'optional': False}, {'data_type': 'Other actions', 'purpose': 'App functionality - Analytics', 'optional': False}]}, {'category': 'App info and performance', 'sub_info': [{'data_type': 'Crash logs', 'purpose': 'App functionality - Analytics - Advertising or marketing', 'optional': False}, {'data_type': 'Diagnostics', 'purpose': 'App functionality - Analytics - Advertising or marketing', 'optional': False}, {'data_type': 'Other app performance data', 'purpose': 'App functionality - Analytics - Advertising or marketing', 'optional': False}]}], 'data_collected': [{'category': 'App activity', 'sub_info': [{'data_type': 'App interactions', 'purpose': 'App functionality - Analytics', 'optional': False}, {'data_type': 'In-app search history', 'purpose': 'App functionality - Analytics', 'optional': False}, {'data_type': 'Other user-generated content', 'purpose': 'App functionality - Analytics', 'optional': False}, {'data_type': 'Other actions', 'purpose': 'App functionality - Analytics', 'optional': False}]}, {'category': 'App info and performance', 'sub_info': [{'data_type': 'Crash logs', 'purpose': 'App functionality - Analytics - Advertising or marketing', 'optional': False}, {'data_type': 'Diagnostics', 'purpose': 'App functionality - Analytics - Advertising or marketing', 'optional': False}, {'data_type': 'Other app performance data', 'purpose': 'App functionality - Analytics - Advertising or marketing', 'optional': False}]}], 'security_practices': [{'category': 'Data is encrypted in transit', 'sub_info': []}, {'category': 'Data can’t be deleted', 'sub_info': []}, {'category': 'Committed to follow the Play Families Policy', 'sub_info': []}]}","Notice. This page is a placeholder. The document that normally appears here is not available at this address. No statement about data handling, data collection, data sharing, tracking, storage, retention, disclosure or user rights is made on this page. Please check back later.",0,,1,null,privacy policy replaced by a contentless placeholder
309,com.binbibong.cosmeticchecker,Cosmetic Checker,Beauty,Low (<50K),"{'data_shared': [{'category': 'App activity', 'sub_info': [{'data_type': 'App interactions', 'purpose': 'Analytics', 'optional': False}]}, {'category': 'Device or other IDs', 'sub_info': [{'data_type': 'Device or other IDs', 'purpose': 'Analytics - Advertising or marketing', 'optional': False}]}], 'data_collected': [], 'security_practices': [{'category': 'Data is encrypted in transit', 'sub_info': []}, {'category': 'Data can’t be deleted', 'sub_info': []}]}","Notice. This page is a placeholder. The document that normally appears here is not available at this address. No statement about data handling, data collection, data sharing, tracking, storage, retention, disclosure or user rights is made on this page. Please check back later.",0,,1,null,privacy policy replaced by a contentless placeholder
616,com.sumtotal.mobileapp,SumTotal Mobile,Business,High (1M-50M),"{'data_shared': [], 'data_collected': [], 'security_practices': [{'category': 'Data is encrypted in transit', 'sub_info': []}, {'category': 'Data can’t be deleted', 'sub_info': []}]}","Notice. This page is a placeholder. The document that normally appears here is not available at this address. No statement about data handling, data collection, data sharing, tracking, storage, retention, disclosure or user rights is made on this page. Please check back later.",0,,1,null,privacy policy replaced by a contentless placeholder
830,photo.video.search.location.editor.mixer,Caller ID Name And Location,Communication,High (1M-50M),"{'data_shared': [], 'data_collected': [{'category': 'Location', 'sub_info': [{'data_type': 'Precise location', 'purpose': 'App functionality', 'optional': True}]}, {'category': 'Device or other IDs', 'sub_info': [{'data_type': 'Device or other IDs', 'purpose': 'Advertising or marketing', 'optional': True}]}], 'security_practices': [{'category': 'Data isn’t encrypted', 'sub_info': []}, {'category': 'Data can’t be deleted', 'sub_info': []}]}","Notice. This page is a placeholder. The document that normally appears here is not available at this address. No statement about data handling, data collection, data sharing, tracking, storage, retention, disclosure or user rights is made on this page. Please check back later.",0,,1,null,privacy policy replaced by a contentless placeholder
861,callfilter.app,Call Filter,Communication,High (1M-50M),"{'data_shared': [], 'data_collected': [{'category': 'App info and performance', 'sub_info': [{'data_type': 'Crash logs', 'purpose': 'Analytics', 'optional': False}, {'data_type': 'Diagnostics', 'purpose': 'Analytics', 'optional': False}]}], 'security_practices': [{'category': 'Data is encrypted in transit', 'sub_info': []}, {'category': 'Data can’t be deleted', 'sub_info': []}]}","Notice. This page is a placeholder. The document that normally appears here is not available at this address. No statement about data handling, data collection, data sharing, tracking, storage, retention, disclosure or user rights is made on this page. Please check back later.",0,,1,null,privacy policy replaced by a contentless placeholder
636,com.taskiboonpublishers.taskiopinionrewardsconverter,Taski Opinion Reward Converter,Business,Mid (50K-1M),"{'data_shared': [], 'data_collected': [{'category': 'Personal info', 'sub_info': [{'data_type': 'Name', 'purpose': 'Developer communications - Fraud prevention - security - and compliance - Personalization - Account management', 'optional': False}, {'data_type': 'Email address', 'purpose': 'App functionality - Developer communications - Fraud prevention - security - and compliance - Personalization - Account management', 'optional': False}, {'data_type': 'Phone number', 'purpose': 'App functionality - Developer communications - Fraud prevention - security - and compliance - Personalization - Account management', 'optional': False}]}], 'security_practices': [{'category': 'Data is encrypted in transit', 'sub_info': []}, {'category': 'You can request that data be deleted', 'sub_info': []}]}","Notice. This page is a placeholder. The document that normally appears here is not available at this address. No statement about data handling, data collection, data sharing, tracking, storage, retention, disclosure or user rights is made on this page. Please check back later.",0,,1,null,privacy policy replaced by a contentless placeholder
2087,com.yigithanyaramis.trlike,TRLike - Beğeni ve Takipçi,Social,Mid (50K-1M),"{'data_shared': [], 'data_collected': [{'category': 'Personal info', 'sub_info': [{'data_type': 'Email address', 'purpose': 'Account management', 'optional': False}]}], 'security_practices': [{'category': 'Data is encrypted in transit', 'sub_info': []}]}","Notice. This page is a placeholder. The document that normally appears here is not available at this address. No statement about data handling, data collection, data sharing, tracking, storage, retention, disclosure or user rights is made on this page. Please check back later.",0,,1,null,privacy policy replaced by a contentless placeholder
412,br.com.casaopen.hebrewbibletanakh,Bible Tanakh: Hebrew - English,Books & Reference,Mid (50K-1M),"{'data_shared': [], 'data_collected': [{'category': 'Device or other IDs', 'sub_info': [{'data_type': 'Device or other IDs', 'purpose': 'Analytics - Developer communications - Advertising or marketing', 'optional': False}]}, {'category': 'App activity', 'sub_info': [{'data_type': 'App interactions', 'purpose': 'Analytics - Developer communications - Advertising or marketing', 'optional': False}]}, {'category': 'App info and performance', 'sub_info': [{'data_type': 'Crash logs', 'purpose': 'Analytics - Developer communications - Advertising or marketing', 'optional': False}, {'data_type': 'Diagnostics', 'purpose': 'Analytics - Developer communications - Advertising or marketing', 'optional': False}, {'data_type': 'Other app performance data', 'purpose': 'Analytics - Developer communications - Advertising or marketing', 'optional': False}]}], 'security_practices': [{'category': 'Data is encrypted in transit', 'sub_info': []}, {'category': 'Data can’t be deleted', 'sub_info': []}]}","Notice. This page is a placeholder. The document that normally appears here is not available at this address. No statement about data handling, data collection, data sharing, tracking, storage, retention, disclosure or user rights is made on this page. Please check back later.",0,,1,null,privacy policy replaced by a contentless placeholder
201,com.VideobirdStudio.SelfieExpertPhotoPerfect,Selfie Camera Photo Perfect,Beauty,Mid (50K-1M),"{'data_shared': [{'category': 'Device or other IDs', 'sub_info': [{'data_type': 'Device or other IDs', 'purpose': 'Analytics - Advertising or marketing', 'optional': False}]}, {'category': 'Location', 'sub_info': [{'data_type': 'Approximate location', 'purpose': 'Analytics - Advertising or marketing', 'optional': False}]}], 'data_collected': [], 'security_practices': [{'category': 'Data is encrypted in transit', 'sub_info': []}, {'category': 'You can request that data be deleted', 'sub_info': []}]}","Notice. This page is a placeholder. The document that normally appears here is not available at this address. No statement about data handling, data collection, data sharing, tracking, storage, retention, disclosure or user rights is made on this page. Please check back later.",0,,2,null,privacy policy replaced by a contentless placeholder
330,maa.pixelwavewallpapers,Pixelwave Pixel Art Wallpapers,Beauty,Mid (50K-1M),"{'data_shared': [{'category': 'Device or other IDs', 'sub_info': [{'data_type': 'Device or other IDs', 'purpose': 'Advertising or marketing', 'optional': False}]}, {'category': 'App info and performance', 'sub_info': [{'data_type': 'Diagnostics', 'purpose': 'Analytics', 'optional': False}]}, {'category': 'App activity', 'sub_info': [{'data_type': 'Other actions', 'purpose': 'Analytics - Advertising or marketing', 'optional': False}]}, {'category': 'Location', 'sub_info': [{'data_type': 'Approximate location', 'purpose': 'Advertising or marketing', 'optional': False}]}], 'data_collected': [], 'security_practices': [{'category': 'Data is encrypted in transit', 'sub_info': []}, {'category': 'Data can’t be deleted', 'sub_info': []}]}","Notice. This page is a placeholder. The document that normally appears here is not available at this address. No statement about data handling, data collection, data sharing, tracking, storage, retention, disclosure or user rights is made on this page. Please check back later.",0,,1,null,privacy policy replaced by a contentless placeholder
1421,com.appure.difuminator,Difuminator,Photography,High (1M-50M),"{'data_shared': [], 'data_collected': [{'category': 'Device or other IDs', 'sub_info': [{'data_type': 'Device or other IDs', 'purpose': 'Analytics - Advertising or marketing - Fraud prevention - security - and compliance', 'optional': True}]}, {'category': 'App info and performance', 'sub_info': [{'data_type': 'Diagnostics', 'purpose': 'Analytics - Advertising or marketing - Fraud prevention - security - and compliance', 'optional': False}]}, {'category': 'App activity', 'sub_info': [{'data_type': 'App interactions', 'purpose': 'Analytics - Advertising or marketing - Fraud prevention - security - and compliance', 'optional': False}]}], 'security_practices': [{'category': 'Data is encrypted in transit', 'sub_info': []}, {'category': 'You can request that data be deleted', 'sub_info': []}]}","Notice. This page is a placeholder. The document that normally appears here is not available at this address. No statement about data handling, data collection, data sharing, tracking, storage, retention, disclosure or user rights is made on this page. Please check back later.",0,,1,null,privacy policy replaced by a contentless placeholder
1407,com.judi.collagemaker.layout,Collage maker: Photo collage,Photography,High (1M-50M),"{'data_shared': [], 'data_collected': [], 'security_practices': [{'category': 'Data is encrypted in transit', 'sub_info': []}]}","Notice. This page is a placeholder. The document that normally appears here is not available at this address. No statement about data handling, data collection, data sharing, tracking, storage, retention, disclosure or user rights is made on this page. Please check back later.",0,,1,null,privacy policy replaced by a contentless placeholder
432,com.simppro.quran,القرآن الكريم مع تفسير ومعاني,Books & Reference,High (1M-50M),"{'data_shared': [{'category': 'Device or other IDs', 'sub_info': [{'data_type': 'Device or other IDs', 'purpose': 'Advertising or marketing', 'optional': False}]}], 'data_collected': [{'category': 'Device or other IDs', 'sub_info': [{'data_type': 'Device or other IDs', 'purpose': 'Advertising or marketing', 'optional': False}]}], 'security_practices': [{'category': 'Data is encrypted in transit', 'sub_info': []}]}","Notice. This page is a placeholder. The document that normally appears here is not available at this address. No statement about data handling, data collection, data sharing, tracking, storage, retention, disclosure or user rights is made on this page. Please check back later.",0,,1,null,privacy policy replaced by a contentless placeholder
1403,com.luck.photoeditornewversion,Photo editor: Coloring effects,Photography,High (1M-50M),"{'data_shared': [], 'data_collected': [], 'security_practices': [{'category': 'Data is encrypted in transit', 'sub_info': []}, {'category': 'You can request that data be deleted', 'sub_info': []}]}","Notice. This page is a placeholder. The document that normally appears here is not available at this address. No statement about data handling, data collection, data sharing, tracking, storage, retention, disclosure or user rights is made on this page. Please check back later.",0,,1,null,privacy policy replaced by a contentless placeholder
2090,com.thinkmobile.accountmaster,2Face: Parallel Space,Social,High (1M-50M),"{'data_shared': [{'category': 'Contacts', 'sub_info': [{'data_type': 'Contacts', 'purpose': 'App functionality - Analytics', 'optional': False}]}, {'category': 'Location', 'sub_info': [{'data_type': 'Approximate location', 'purpose': 'App functionality - Analytics - Advertising or marketing', 'optional': False}, {'data_type': 'Precise location', 'purpose': 'App functionality - Analytics - Advertising or marketing', 'optional': False}]}, {'category': 'Device or other IDs', 'sub_info': [{'data_type': 'Device or other IDs', 'purpose': 'Advertising or marketing', 'optional': False}]}], 'data_collected': [{'category': 'Device or other IDs', 'sub_info': [{'data_type': 'Device or other IDs', 'purpose': 'Advertising or marketing', 'optional': False}]}, {'category': 'App activity', 'sub_info': [{'data_type': 'App interactions', 'purpose': 'App functionality - Analytics - Developer communications - Advertising or marketing - Fraud prevention - security - and compliance - Personalization', 'optional': False}, {'data_type': 'Installed apps', 'purpose': 'App functionality - Analytics - Developer communications - Advertising or marketing - Fraud prevention - security - and compliance - Personalization', 'optional': False}]}, {'category': 'App info and performance', 'sub_info': [{'data_type': 'Crash logs', 'purpose': 'App functionality - Analytics - Developer communications - Advertising or marketing - Fraud prevention - security - and compliance - Personalization', 'optional': False}]}], 'security_practices': [{'category': 'Data isn’t encrypted', 'sub_info': []}, {'category': 'Data can’t be deleted', 'sub_info': []}]}","Notice. This page is a placeholder. The document that normally appears here is not available at this address. No statement about data handling, data collection, data sharing, tracking, storage, retention, disclosure or user rights is made on this page. Please check back later.",0,,1,null,privacy policy replaced by a contentless placeholder
2240,com.cjin.pokegenie.standard,Poke Genie -Remote Raid IV PvP,Tools,High (1M-50M),"{'data_shared': [], 'data_collected': [{'category': 'Device or other IDs', 'sub_info': [{'data_type': 'Device or other IDs', 'purpose': 'Developer communications - Advertising or marketing', 'optional': False}]}, {'category': 'Personal info', 'sub_info': [{'data_type': 'Email address', 'purpose': 'App functionality - Account management', 'optional': True}]}, {'category': 'App activity', 'sub_info': [{'data_type': 'App interactions', 'purpose': 'Analytics', 'optional': False}]}, {'category': 'App info and performance', 'sub_info': [{'data_type': 'Crash logs', 'purpose': 'Analytics', 'optional': False}]}], 'security_practices': [{'category': 'Data isn’t encrypted', 'sub_info': []}, {'category': 'You can request that data be deleted', 'sub_info': []}]}","Notice. This page is a placeholder. The document that normally appears here is not available at this address. No statement about data handling, data collection, data sharing, tracking, storage, retention, disclosure or user rights is made on this page. Please check back later.",0,,1,null,privacy policy replaced by a contentless placeholder
821,im.team,Citadel Team,Communication,Mid (50K-1M),"{'data_shared': [], 'data_collected': [{'category': 'Personal info', 'sub_info': [{'data_type': 'Name', 'purpose': 'App functionality - Personalization - Account management', 'optional': False}, {'data_type': 'Email address', 'purpose': 'App functionality - Developer communications - Personalization - Account management', 'optional': False}, {'data_type': 'User IDs', 'purpose': 'App functionality - Analytics - Fraud prevention - security - and compliance - Personalization - Account management', 'optional': False}]}, {'category': 'Messages', 'sub_info': [{'data_type': 'Emails', 'purpose': 'App functionality - Account management', 'optional': False}]}], 'security_practices': [{'category': 'Data is encrypted in transit', 'sub_info': []}, {'category': 'You can request that data be deleted', 'sub_info': []}]}","Notice. This page is a placeholder. The document that normally appears here is not available at this address. No statement about data handling, data collection, data sharing, tracking, storage, retention, disclosure or user rights is made on this page. Please check back later.",0,,1,null,privacy policy replaced by a contentless placeholder
116,com.ai.viewer.illustrator,Ai viewer,Art & Design,High (1M-50M),"{'data_shared': [], 'data_collected': [], 'security_practices': [{'category': 'Data isn’t encrypted', 'sub_info': []}, {'category': 'Data can’t be deleted', 'sub_info': []}]}","Notice. This page is a placeholder. The document that normally appears here is not available at this address. No statement about data handling, data collection, data sharing, tracking, storage, retention, disclosure or user rights is made on this page. Please check back later.",0,,1,null,privacy policy replaced by a contentless placeholder
1416,com.realzhang.makeup,LegSculptor,Photography,Mid (50K-1M),"{'data_shared': [], 'data_collected': []}","Notice. This page is a placeholder. The document that normally appears here is not available at this address. No statement about data handling, data collection, data sharing, tracking, storage, retention, disclosure or user rights is made on this page. Please check back later.",0,,1,null,privacy policy replaced by a contentless placeholder
280,com.simplestudioapps.mirror,Mirror with Light and Video,Beauty,Mid (50K-1M),"{'data_shared': [], 'data_collected': [{'category': 'App info and performance', 'sub_info': [{'data_type': 'Crash logs', 'purpose': 'Analytics', 'optional': False}, {'data_type': 'Diagnostics', 'purpose': 'Analytics', 'optional': False}, {'data_type': 'Other app performance data', 'purpose': 'Analytics', 'optional': False}]}, {'category': 'Device or other IDs', 'sub_info': [{'data_type': 'Device or other IDs', 'purpose': 'Advertising or marketing', 'optional': False}]}], 'security_practices': [{'category': 'Data is encrypted in transit', 'sub_info': []}, {'category': 'You can request that data be deleted', 'sub_info': []}]}","Notice. This page is a placeholder. The document that normally appears here is not available at this address. No statement about data handling, data collection, data sharing, tracking, storage, retention, disclosure or user rights is made on this page. Please check back later.",0,,1,null,privacy policy replaced by a contentless placeholder
410,com.smogon.dex,Smogon Pokedex,Books & Reference,Mid (50K-1M),"{'data_shared': [{'category': 'Device or other IDs', 'sub_info': [{'data_type': 'Device or other IDs', 'purpose': 'Analytics', 'optional': False}]}], 'data_collected': [], 'security_practices': [{'category': 'Data is encrypted in transit', 'sub_info': []}, {'category': 'Data can’t be deleted', 'sub_info': []}]}","Notice. This page is a placeholder. The document that normally appears here is not available at this address. No statement about data handling, data collection, data sharing, tracking, storage, retention, disclosure or user rights is made on this page. Please check back later.",0,,1,null,privacy policy replaced by a contentless placeholder
2275,com.epson.mobilephone.android.epsonprintserviceplugin,Epson Print Enabler,Tools,High (1M-50M),"{'data_shared': [{'category': 'App info and performance', 'sub_info': [{'data_type': 'Crash logs', 'purpose': 'Analytics', 'optional': False}]}], 'data_collected': [], 'security_practices': [{'category': 'Data is encrypted in transit', 'sub_info': []}, {'category': 'Data can’t be deleted', 'sub_info': []}, {'category': 'Committed to follow the Play Families Policy', 'sub_info': []}]}","Notice. This page is a placeholder. The document that normally appears here is not available at this address. No statement about data handling, data collection, data sharing, tracking, storage, retention, disclosure or user rights is made on this page. Please check back later.",0,,1,null,privacy policy replaced by a contentless placeholder
525,com.eyetmax.xawnama,Xawnama - خەونامەی کوردی,Books & Reference,Mid (50K-1M),"{'data_shared': [], 'data_collected': []}","Notice. This page is a placeholder. The document that normally appears here is not available at this address. No statement about data handling, data collection, data sharing, tracking, storage, retention, disclosure or user rights is made on this page. Please check back later.",0,,1,null,privacy policy replaced by a contentless placeholder
2049,be.truthful.app,Anonymous SMS & Texting,Social,Mid (50K-1M),"{'data_shared': [], 'data_collected': [{'category': 'Messages', 'sub_info': [{'data_type': 'Other in-app messages', 'purpose': 'App functionality - Account management', 'optional': False}]}, {'category': 'Financial info', 'sub_info': [{'data_type': 'Purchase history', 'purpose': 'App functionality', 'optional': False}]}, {'category': 'Personal info', 'sub_info': [{'data_type': 'User IDs', 'purpose': 'App functionality - Account management', 'optional': False}, {'data_type': 'Phone number', 'purpose': 'App functionality', 'optional': False}]}], 'security_practices': [{'category': 'Data is encrypted in transit', 'sub_info': []}, {'category': 'You can request that data be deleted', 'sub_info': []}]}","Notice. This page is a placeholder. The document that normally appears here is not available at this address. No statement about data handling, data collection, data sharing, tracking, storage, retention, disclosure or user rights is made on this page. Please check back later.",0,,1,null,privacy policy replaced by a contentless placeholder
855,net.whatscall.freecall,Fast Call,Communication,High (1M-50M),"{'data_shared': [], 'data_collected': [{'category': 'App activity', 'sub_info': [{'data_type': 'App interactions', 'purpose': 'Analytics', 'optional': False}]}, {'category': 'Device or other IDs', 'sub_info': [{'data_type': 'Device or other IDs', 'purpose': 'Advertising or marketing', 'optional': False}]}, {'category': 'Personal info', 'sub_info': [{'data_type': 'Email address', 'purpose': 'Account management', 'optional': True}, {'data_type': 'Phone number', 'purpose': 'App functionality', 'optional': True}]}, {'category': 'App info and performance', 'sub_info': [{'data_type': 'Crash logs', 'purpose': 'Analytics', 'optional': False}]}], 'security_practices': [{'category': 'Data is encrypted in transit', 'sub_info': []}, {'category': 'You can request that data be deleted', 'sub_info': []}]}","Notice. This page is a placeholder. The document that normally appears here is not available at this address. No statement about data handling, data collection, data sharing, tracking, storage, retention, disclosure or user rights is made on this page. Please check back later.",0,,1,null,privacy policy replaced by a contentless placeholder
1424,com.inglesdivino.phototrimmer,Photo Trimmer,Photography,High (1M-50M),"{'data_shared': [], 'data_collected': [{'category': 'App info and performance', 'sub_info': [{'data_type': 'Diagnostics', 'purpose': 'Analytics - Advertising or marketing - Fraud prevention - security - and compliance', 'optional': False}]}, {'category': 'App activity', 'sub_info': [{'data_type': 'App interactions', 'purpose': 'Analytics - Advertising or marketing - Fraud prevention - security - and compliance', 'optional': False}]}, {'category': 'Device or other IDs', 'sub_info': [{'data_type': 'Device or other IDs', 'purpose': 'Analytics - Advertising or marketing - Fraud prevention - security - and compliance', 'optional': True}]}], 'security_practices': [{'category': 'Data is encrypted in transit', 'sub_info': []}, {'category': 'You can request that data be deleted', 'sub_info': []}]}","Notice. This page is a placeholder. The document that normally appears here is not available at this address. No statement about data handling, data collection, data sharing, tracking, storage, retention, disclosure or user rights is made on this page. Please check back later.",0,,1,null,privacy policy replaced by a contentless placeholder
1047,com.blogspot.shivashaktiapp.ramshalakaprashnawali,Shri Ram Shalaka Prashnavali,Lifestyle,Mid (50K-1M),"{'data_shared': [{'category': 'Device or other IDs', 'sub_info': [{'data_type': 'Device or other IDs', 'purpose': 'Analytics - Advertising or marketing - Fraud prevention - security - and compliance', 'optional': False}]}], 'data_collected': [{'category': 'Device or other IDs', 'sub_info': [{'data_type': 'Device or other IDs', 'purpose': 'Analytics - Advertising or marketing - Fraud prevention - security - and compliance', 'optional': False}]}], 'security_practices': [{'category': 'Data is encrypted in transit', 'sub_info': []}, {'category': 'Data can’t be deleted', 'sub_info': []}]}","Notice. This page is a placeholder. The document that normally appears here is not available at this address. No statement about data handling, data collection, data sharing, tracking, storage, retention, disclosure or user rights is made on this page. Please check back later.",0,,1,null,privacy policy replaced by a contentless placeholder
879,sms.mms.messages.text.free,Messenger SMS & MMS,Communication,High (1M-50M),"{'data_shared': [{'category': 'Device or other IDs', 'sub_info': [{'data_type': 'Device or other IDs', 'purpose': 'Analytics - Advertising or marketing', 'optional': False}]}, {'category': 'Location', 'sub_info': [{'data_type': 'Approximate location', 'purpose': 'Analytics - Advertising or marketing', 'optional': False}, {'data_type': 'Precise location', 'purpose': 'Analytics - Advertising or marketing', 'optional': False}]}, {'category': 'App info and performance', 'sub_info': [{'data_type': 'Crash logs', 'purpose': 'Analytics', 'optional': False}, {'data_type': 'Diagnostics', 'purpose': 'Analytics', 'optional': False}, {'data_type': 'Other app performance data', 'purpose': 'Analytics', 'optional': False}]}, {'category': 'Personal info', 'sub_info': [{'data_type': 'Phone number', 'purpose': 'Analytics - Advertising or marketing', 'optional': False}]}, {'category': 'App activity', 'sub_info': [{'data_type': 'App interactions', 'purpose': 'Analytics', 'optional': False}]}, {'category': 'Contacts', 'sub_info': [{'data_type': 'Contacts', 'purpose': 'App functionality - Advertising or marketing', 'optional': False}]}], 'data_collected': [], 'security_practices': [{'category': 'Data is encrypted in transit', 'sub_info': []}, {'category': 'You can request that data be deleted', 'sub_info': []}]}","Notice. This page is a placeholder. The document that normally appears here is not available at this address. No statement about data handling, data collection, data sharing, tracking, storage, retention, disclosure or user rights is made on this page. Please check back later.",0,,1,null,privacy policy replaced by a contentless placeholder
128,com.GameiFun.fruitscoloringbook,Fruits and Vegetable Coloring,Art & Design,Mid (50K-1M),"{'data_shared': [], 'data_collected': [], 'security_practices': [{'category': 'Committed to follow the Play Families Policy', 'sub_info': []}]}","Notice. This page is a placeholder. The document that normally appears here is not available at this address. No statement about data handling, data collection, data sharing, tracking, storage, retention, disclosure or user rights is made on this page. Please check back later.",0,,1,null,privacy policy replaced by a contentless placeholder
1884,com.CSdeansboytique.android,Deans Boytique,Shopping,Low (<50K),"{'data_shared': [{'category': 'Device or other IDs', 'sub_info': [{'data_type': 'Device or other IDs', 'purpose': 'App functionality - Analytics - Fraud prevention - security - and compliance', 'optional': False}]}, {'category': 'Location', 'sub_info': [{'data_type': 'Approximate location', 'purpose': 'App functionality - Fraud prevention - security - and compliance', 'optional': False}]}, {'category': 'Personal info', 'sub_info': [{'data_type': 'Name', 'purpose': 'Developer communications - Fraud prevention - security - and compliance - Personalization', 'optional': False}, {'data_type': 'Email address', 'purpose': 'Fraud prevention - security - and compliance', 'optional': False}, {'data_type': 'Address', 'purpose': 'App functionality - Fraud prevention - security - and compliance', 'optional': False}]}], 'data_collected': [{'category': 'Device or other IDs', 'sub_info': [{'data_type': 'Device or other IDs', 'purpose': 'App functionality - Analytics - Fraud prevention - security - and compliance', 'optional': False}]}, {'category': 'Financial info', 'sub_info': [{'data_type': 'User payment info', 'purpose': 'App functionality - Fraud prevention - security - and compliance', 'optional': False}, {'data_type': 'Purchase history', 'purpose': 'App functionality - Fraud prevention - security - and compliance', 'optional': False}]}, {'category': 'Location', 'sub_info': [{'data_type': 'Approximate location', 'purpose': 'App functionality - Fraud prevention - security - and compliance', 'optional': False}]}, {'category': 'Messages', 'sub_info': [{'data_type': 'Other in-app messages', 'purpose': 'App functionality - Account management', 'optional': True}]}, {'category': 'Personal info', 'sub_info': [{'data_type': 'Name', 'purpose': 'Developer communications - Fraud prevention - security - and compliance - Personalization', 'optional': False}, {'data_type': 'Email address', 'purpose': 'Fraud prevention - security - and compliance', 'optional': False}, {'data_type': 'Address', 'purpose': 'App functionality - Fraud prevention - security - and compliance', 'optional': False}]}], 'security_practices': [{'category': 'Data is encrypted in transit', 'sub_info': []}, {'category': 'You can request that data be deleted', 'sub_info': []}]}","Notice. This page is a placeholder. The document that normally appears here is not available at this address. No statement about data handling, data collection, data sharing, tracking, storage, retention, disclosure or user rights is made on this page. Please check back later.",0,,2,null,privacy policy replaced by a contentless placeholder
2026,com.mine.rabitnetwork,Rabit Network,Social,Mid (50K-1M),"{'data_shared': [], 'data_collected': [{'category': 'App activity', 'sub_info': [{'data_type': 'App interactions', 'purpose': 'App functionality - Analytics', 'optional': False}, {'data_type': 'Other actions', 'purpose': 'App functionality - Analytics', 'optional': True}]}, {'category': 'Messages', 'sub_info': [{'data_type': 'Emails', 'purpose': 'App functionality - Fraud prevention - security - and compliance - Account management', 'optional': False}]}, {'category': 'Personal info', 'sub_info': [{'data_type': 'Name', 'purpose': 'App functionality - Fraud prevention - security - and compliance - Account management', 'optional': False}, {'data_type': 'Email address', 'purpose': 'App functionality - Fraud prevention - security - and compliance - Account management', 'optional': False}, {'data_type': 'User IDs', 'purpose': 'App functionality - Fraud prevention - security - and compliance - Account management', 'optional': False}, {'data_type': 'Address', 'purpose': 'App functionality - Fraud prevention - security - and compliance - Account management', 'optional': False}, {'data_type': 'Phone number', 'purpose': 'App functionality - Fraud prevention - security - and compliance - Account management', 'optional': False}, {'data_type': 'Sexual orientation', 'purpose': 'App functionality - Fraud prevention - security - and compliance - Account management', 'optional': False}]}, {'category': 'Device or other IDs', 'sub_info': [{'data_type': 'Device or other IDs', 'purpose': 'App functionality - Analytics - Fraud prevention - security - and compliance - Account management', 'optional': False}]}, {'category': 'Photos and videos', 'sub_info': [{'data_type': 'Photos', 'purpose': 'App functionality - Fraud prevention - security - and compliance - Account management', 'optional': True}]}], 'security_practices': [{'category': 'Data is encrypted in transit', 'sub_info': []}, {'category': 'You can request that data be deleted', 'sub_info': []}]}","Notice. This page is a placeholder. The document that normally appears here is not available at this address. No statement about data handling, data collection, data sharing, tracking, storage, retention, disclosure or user rights is made on this page. Please check back later.",0,,2,null,privacy policy replaced by a contentless placeholder
112,com.vvorld.psdconverter,"PSD Converter(PSD to PNG,WEBP,",Art & Design,Mid (50K-1M),"{'data_shared': [], 'data_collected': [], 'security_practices': [{'category': 'Data is encrypted in transit', 'sub_info': []}, {'category': 'Data can’t be deleted', 'sub_info': []}]}","Notice. This page is a placeholder. The document that normally appears here is not available at this address. No statement about data handling, data collection, data sharing, tracking, storage, retention, disclosure or user rights is made on this page. Please check back later.",0,,1,null,privacy policy replaced by a contentless placeholder
2010,com.bengalishaadi.android,Bengali Matrimony - Shaadi.com,Social,High (1M-50M),"{'data_shared': [{'category': 'Health and fitness', 'sub_info': [{'data_type': 'Health info', 'purpose': 'App functionality', 'optional': False}]}, {'category': 'Photos and videos', 'sub_info': [{'data_type': 'Photos', 'purpose': 'App functionality - Fraud prevention - security - and compliance', 'optional': False}]}, {'category': 'Messages', 'sub_info': [{'data_type': 'Emails', 'purpose': 'App functionality - Fraud prevention - security - and compliance', 'optional': False}, {'data_type': 'SMS or MMS', 'purpose': 'App functionality - Fraud prevention - security - and compliance', 'optional': False}]}, {'category': 'Financial info', 'sub_info': [{'data_type': 'Other financial info', 'purpose': 'App functionality', 'optional': False}]}, {'category': 'App activity', 'sub_info': [{'data_type': 'Other user-generated content', 'purpose': 'App functionality', 'optional': False}]}, {'category': 'Personal info', 'sub_info': [{'data_type': 'Name', 'purpose': 'App functionality - Fraud prevention - security - and compliance', 'optional': False}, {'data_type': 'Email address', 'purpose': 'App functionality - Fraud prevention - security - and compliance', 'optional': False}, {'data_type': 'Address', 'purpose': 'App functionality - Fraud prevention - security - and compliance', 'optional': False}, {'data_type': 'Phone number', 'purpose': 'App functionality - Fraud prevention - security - and compliance', 'optional': False}, {'data_type': 'Race and ethnicity', 'purpose': 'App functionality - Fraud prevention - security - and compliance - Personalization', 'optional': False}, {'data_type': 'Other info', 'purpose': 'App functionality - Fraud prevention - security - and compliance', 'optional': False}]}, {'category': 'Location', 'sub_info': [{'data_type': 'Approximate location', 'purpose': 'App functionality - Personalization', 'optional': False}, {'data_type': 'Precise location', 'purpose': 'App functionality - Personalization', 'optional': False}]}], 'data_collected': [{'category': 'Files and docs', 'sub_info': [{'data_type': 'Files and docs', 'purpose': 'App functionality - Fraud prevention - security - and compliance - Account management', 'optional': False}]}, {'category': 'Health and fitness', 'sub_info': [{'data_type': 'Health info', 'purpose': 'App functionality', 'optional': False}]}, {'category': 'App info and performance', 'sub_info': [{'data_type': 'Crash logs', 'purpose': 'App functionality - Analytics - Developer communications', 'optional': False}, {'data_type': 'Diagnostics', 'purpose': 'App functionality - Analytics - Developer communications', 'optional': False}, {'data_type': 'Other app performance data', 'purpose': 'App functionality - Analytics - Developer communications', 'optional': False}]}, {'category': 'Photos and videos', 'sub_info': [{'data_type': 'Photos', 'purpose': 'App functionality - Fraud prevention - security - and compliance', 'optional': False}]}, {'category': 'Messages', 'sub_info': [{'data_type': 'Emails', 'purpose': 'App functionality - Fraud prevention - security - and compliance', 'optional': False}, {'data_type': 'SMS or MMS', 'purpose': 'App functionality - Fraud prevention - security - and compliance', 'optional': False}]}, {'category': 'Financial info', 'sub_info': [{'data_type': 'Other financial info', 'purpose': 'App functionality', 'optional': False}]}, {'category': 'Device or other IDs', 'sub_info': [{'data_type': 'Device or other IDs', 'purpose': 'App functionality - Analytics - Developer communications - Advertising or marketing - Fraud prevention - security - and compliance', 'optional': False}]}, {'category': 'App activity', 'sub_info': [{'data_type': 'Other user-generated content', 'purpose': 'App functionality', 'optional': False}]}, {'category': 'Personal info', 'sub_info': [{'data_type': 'Name', 'purpose': 'App functionality - Fraud prevention - security - and compliance', 'optional': False}, {'data_type': 'Email address', 'purpose': 'App functionality - Fraud prevention - security - and compliance', 'optional': False}, {'data_type': 'Address', 'purpose': 'App functionality - Fraud prevention - security - and compliance', 'optional': False}, {'data_type': 'Phone number', 'purpose': 'App functionality - Fraud prevention - security - and compliance', 'optional': False}, {'data_type': 'Race and ethnicity', 'purpose': 'App functionality - Fraud prevention - security - and compliance - Personalization', 'optional': False}, {'data_type': 'Other info', 'purpose': 'App functionality - Fraud prevention - security - and compliance', 'optional': False}]}, {'category': 'Location', 'sub_info': [{'data_type': 'Approximate location', 'purpose': 'App functionality - Personalization', 'optional': False}, {'data_type': 'Precise location', 'purpose': 'App functionality - Personalization', 'optional': False}]}], 'security_practices': [{'category': 'Data is encrypted in transit', 'sub_info': []}, {'category': 'You can request that data be deleted', 'sub_info': []}]}","Notice. This page is a placeholder. The document that normally appears here is not available at this address. No statement about data handling, data collection, data sharing, tracking, storage, retention, disclosure or user rights is made on this page. Please check back later.",0,,2,null,privacy policy replaced by a contentless placeholder
858,com.dsnl.multicall,MultiCall – Group Calling App,Communication,High (1M-50M),"{'data_shared': [], 'data_collected': [{'category': 'Contacts', 'sub_info': [{'data_type': 'Contacts', 'purpose': 'App functionality - Analytics - Developer communications - Account management', 'optional': False}]}, {'category': 'Device or other IDs', 'sub_info': [{'data_type': 'Device or other IDs', 'purpose': 'App functionality - Analytics - Developer communications - Account management', 'optional': False}]}, {'category': 'Personal info', 'sub_info': [{'data_type': 'Name', 'purpose': 'App functionality - Account management', 'optional': False}, {'data_type': 'Email address', 'purpose': 'App functionality - Analytics - Developer communications - Advertising or marketing - Account management', 'optional': False}, {'data_type': 'Phone number', 'purpose': 'App functionality - Analytics - Developer communications - Advertising or marketing - Account management', 'optional': False}]}, {'category': 'Audio', 'sub_info': [{'data_type': 'Voice or sound recordings', 'purpose': 'App functionality - Analytics - Developer communications - Account management', 'optional': True}]}, {'category': 'Financial info', 'sub_info': [{'data_type': 'Purchase history', 'purpose': 'App functionality - Analytics - Developer communications', 'optional': False}]}, {'category': 'App activity', 'sub_info': [{'data_type': 'App interactions', 'purpose': 'App functionality - Analytics - Account management', 'optional': False}]}], 'security_practices': [{'category': 'Data isn’t encrypted', 'sub_info': []}, {'category': 'You can request that data be deleted', 'sub_info': []}]}","Notice. This page is a placeholder. The document that normally appears here is not available at this address. No statement about data handling, data collection, data sharing, tracking, storage, retention, disclosure or user rights is made on this page. Please check back later.",0,,1,null,privacy policy replaced by a contentless placeholder
1059,com.casio.gshockmove,G-SHOCK MOVE,Lifestyle,Mid (50K-1M),"{'data_shared': [], 'data_collected': [{'category': 'Location', 'sub_info': [{'data_type': 'Approximate location', 'purpose': 'Analytics', 'optional': True}, {'data_type': 'Precise location', 'purpose': 'App functionality', 'optional': True}]}, {'category': 'Health and fitness', 'sub_info': [{'data_type': 'Fitness info', 'purpose': 'App functionality - Analytics', 'optional': True}]}, {'category': 'App activity', 'sub_info': [{'data_type': 'App interactions', 'purpose': 'Analytics', 'optional': False}, {'data_type': 'Other user-generated content', 'purpose': 'App functionality', 'optional': True}, {'data_type': 'Other actions', 'purpose': 'Analytics', 'optional': False}]}, {'category': 'Personal info', 'sub_info': [{'data_type': 'Name', 'purpose': 'Account management', 'optional': False}, {'data_type': 'Email address', 'purpose': 'App functionality - Account management', 'optional': False}, {'data_type': 'User IDs', 'purpose': 'Analytics - Account management', 'optional': False}, {'data_type': 'Other info', 'purpose': 'App functionality - Analytics - Account management', 'optional': False}]}], 'security_practices': [{'category': 'Data is encrypted in transit', 'sub_info': []}, {'category': 'You can request that data be deleted', 'sub_info': []}]}","Notice. This page is a placeholder. The document that normally appears here is not available at this address. No statement about data handling, data collection, data sharing, tracking, storage, retention, disclosure or user rights is made on this page. Please check back later.",0,,1,null,privacy policy replaced by a contentless placeholder
2272,com.ironmeta.security.turbo.proxy.vpntomato.pro,Tomato VPN | VPN Proxy,Tools,Top (50M+),"{'data_shared': [{'category': 'Personal info', 'sub_info': [{'data_type': 'User IDs', 'purpose': 'Advertising or marketing', 'optional': False}]}, {'category': 'Device or other IDs', 'sub_info': [{'data_type': 'Device or other IDs', 'purpose': 'Advertising or marketing', 'optional': False}]}], 'data_collected': [{'category': 'App info and performance', 'sub_info': [{'data_type': 'Crash logs', 'purpose': 'Analytics', 'optional': False}, {'data_type': 'Diagnostics', 'purpose': 'Analytics', 'optional': False}]}, {'category': 'App activity', 'sub_info': [{'data_type': 'App interactions', 'purpose': 'Analytics', 'optional': False}]}, {'category': 'Personal info', 'sub_info': [{'data_type': 'User IDs', 'purpose': 'Advertising or marketing', 'optional': False}]}, {'category': 'Device or other IDs', 'sub_info': [{'data_type': 'Device or other IDs', 'purpose': 'Advertising or marketing', 'optional': False}]}], 'security_practices': [{'category': 'Data is encrypted in transit', 'sub_info': []}, {'category': 'Data can’t be deleted', 'sub_info': []}, {'category': 'Independent security review', 'sub_info': []}]}","Notice. This page is a placeholder. The document that normally appears here is not available at this address. No statement about data handling, data collection, data sharing, tracking, storage, retention, disclosure or user rights is made on this page. Please check back later.",0,,1,null,privacy policy replaced by a contentless placeholder
479,com.ktteam.allnovelfree,All Novel Full,Books & Reference,Mid (50K-1M),"{'data_shared': [], 'data_collected': [{'category': 'App info and performance', 'sub_info': [{'data_type': 'Crash logs', 'purpose': 'Analytics', 'optional': False}, {'data_type': 'Diagnostics', 'purpose': 'Analytics', 'optional': False}, {'data_type': 'Other app performance data', 'purpose': 'Analytics', 'optional': False}]}, {'category': 'Device or other IDs', 'sub_info': [{'data_type': 'Device or other IDs', 'purpose': 'Analytics', 'optional': False}]}], 'security_practices': [{'category': 'Data is encrypted in transit', 'sub_info': []}, {'category': 'You can request that data be deleted', 'sub_info': []}]}","Notice. This page is a placeholder. The document that normally appears here is not available at this address. No statement about data handling, data collection, data sharing, tracking, storage, retention, disclosure or user rights is made on this page. Please check back later.",0,,1,null,privacy policy replaced by a contentless placeholder
314,com.kimtaeyeon.mirror,Clear mirror,Beauty,Mid (50K-1M),"{'data_shared': [{'category': 'Device or other IDs', 'sub_info': [{'data_type': 'Device or other IDs', 'purpose': 'App functionality - Advertising or marketing', 'optional': False}]}], 'data_collected': [], 'security_practices': [{'category': 'Data isn’t encrypted', 'sub_info': []}, {'category': 'Data can’t be deleted', 'sub_info': []}]}","Notice. This page is a placeholder. The document that normally appears here is not available at this address. No statement about data handling, data collection, data sharing, tracking, storage, retention, disclosure or user rights is made on this page. Please check back later.",0,,1,null,privacy policy replaced by a contentless placeholder
1034,com.pabbl.android,ScreenBuddy: Points & Rewards,Lifestyle,Mid (50K-1M),"{'data_shared': [{'category': 'Device or other IDs', 'sub_info': [{'data_type': 'Device or other IDs', 'purpose': 'Advertising or marketing - Personalization', 'optional': False}]}, {'category': 'Personal info', 'sub_info': [{'data_type': 'Phone number', 'purpose': 'App functionality - Account management', 'optional': False}]}, {'category': 'App info and performance', 'sub_info': [{'data_type': 'Crash logs', 'purpose': 'App functionality - Analytics', 'optional': False}, {'data_type': 'Diagnostics', 'purpose': 'App functionality - Analytics', 'optional': False}, {'data_type': 'Other app performance data', 'purpose': 'App functionality - Analytics', 'optional': False}]}], 'data_collected': [{'category': 'Personal info', 'sub_info': [{'data_type': 'Phone number', 'purpose': 'App functionality - Account management', 'optional': False}]}, {'category': 'App info and performance', 'sub_info': [{'data_type': 'Crash logs', 'purpose': 'App functionality - Analytics', 'optional': False}, {'data_type': 'Diagnostics', 'purpose': 'App functionality - Analytics', 'optional': False}, {'data_type': 'Other app performance data', 'purpose': 'App functionality - Analytics', 'optional': False}]}], 'security_practices': [{'category': 'Data is encrypted in transit', 'sub_info': []}, {'category': 'You can request that data be deleted', 'sub_info': []}]}","Notice. This page is a placeholder. The document that normally appears here is not available at this address. No statement about data handling, data collection, data sharing, tracking, storage, retention, disclosure or user rights is made on this page. Please check back later.",0,,1,null,privacy policy replaced by a contentless placeholder
1414,com.CameraFlash,camera flash app,Photography,High (1M-50M),"{'data_shared': [{'category': 'Location', 'sub_info': [{'data_type': 'Approximate location', 'purpose': 'App functionality - Analytics - Advertising or marketing', 'optional': False}]}, {'category': 'App activity', 'sub_info': [{'data_type': 'App interactions', 'purpose': 'App functionality - Analytics - Advertising or marketing', 'optional': False}, {'data_type': 'Other actions', 'purpose': 'App functionality - Analytics - Advertising or marketing', 'optional': False}]}, {'category': 'App info and performance', 'sub_info': [{'data_type': 'Crash logs', 'purpose': 'App functionality - Analytics - Advertising or marketing', 'optional': False}, {'data_type': 'Diagnostics', 'purpose': 'App functionality - Analytics - Advertising or marketing', 'optional': False}, {'data_type': 'Other app performance data', 'purpose': 'App functionality - Analytics - Advertising or marketing', 'optional': False}]}, {'category': 'Device or other IDs', 'sub_info': [{'data_type': 'Device or other IDs', 'purpose': 'App functionality - Analytics - Advertising or marketing', 'optional': False}]}], 'data_collected': [{'category': 'Location', 'sub_info': [{'data_type': 'Approximate location', 'purpose': 'App functionality - Analytics - Advertising or marketing', 'optional': False}]}, {'category': 'App activity', 'sub_info': [{'data_type': 'App interactions', 'purpose': 'App functionality - Analytics - Advertising or marketing', 'optional': False}, {'data_type': 'Other actions', 'purpose': 'App functionality - Analytics - Advertising or marketing', 'optional': False}]}, {'category': 'App info and performance', 'sub_info': [{'data_type': 'Crash logs', 'purpose': 'App functionality - Analytics - Advertising or marketing', 'optional': False}, {'data_type': 'Diagnostics', 'purpose': 'App functionality - Analytics - Advertising or marketing', 'optional': False}, {'data_type': 'Other app performance data', 'purpose': 'App functionality - Analytics - Advertising or marketing', 'optional': False}]}, {'category': 'Device or other IDs', 'sub_info': [{'data_type': 'Device or other IDs', 'purpose': 'App functionality - Analytics - Advertising or marketing', 'optional': False}]}], 'security_practices': [{'category': 'Data is encrypted in transit', 'sub_info': []}, {'category': 'Data can’t be deleted', 'sub_info': []}]}","Notice. This page is a placeholder. The document that normally appears here is not available at this address. No statement about data handling, data collection, data sharing, tracking, storage, retention, disclosure or user rights is made on this page. Please check back later.",0,,1,null,privacy policy replaced by a contentless placeholder
150,com.gpinfo.marathieditor,Marathi Font Style App Editor,Art & Design,Mid (50K-1M),"{'data_shared': [], 'data_collected': [], 'security_practices': [{'category': 'Data is encrypted in transit', 'sub_info': []}, {'category': 'You can request that data be deleted', 'sub_info': []}]}","Notice. This page is a placeholder. The document that normally appears here is not available at this address. No statement about data handling, data collection, data sharing, tracking, storage, retention, disclosure or user rights is made on this page. Please check back later.",0,,1,null,privacy policy replaced by a contentless placeholder
444,com.lenntt.evoicereader,Evie - The eVoice book reader,Books & Reference,Mid (50K-1M),"{'data_shared': [], 'data_collected': [{'category': 'Personal info', 'sub_info': [{'data_type': 'Email address', 'purpose': 'App functionality - Account management', 'optional': False}]}], 'security_practices': [{'category': 'Data is encrypted in transit', 'sub_info': []}, {'category': 'You can request that data be deleted', 'sub_info': []}]}","Notice. This page is a placeholder. The document that normally appears here is not available at this address. No statement about data handling, data collection, data sharing, tracking, storage, retention, disclosure or user rights is made on this page. Please check back later.",0,,1,null,privacy policy replaced by a contentless placeholder
842,com.namadeveloper.DPLebaranidulfitri2020,Kata Ucapan Idul Fitri 2024,Communication,Mid (50K-1M),"{'data_shared': [{'category': 'Photos and videos', 'sub_info': [{'data_type': 'Photos', 'purpose': 'App functionality', 'optional': False}]}, {'category': 'Location', 'sub_info': [{'data_type': 'Approximate location', 'purpose': 'Analytics - Advertising or marketing', 'optional': False}, {'data_type': 'Precise location', 'purpose': 'Analytics - Advertising or marketing', 'optional': False}]}, {'category': 'Device or other IDs', 'sub_info': [{'data_type': 'Device or other IDs', 'purpose': 'Analytics - Advertising or marketing - Personalization', 'optional': False}]}], 'data_collected': [], 'security_practices': [{'category': 'Data isn’t encrypted', 'sub_info': []}, {'category': 'Data can’t be deleted', 'sub_info': []}]}","Notice. This page is a placeholder. The document that normally appears here is not available at this address. No statement about data handling, data collection, data sharing, tracking, storage, retention, disclosure or user rights is made on this page. Please check back later.",0,,1,null,privacy policy replaced by a contentless placeholder
2241,Face.Sorter,Photo Recovery,Tools,High (1M-50M),"{'data_shared': [], 'data_collected': [], 'security_practices': [{'category': 'Data is encrypted in transit', 'sub_info': []}, {'category': 'You can request that data be deleted', 'sub_info': []}]}","Notice. This page is a placeholder. The document that normally appears here is not available at this address. No statement about data handling, data collection, data sharing, tracking, storage, retention, disclosure or user rights is made on this page. Please check back later.",0,,1,null,privacy policy replaced by a contentless placeholder
681,org.school.mitra,SchoolMitra,Business,Mid (50K-1M),"{'data_shared': [], 'data_collected': [], 'security_practices': [{'category': 'Data isn’t encrypted', 'sub_info': []}, {'category': 'Data can’t be deleted', 'sub_info': []}]}","Notice. This page is a placeholder. The document that normally appears here is not available at this address. No statement about data handling, data collection, data sharing, tracking, storage, retention, disclosure or user rights is made on this page. Please check back later.",0,,1,null,privacy policy replaced by a contentless placeholder
677,com.wave.tradeezy,Tradeezy,Business,Low (<50K),"{'data_shared': [], 'data_collected': []}","Notice. This page is a placeholder. The document that normally appears here is not available at this address. No statement about data handling, data collection, data sharing, tracking, storage, retention, disclosure or user rights is made on this page. Please check back later.",0,,1,null,privacy policy replaced by a contentless placeholder
7,com.panalab.letters.zletter.Wallpaper,Z Letters Wallpaper HD,Art & Design,Mid (50K-1M),"{'data_shared': [], 'data_collected': [], 'security_practices': [{'category': 'Data is encrypted in transit', 'sub_info': []}, {'category': 'Data can?t be deleted', 'sub_info': []}]}","Notice. This page is a placeholder. The document that normally appears here is not available at this address. No statement about data handling, data collection, data sharing, tracking, storage, retention, disclosure or user rights is made on this page. Please check back later.",0,,1,null,privacy policy replaced by a contentless placeholder
659,com.saspl.order,NAVBHOOMI,Business,Low (<50K),"{'data_shared': [{'category': 'Messages', 'sub_info': [{'data_type': 'SMS or MMS', 'purpose': 'App functionality', 'optional': False}]}], 'data_collected': [], 'security_practices': [{'category': 'Data is encrypted in transit', 'sub_info': []}, {'category': 'Data can’t be deleted', 'sub_info': []}]}","Notice. This page is a placeholder. The document that normally appears here is not available at this address. No statement about data handling, data collection, data sharing, tracking, storage, retention, disclosure or user rights is made on this page. Please check back later.",0,,1,null,privacy policy replaced by a contentless placeholder
1418,com.fantasticapps.wild.photo.frames,Wild Animal Photo Frames,Photography,Mid (50K-1M),"{'data_shared': [], 'data_collected': []}","Notice. This page is a placeholder. The document that normally appears here is not available at this address. No statement about data handling, data collection, data sharing, tracking, storage, retention, disclosure or user rights is made on this page. Please check back later.",0,,1,null,privacy policy replaced by a contentless placeholder
454,an.FrenchTranslate,French English Translator,Books & Reference,High (1M-50M),"{'data_shared': [{'category': 'App activity', 'sub_info': [{'data_type': 'Installed apps', 'purpose': 'Analytics - Advertising or marketing', 'optional': False}]}, {'category': 'Device or other IDs', 'sub_info': [{'data_type': 'Device or other IDs', 'purpose': 'Analytics - Advertising or marketing', 'optional': False}]}], 'data_collected': [], 'security_practices': [{'category': 'Data is encrypted in transit', 'sub_info': []}, {'category': 'Data can’t be deleted', 'sub_info': []}]}","Notice. This page is a placeholder. The document that normally appears here is not available at this address. No statement about data handling, data collection, data sharing, tracking, storage, retention, disclosure or user rights is made on this page. Please check back later.",0,,1,null,privacy policy replaced by a contentless placeholder
1871,com.asgatech.extra,eXtra,Shopping,High (1M-50M),"{'data_shared': [], 'data_collected': [{'category': 'Personal info', 'sub_info': [{'data_type': 'Email address', 'purpose': 'App functionality - Analytics - Developer communications - Personalization - Account management', 'optional': False}, {'data_type': 'Address', 'purpose': 'App functionality - Developer communications', 'optional': True}, {'data_type': 'Phone number', 'purpose': 'App functionality - Developer communications - Personalization - Account management', 'optional': False}]}, {'category': 'Location', 'sub_info': [{'data_type': 'Precise location', 'purpose': 'App functionality - Developer communications - Personalization', 'optional': True}]}], 'security_practices': [{'category': 'Data isn’t encrypted', 'sub_info': []}, {'category': 'You can request that data be deleted', 'sub_info': []}]}","Notice. This page is a placeholder. The document that normally appears here is not available at this address. No statement about data handling, data collection, data sharing, tracking, storage, retention, disclosure or user rights is made on this page. Please check back later.",0,,2,null,privacy policy replaced by a contentless placeholder
2273,com.camvision.qrcode.barcode.reader,QR Code & Barcode Scanner,Tools,High (1M-50M),"{'data_shared': [], 'data_collected': [{'category': 'Device or other IDs', 'sub_info': [{'data_type': 'Device or other IDs', 'purpose': 'App functionality', 'optional': False}]}], 'security_practices': [{'category': 'Data is encrypted in transit', 'sub_info': []}, {'category': 'Data can’t be deleted', 'sub_info': []}]}","Notice. This page is a placeholder. The document that normally appears here is not available at this address. No statement about data handling, data collection, data sharing, tracking, storage, retention, disclosure or user rights is made on this page. Please check back later.",0,,1,null,privacy policy replaced by a contentless placeholder
2079,com.voodus.vairofy,HintApp: Make your Video Viral,Social,Mid (50K-1M),"{'data_shared': [], 'data_collected': [{'category': 'Device or other IDs', 'sub_info': [{'data_type': 'Device or other IDs', 'purpose': 'App functionality - Analytics - Fraud prevention - security - and compliance - Account management', 'optional': False}]}, {'category': 'App activity', 'sub_info': [{'data_type': 'Other user-generated content', 'purpose': 'App functionality', 'optional': True}]}, {'category': 'Photos and videos', 'sub_info': [{'data_type': 'Photos', 'purpose': 'App functionality - Account management', 'optional': True}, {'data_type': 'Videos', 'purpose': 'App functionality', 'optional': True}]}, {'category': 'Personal info', 'sub_info': [{'data_type': 'Name', 'purpose': 'Account management', 'optional': False}, {'data_type': 'Email address', 'purpose': 'App functionality - Account management', 'optional': False}, {'data_type': 'Address', 'purpose': 'App functionality - Account management', 'optional': True}, {'data_type': 'Phone number', 'purpose': 'Account management', 'optional': True}, {'data_type': 'Sexual orientation', 'purpose': 'App functionality - Account management', 'optional': True}, {'data_type': 'Other info', 'purpose': 'App functionality - Account management', 'optional': True}]}], 'security_practices': [{'category': 'Data is encrypted in transit', 'sub_info': []}, {'category': 'You can request that data be deleted', 'sub_info': []}]}","Notice. This page is a placeholder. The document that normally appears here is not available at this address. No statement about data handling, data collection, data sharing, tracking, storage, retention, disclosure or user rights is made on this page. Please check back later.",0,,1,null,privacy policy replaced by a contentless placeholder
1004,kr.gogovan.android.gogodriver,고고엑스 기사용,Lifestyle,Mid (50K-1M),"{'data_shared': [], 'data_collected': [{'category': 'Personal info', 'sub_info': [{'data_type': 'Name', 'purpose': 'App functionality - Fraud prevention - security - and compliance', 'optional': False}, {'data_type': 'Email address', 'purpose': 'App functionality - Fraud prevention - security - and compliance', 'optional': False}, {'data_type': 'Address', 'purpose': 'App functionality', 'optional': True}, {'data_type': 'Phone number', 'purpose': 'App functionality - Fraud prevention - security - and compliance', 'optional': False}]}], 'security_practices': [{'category': 'Data is encrypted in transit', 'sub_info': []}, {'category': 'You can request that data be deleted', 'sub_info': []}]}","Notice. This page is a placeholder. The document that normally appears here is not available at this address. No statement about data handling, data collection, data sharing, tracking, storage, retention, disclosure or user rights is made on this page. Please check back later.",0,,1,null,privacy policy replaced by a contentless placeholder
283,com.hair_flutter,Hairstyle Try On: Bangs & Wigs,Beauty,High (1M-50M),"{'data_shared': [], 'data_collected': [], 'security_practices': [{'category': 'Data is encrypted in transit', 'sub_info': []}, {'category': 'Data can’t be deleted', 'sub_info': []}]}","Notice. This page is a placeholder. The document that normally appears here is not available at this address. No statement about data handling, data collection, data sharing, tracking, storage, retention, disclosure or user rights is made on this page. Please check back later.",0,,1,null,privacy policy replaced by a contentless placeholder
96,com.flyerpostermaker.flyerdesignmaker,Poster Maker - Flyer Maker,Art & Design,Low (<50K),"{'data_shared': [{'category': 'App info and performance', 'sub_info': [{'data_type': 'Crash logs', 'purpose': 'App functionality', 'optional': False}, {'data_type': 'Diagnostics', 'purpose': 'App functionality', 'optional': False}, {'data_type': 'Other app performance data', 'purpose': 'App functionality', 'optional': False}]}, {'category': 'Device or other IDs', 'sub_info': [{'data_type': 'Device or other IDs', 'purpose': 'App functionality', 'optional': False}]}], 'data_collected': [], 'security_practices': [{'category': 'Data is encrypted in transit', 'sub_info': []}, {'category': 'Data can’t be deleted', 'sub_info': []}]}","Notice. This page is a placeholder. The document that normally appears here is not available at this address. No statement about data handling, data collection, data sharing, tracking, storage, retention, disclosure or user rights is made on this page. Please check back later.",0,,1,null,privacy policy replaced by a contentless placeholder
2205,net.eztool.backbutton,Back Button - Assistive Touch,Tools,High (1M-50M),"{'data_shared': [], 'data_collected': []}","Notice. This page is a placeholder. The document that normally appears here is not available at this address. No statement about data handling, data collection, data sharing, tracking, storage, retention, disclosure or user rights is made on this page. Please check back later.",0,,1,null,privacy policy replaced by a contentless placeholder
2085,com.beebush,Bee Bush,Social,Mid (50K-1M),"{'data_shared': [{'category': 'Messages', 'sub_info': [{'data_type': 'SMS or MMS', 'purpose': 'App functionality - Account management', 'optional': False}]}], 'data_collected': [{'category': 'App activity', 'sub_info': [{'data_type': 'App interactions', 'purpose': 'App functionality', 'optional': True}, {'data_type': 'In-app search history', 'purpose': 'App functionality', 'optional': True}, {'data_type': 'Other user-generated content', 'purpose': 'App functionality', 'optional': True}]}, {'category': 'Device or other IDs', 'sub_info': [{'data_type': 'Device or other IDs', 'purpose': 'App functionality - Developer communications - Personalization - Account management', 'optional': False}]}, {'category': 'Photos and videos', 'sub_info': [{'data_type': 'Photos', 'purpose': 'App functionality', 'optional': True}]}], 'security_practices': [{'category': 'Data is encrypted in transit', 'sub_info': []}, {'category': 'You can request that data be deleted', 'sub_info': []}]}","Notice. This page is a placeholder. The document that normally appears here is not available at this address. No statement about data handling, data collection, data sharing, tracking, storage, retention, disclosure or user rights is made on this page. Please check back later.",0,,1,null,privacy policy replaced by a contentless placeholder
1032,com.lovedigits.llc,Stara by Love Digits,Lifestyle,Mid (50K-1M),"{'data_shared': [{'category': 'Financial info', 'sub_info': [{'data_type': 'User payment info', 'purpose': 'App functionality', 'optional': False}, {'data_type': 'Purchase history', 'purpose': 'App functionality', 'optional': False}]}], 'data_collected': [{'category': 'Messages', 'sub_info': [{'data_type': 'Emails', 'purpose': 'App functionality - Account management', 'optional': False}]}, {'category': 'Device or other IDs', 'sub_info': [{'data_type': 'Device or other IDs', 'purpose': 'Account management', 'optional': False}]}, {'category': 'Location', 'sub_info': [{'data_type': 'Approximate location', 'purpose': 'App functionality', 'optional': False}]}, {'category': 'Personal info', 'sub_info': [{'data_type': 'Email address', 'purpose': 'App functionality - Account management', 'optional': False}, {'data_type': 'Sexual orientation', 'purpose': 'App functionality', 'optional': False}]}], 'security_practices': [{'category': 'Data is encrypted in transit', 'sub_info': []}, {'category': 'You can request that data be deleted', 'sub_info': []}]}","Notice. This page is a placeholder. The document that normally appears here is not available at this address. No statement about data handling, data collection, data sharing, tracking, storage, retention, disclosure or user rights is made on this page. Please check back later.",0,,1,null,privacy policy replaced by a contentless placeholder
1417,com.sharinganeyes.sharingancamera.sharinganphotoeditor,Sharingan Eyes Camera - Anime,Photography,High (1M-50M),"{'data_shared': [{'category': 'Device or other IDs', 'sub_info': [{'data_type': 'Device or other IDs', 'purpose': 'Analytics - Advertising or marketing - Fraud prevention - security - and compliance', 'optional': False}]}, {'category': 'App activity', 'sub_info': [{'data_type': 'App interactions', 'purpose': 'Analytics - Advertising or marketing - Fraud prevention - security - and compliance', 'optional': False}]}, {'category': 'Location', 'sub_info': [{'data_type': 'Approximate location', 'purpose': 'Analytics - Advertising or marketing - Fraud prevention - security - and compliance', 'optional': False}]}, {'category': 'App info and performance', 'sub_info': [{'data_type': 'Diagnostics', 'purpose': 'Analytics - Advertising or marketing - Fraud prevention - security - and compliance', 'optional': False}]}], 'data_collected': [{'category': 'Device or other IDs', 'sub_info': [{'data_type': 'Device or other IDs', 'purpose': 'Analytics - Advertising or marketing - Fraud prevention - security - and compliance', 'optional': False}]}, {'category': 'App activity', 'sub_info': [{'data_type': 'App interactions', 'purpose': 'Analytics - Advertising or marketing - Fraud prevention - security - and compliance', 'optional': False}]}, {'category': 'Location', 'sub_info': [{'data_type': 'Approximate location', 'purpose': 'Analytics - Advertising or marketing - Fraud prevention - security - and compliance', 'optional': False}]}, {'category': 'App info and performance', 'sub_info': [{'data_type': 'Diagnostics', 'purpose': 'Analytics - Advertising or marketing - Fraud prevention - security - and compliance', 'optional': False}]}], 'security_practices': [{'category': 'Data is encrypted in transit', 'sub_info': []}, {'category': 'Data can’t be deleted', 'sub_info': []}]}","Notice. This page is a placeholder. The document that normally appears here is not available at this address. No statement about data handling, data collection, data sharing, tracking, storage, retention, disclosure or user rights is made on this page. Please check back later.",0,,1,null,privacy policy replaced by a contentless placeholder
500,com.appz.kedaragaurivratham,Kethara Gowri Viratham,Books & Reference,Low (<50K),"{'data_shared': [], 'data_collected': [], 'security_practices': [{'category': 'Data is encrypted in transit', 'sub_info': []}, {'category': 'Data can?t be deleted', 'sub_info': []}]}","Notice. This page is a placeholder. The document that normally appears here is not available at this address. No statement about data handling, data collection, data sharing, tracking, storage, retention, disclosure or user rights is made on this page. Please check back later.",0,,1,null,privacy policy replaced by a contentless placeholder
293,com.appectual.hairdresser,L'Oréal ACCESS IN,Beauty,Mid (50K-1M),"{'data_shared': [], 'data_collected': [], 'security_practices': [{'category': 'Data is encrypted in transit', 'sub_info': []}, {'category': 'You can request that data be deleted', 'sub_info': []}]}","Notice. This page is a placeholder. The document that normally appears here is not available at this address. No statement about data handling, data collection, data sharing, tracking, storage, retention, disclosure or user rights is made on this page. Please check back later.",0,,1,null,privacy policy replaced by a contentless placeholder
318,fashion.soni,Soni Fashion - 1Gram Jewellery,Beauty,High (1M-50M),"{'data_shared': [{'category': 'Photos and videos', 'sub_info': [{'data_type': 'Photos', 'purpose': 'App functionality', 'optional': False}]}], 'data_collected': [{'category': 'App activity', 'sub_info': [{'data_type': 'Installed apps', 'purpose': 'App functionality', 'optional': True}]}, {'category': 'App info and performance', 'sub_info': [{'data_type': 'Crash logs', 'purpose': 'App functionality', 'optional': True}]}, {'category': 'Personal info', 'sub_info': [{'data_type': 'Name', 'purpose': 'App functionality', 'optional': True}, {'data_type': 'Email address', 'purpose': 'App functionality', 'optional': True}, {'data_type': 'Address', 'purpose': 'App functionality', 'optional': True}, {'data_type': 'Phone number', 'purpose': 'App functionality', 'optional': True}]}, {'category': 'Device or other IDs', 'sub_info': [{'data_type': 'Device or other IDs', 'purpose': 'App functionality', 'optional': True}]}, {'category': 'Location', 'sub_info': [{'data_type': 'Approximate location', 'purpose': 'App functionality', 'optional': True}, {'data_type': 'Precise location', 'purpose': 'App functionality', 'optional': True}]}], 'security_practices': [{'category': 'Data is encrypted in transit', 'sub_info': []}, {'category': 'You can request that data be deleted', 'sub_info': []}]}","Notice. This page is a placeholder. The document that normally appears here is not available at this address. No statement about data handling, data collection, data sharing, tracking, storage, retention, disclosure or user rights is made on this page. Please check back later.",0,,1,null,privacy policy replaced by a contentless placeholder
1079,com.moonly.android,Moonly: Moon Phases & Calendar,Lifestyle,High (1M-50M),"{'data_shared': [{'category': 'Device or other IDs', 'sub_info': [{'data_type': 'Device or other IDs', 'purpose': 'App functionality - Analytics - Developer communications - Advertising or marketing', 'optional': False}]}, {'category': 'App activity', 'sub_info': [{'data_type': 'App interactions', 'purpose': 'App functionality - Analytics - Developer communications - Advertising or marketing', 'optional': False}]}, {'category': 'Financial info', 'sub_info': [{'data_type': 'User payment info', 'purpose': 'App functionality - Analytics - Developer communications - Advertising or marketing', 'optional': False}, {'data_type': 'Purchase history', 'purpose': 'App functionality - Analytics - Developer communications - Advertising or marketing', 'optional': False}]}], 'data_collected': [], 'security_practices': [{'category': 'Data is encrypted in transit', 'sub_info': []}, {'category': 'You can request that data be deleted', 'sub_info': []}]}","Notice. This page is a placeholder. The document that normally appears here is not available at this address. No statement about data handling, data collection, data sharing, tracking, storage, retention, disclosure or user rights is made on this page. Please check back later.",0,,1,null,privacy policy replaced by a contentless placeholder
1826,com.satfundraising.app,Launchback,Shopping,Low (<50K),"{'data_shared': [{'category': 'Financial info', 'sub_info': [{'data_type': 'User payment info', 'purpose': 'App functionality', 'optional': False}]}, {'category': 'Personal info', 'sub_info': [{'data_type': 'Email address', 'purpose': 'App functionality - Fraud prevention - security - and compliance', 'optional': False}, {'data_type': 'Address', 'purpose': 'Fraud prevention - security - and compliance', 'optional': False}]}], 'data_collected': [{'category': 'Device or other IDs', 'sub_info': [{'data_type': 'Device or other IDs', 'purpose': 'App functionality - Analytics - Fraud prevention - security - and compliance', 'optional': False}]}, {'category': 'Financial info', 'sub_info': [{'data_type': 'User payment info', 'purpose': 'App functionality', 'optional': False}]}, {'category': 'Messages', 'sub_info': [{'data_type': 'Other in-app messages', 'purpose': 'App functionality - Developer communications - Advertising or marketing - Fraud prevention - security - and compliance', 'optional': False}]}, {'category': 'App info and performance', 'sub_info': [{'data_type': 'Diagnostics', 'purpose': 'App functionality - Fraud prevention - security - and compliance', 'optional': False}]}, {'category': 'Personal info', 'sub_info': [{'data_type': 'Email address', 'purpose': 'App functionality - Fraud prevention - security - and compliance', 'optional': False}, {'data_type': 'Address', 'purpose': 'Fraud prevention - security - and compliance', 'optional': False}]}, {'category': 'App activity', 'sub_info': [{'data_type': 'App interactions', 'purpose': 'App functionality - Fraud prevention - security - and compliance', 'optional': False}, {'data_type': 'In-app search history', 'purpose': 'App functionality - Personalization', 'optional': False}]}], 'security_practices': [{'category': 'Data is encrypted in transit', 'sub_info': []}, {'category': 'You can request that data be deleted', 'sub_info': []}]}","Notice. This page is a placeholder. The document that normally appears here is not available at this address. No statement about data handling, data collection, data sharing, tracking, storage, retention, disclosure or user rights is made on this page. Please check back later.",0,,2,null,privacy policy replaced by a contentless placeholder
183,com.app.festivalpost,Festival Poster Maker & Post,Art & Design,High (1M-50M),"{'data_shared': [{'category': 'Device or other IDs', 'sub_info': [{'data_type': 'Device or other IDs', 'purpose': 'Analytics', 'optional': False}]}, {'category': 'App info and performance', 'sub_info': [{'data_type': 'Crash logs', 'purpose': 'Analytics', 'optional': False}]}, {'category': 'App activity', 'sub_info': [{'data_type': 'App interactions', 'purpose': 'Analytics', 'optional': False}]}], 'data_collected': [{'category': 'Device or other IDs', 'sub_info': [{'data_type': 'Device or other IDs', 'purpose': 'Analytics', 'optional': False}]}, {'category': 'App info and performance', 'sub_info': [{'data_type': 'Crash logs', 'purpose': 'Analytics', 'optional': False}]}, {'category': 'Location', 'sub_info': [{'data_type': 'Precise location', 'purpose': 'Personalization', 'optional': True}]}, {'category': 'App activity', 'sub_info': [{'data_type': 'App interactions', 'purpose': 'Analytics', 'optional': False}]}, {'category': 'Personal info', 'sub_info': [{'data_type': 'Name', 'purpose': 'App functionality', 'optional': False}, {'data_type': 'Email address', 'purpose': 'App functionality - Account management', 'optional': True}, {'data_type': 'Address', 'purpose': 'App functionality', 'optional': True}, {'data_type': 'Phone number', 'purpose': 'App functionality - Fraud prevention - security - and compliance - Account management', 'optional': False}]}], 'security_practices': [{'category': 'Data is encrypted in transit', 'sub_info': []}, {'category': 'You can request that data be deleted', 'sub_info': []}]}","Notice. This page is a placeholder. The document that normally appears here is not available at this address. No statement about data handling, data collection, data sharing, tracking, storage, retention, disclosure or user rights is made on this page. Please check back later.",0,,1,null,privacy policy replaced by a contentless placeholder
812,com.wMetroopinionSurveyRewards_14978455,MetroOpinion Survey Rewards,Communication,Mid (50K-1M),"{'data_shared': [{'category': 'Device or other IDs', 'sub_info': [{'data_type': 'Device or other IDs', 'purpose': 'App functionality - Analytics', 'optional': False}]}, {'category': 'Personal info', 'sub_info': [{'data_type': 'Name', 'purpose': 'App functionality - Analytics', 'optional': False}, {'data_type': 'Email address', 'purpose': 'App functionality - Analytics', 'optional': False}, {'data_type': 'Address', 'purpose': 'App functionality - Analytics', 'optional': False}]}, {'category': 'App info and performance', 'sub_info': [{'data_type': 'Crash logs', 'purpose': 'App functionality - Analytics', 'optional': False}, {'data_type': 'Diagnostics', 'purpose': 'App functionality - Analytics', 'optional': False}]}, {'category': 'Location', 'sub_info': [{'data_type': 'Approximate location', 'purpose': 'App functionality - Analytics', 'optional': False}, {'data_type': 'Precise location', 'purpose': 'App functionality - Analytics', 'optional': False}]}], 'data_collected': [], 'security_practices': [{'category': 'Data is encrypted in transit', 'sub_info': []}, {'category': 'Data can’t be deleted', 'sub_info': []}]}","Notice. This page is a placeholder. The document that normally appears here is not available at this address. No statement about data handling, data collection, data sharing, tracking, storage, retention, disclosure or user rights is made on this page. Please check back later.",0,,1,null,privacy policy replaced by a contentless placeholder
1069,com.freetarot.reading16,KaDo - Tarot Card Reading,Lifestyle,Mid (50K-1M),"{'data_shared': [{'category': 'App info and performance', 'sub_info': [{'data_type': 'Crash logs', 'purpose': 'Analytics', 'optional': False}, {'data_type': 'Diagnostics', 'purpose': 'Analytics', 'optional': False}]}, {'category': 'Location', 'sub_info': [{'data_type': 'Approximate location', 'purpose': 'Analytics', 'optional': False}, {'data_type': 'Precise location', 'purpose': 'Analytics', 'optional': False}]}, {'category': 'App activity', 'sub_info': [{'data_type': 'App interactions', 'purpose': 'Analytics', 'optional': False}, {'data_type': 'In-app search history', 'purpose': 'Analytics', 'optional': False}, {'data_type': 'Other actions', 'purpose': 'Analytics', 'optional': False}]}, {'category': 'Personal info', 'sub_info': [{'data_type': 'Name', 'purpose': 'Analytics', 'optional': False}, {'data_type': 'Email address', 'purpose': 'Analytics', 'optional': False}, {'data_type': 'User IDs', 'purpose': 'Analytics', 'optional': False}, {'data_type': 'Address', 'purpose': 'Analytics', 'optional': False}, {'data_type': 'Phone number', 'purpose': 'Analytics', 'optional': False}, {'data_type': 'Other info', 'purpose': 'Analytics', 'optional': False}]}], 'data_collected': [{'category': 'App info and performance', 'sub_info': [{'data_type': 'Crash logs', 'purpose': 'Analytics', 'optional': False}, {'data_type': 'Diagnostics', 'purpose': 'Analytics', 'optional': False}]}, {'category': 'Location', 'sub_info': [{'data_type': 'Approximate location', 'purpose': 'Analytics', 'optional': False}, {'data_type': 'Precise location', 'purpose': 'Analytics', 'optional': False}]}, {'category': 'App activity', 'sub_info': [{'data_type': 'App interactions', 'purpose': 'Analytics', 'optional': False}, {'data_type': 'In-app search history', 'purpose': 'Analytics', 'optional': False}, {'data_type': 'Other actions', 'purpose': 'Analytics', 'optional': False}]}, {'category': 'Personal info', 'sub_info': [{'data_type': 'Name', 'purpose': 'Analytics', 'optional': False}, {'data_type': 'Email address', 'purpose': 'Analytics', 'optional': False}, {'data_type': 'User IDs', 'purpose': 'Analytics', 'optional': False}, {'data_type': 'Address', 'purpose': 'Analytics', 'optional': False}, {'data_type': 'Phone number', 'purpose': 'Analytics', 'optional': False}, {'data_type': 'Other info', 'purpose': 'Analytics', 'optional': False}]}, {'category': 'Device or other IDs', 'sub_info': [{'data_type': 'Device or other IDs', 'purpose': 'App functionality - Analytics', 'optional': False}]}], 'security_practices': [{'category': 'Data is encrypted in transit', 'sub_info': []}, {'category': 'Data can’t be deleted', 'sub_info': []}]}","Notice. This page is a placeholder. The document that normally appears here is not available at this address. No statement about data handling, data collection, data sharing, tracking, storage, retention, disclosure or user rights is made on this page. Please check back later.",0,,1,null,privacy policy replaced by a contentless placeholder
867,com.ssongshrimptruck.tistory.readforme,ReadForMe (Speech to text),Communication,Mid (50K-1M),"{'data_shared': [{'category': 'Location', 'sub_info': [{'data_type': 'Approximate location', 'purpose': 'Advertising or marketing', 'optional': False}]}, {'category': 'Device or other IDs', 'sub_info': [{'data_type': 'Device or other IDs', 'purpose': 'Advertising or marketing', 'optional': False}]}], 'data_collected': [], 'security_practices': [{'category': 'Data isn’t encrypted', 'sub_info': []}, {'category': 'Data can’t be deleted', 'sub_info': []}]}","Notice. This page is a placeholder. The document that normally appears here is not available at this address. No statement about data handling, data collection, data sharing, tracking, storage, retention, disclosure or user rights is made on this page. Please check back later.",0,,1,null,privacy policy replaced by a contentless placeholder
1092,com.toki.mn,Toki – Танд тусална,Lifestyle,High (1M-50M),"{'data_shared': [{'category': 'Health and fitness', 'sub_info': [{'data_type': 'Fitness info', 'purpose': 'App functionality', 'optional': False}]}], 'data_collected': [{'category': 'Location', 'sub_info': [{'data_type': 'Approximate location', 'purpose': 'App functionality', 'optional': True}, {'data_type': 'Precise location', 'purpose': 'App functionality', 'optional': True}]}, {'category': 'Contacts', 'sub_info': [{'data_type': 'Contacts', 'purpose': 'App functionality', 'optional': True}]}, {'category': 'Audio', 'sub_info': [{'data_type': 'Voice or sound recordings', 'purpose': 'App functionality', 'optional': True}, {'data_type': 'Music files', 'purpose': 'App functionality', 'optional': True}, {'data_type': 'Other audio files', 'purpose': 'App functionality', 'optional': True}]}, {'category': 'App info and performance', 'sub_info': [{'data_type': 'Crash logs', 'purpose': 'Analytics', 'optional': False}, {'data_type': 'Diagnostics', 'purpose': 'Analytics', 'optional': False}]}, {'category': 'Files and docs', 'sub_info': [{'data_type': 'Files and docs', 'purpose': 'App functionality', 'optional': True}]}, {'category': 'Financial info', 'sub_info': [{'data_type': 'User payment info', 'purpose': 'App functionality - Account management', 'optional': True}, {'data_type': 'Purchase history', 'purpose': 'App functionality - Fraud prevention - security - and compliance - Account management', 'optional': False}]}, {'category': 'Photos and videos', 'sub_info': [{'data_type': 'Photos', 'purpose': 'App functionality', 'optional': True}, {'data_type': 'Videos', 'purpose': 'App functionality', 'optional': True}]}, {'category': 'Device or other IDs', 'sub_info': [{'data_type': 'Device or other IDs', 'purpose': 'App functionality - Fraud prevention - security - and compliance - Account management', 'optional': False}]}, {'category': 'App activity', 'sub_info': [{'data_type': 'App interactions', 'purpose': 'App functionality - Analytics - Personalization', 'optional': False}, {'data_type': 'In-app search history', 'purpose': 'App functionality - Analytics - Personalization', 'optional': False}]}, {'category': 'Personal info', 'sub_info': [{'data_type': 'Name', 'purpose': 'App functionality - Fraud prevention - security - and compliance - Account management', 'optional': False}, {'data_type': 'Email address', 'purpose': 'App functionality - Fraud prevention - security - and compliance - Account management', 'optional': True}, {'data_type': 'User IDs', 'purpose': 'App functionality - Fraud prevention - security - and compliance - Account management', 'optional': True}, {'data_type': 'Address', 'purpose': 'App functionality - Fraud prevention - security - and compliance - Account management', 'optional': True}, {'data_type': 'Phone number', 'purpose': 'App functionality - Fraud prevention - security - and compliance - Account management', 'optional': False}, {'data_type': 'Sexual orientation', 'purpose': 'App functionality - Account management', 'optional': True}, {'data_type': 'Other info', 'purpose': 'App functionality - Account management', 'optional': True}]}], 'security_practices': [{'category': 'Data isn’t encrypted', 'sub_info': []}, {'category': 'You can request that data be deleted', 'sub_info': []}]}","Notice. This page is a placeholder. The document that normally appears here is not available at this address. No statement about data handling, data collection, data sharing, tracking, storage, retention, disclosure or user rights is made on this page. Please check back later.",0,,1,null,privacy policy replaced by a contentless placeholder
801,com.telekom.telekomme,Telekom ME,Communication,Mid (50K-1M),"{'data_shared': [{'category': 'Financial info', 'sub_info': [{'data_type': 'User payment info', 'purpose': 'App functionality', 'optional': False}]}, {'category': 'Personal info', 'sub_info': [{'data_type': 'Name', 'purpose': 'App functionality - Fraud prevention - security - and compliance', 'optional': False}, {'data_type': 'Address', 'purpose': 'App functionality', 'optional': False}]}, {'category': 'Device or other IDs', 'sub_info': [{'data_type': 'Device or other IDs', 'purpose': 'Analytics - Personalization', 'optional': False}]}, {'category': 'App info and performance', 'sub_info': [{'data_type': 'Crash logs', 'purpose': 'Analytics', 'optional': False}, {'data_type': 'Diagnostics', 'purpose': 'Analytics', 'optional': False}, {'data_type': 'Other app performance data', 'purpose': 'Analytics', 'optional': False}]}, {'category': 'Messages', 'sub_info': [{'data_type': 'Other in-app messages', 'purpose': 'App functionality - Advertising or marketing', 'optional': False}]}, {'category': 'Files and docs', 'sub_info': [{'data_type': 'Files and docs', 'purpose': 'App functionality', 'optional': False}]}], 'data_collected': [{'category': 'Web browsing', 'sub_info': [{'data_type': 'Web browsing history', 'purpose': 'App functionality - Analytics - Advertising or marketing', 'optional': False}]}, {'category': 'App activity', 'sub_info': [{'data_type': 'In-app search history', 'purpose': 'App functionality', 'optional': True}, {'data_type': 'Other user-generated content', 'purpose': 'App functionality', 'optional': True}, {'data_type': 'Other actions', 'purpose': 'App functionality - Personalization', 'optional': True}]}, {'category': 'Financial info', 'sub_info': [{'data_type': 'User payment info', 'purpose': 'App functionality', 'optional': False}]}, {'category': 'Personal info', 'sub_info': [{'data_type': 'Name', 'purpose': 'App functionality - Fraud prevention - security - and compliance', 'optional': False}, {'data_type': 'Address', 'purpose': 'App functionality', 'optional': False}]}, {'category': 'Device or other IDs', 'sub_info': [{'data_type': 'Device or other IDs', 'purpose': 'Analytics - Personalization', 'optional': False}]}, {'category': 'App info and performance', 'sub_info': [{'data_type': 'Crash logs', 'purpose': 'Analytics', 'optional': False}, {'data_type': 'Diagnostics', 'purpose': 'Analytics', 'optional': False}, {'data_type': 'Other app performance data', 'purpose': 'Analytics', 'optional': False}]}, {'category': 'Files and docs', 'sub_info': [{'data_type': 'Files and docs', 'purpose': 'App functionality', 'optional': False}]}], 'security_practices': [{'category': 'Data is encrypted in transit', 'sub_info': []}, {'category': 'Data can’t be deleted', 'sub_info': []}]}","Notice. This page is a placeholder. The document that normally appears here is not available at this address. No statement about data handling, data collection, data sharing, tracking, storage, retention, disclosure or user rights is made on this page. Please check back later.",0,,1,null,privacy policy replaced by a contentless placeholder
1013,com.halogo.lifestyle,HaloGo Lifestyle,Lifestyle,Mid (50K-1M),"{'data_shared': [], 'data_collected': [{'category': 'Personal info', 'sub_info': [{'data_type': 'Email address', 'purpose': 'App functionality - Fraud prevention - security - and compliance - Account management', 'optional': False}, {'data_type': 'User IDs', 'purpose': 'App functionality - Fraud prevention - security - and compliance - Account management', 'optional': False}, {'data_type': 'Address', 'purpose': 'App functionality - Fraud prevention - security - and compliance - Account management', 'optional': False}, {'data_type': 'Phone number', 'purpose': 'App functionality - Fraud prevention - security - and compliance - Account management', 'optional': False}]}], 'security_practices': [{'category': 'Data is encrypted in transit', 'sub_info': []}, {'category': 'Data can’t be deleted', 'sub_info': []}]}","Notice. This page is a placeholder. The document that normally appears here is not available at this address. No statement about data handling, data collection, data sharing, tracking, storage, retention, disclosure or user rights is made on this page. Please check back later.",0,,1,null,privacy policy replaced by a contentless placeholder
160,udenity.draw.animals,How to draw animals by steps,Art & Design,High (1M-50M),"{'data_shared': [{'category': 'Device or other IDs', 'sub_info': [{'data_type': 'Device or other IDs', 'purpose': 'Analytics - Advertising or marketing - Fraud prevention - security - and compliance', 'optional': False}]}, {'category': 'Location', 'sub_info': [{'data_type': 'Approximate location', 'purpose': 'Analytics - Advertising or marketing - Fraud prevention - security - and compliance', 'optional': False}]}, {'category': 'App activity', 'sub_info': [{'data_type': 'App interactions', 'purpose': 'Analytics - Advertising or marketing - Fraud prevention - security - and compliance', 'optional': False}]}, {'category': 'App info and performance', 'sub_info': [{'data_type': 'Diagnostics', 'purpose': 'Analytics - Advertising or marketing - Fraud prevention - security - and compliance', 'optional': False}]}], 'data_collected': [{'category': 'Device or other IDs', 'sub_info': [{'data_type': 'Device or other IDs', 'purpose': 'Analytics - Advertising or marketing - Fraud prevention - security - and compliance', 'optional': False}]}, {'category': 'Location', 'sub_info': [{'data_type': 'Approximate location', 'purpose': 'Analytics - Advertising or marketing - Fraud prevention - security - and compliance', 'optional': False}]}, {'category': 'App activity', 'sub_info': [{'data_type': 'App interactions', 'purpose': 'Analytics - Advertising or marketing - Fraud prevention - security - and compliance', 'optional': False}]}, {'category': 'App info and performance', 'sub_info': [{'data_type': 'Diagnostics', 'purpose': 'Analytics - Advertising or marketing - Fraud prevention - security - and compliance', 'optional': False}]}], 'security_practices': [{'category': 'Data is encrypted in transit', 'sub_info': []}, {'category': 'Data can’t be deleted', 'sub_info': []}, {'category': 'Committed to follow the Play Families Policy', 'sub_info': []}]}","Notice. This page is a placeholder. The document that normally appears here is not available at this address. No statement about data handling, data collection, data sharing, tracking, storage, retention, disclosure or user rights is made on this page. Please check back later.",0,,1,null,privacy policy replaced by a contentless placeholder
656,com.proxmox.app.pve_flutter_frontend,Proxmox Virtual Environment,Business,Mid (50K-1M),"{'data_shared': [], 'data_collected': []}","Notice. This page is a placeholder. The document that normally appears here is not available at this address. No statement about data handling, data collection, data sharing, tracking, storage, retention, disclosure or user rights is made on this page. Please check back later.",0,,1,null,privacy policy replaced by a contentless placeholder
1048,com.blogspot.shivashaktiapp.siddhimantra,Siddhi Mantra : सिद्धि मंत्र,Lifestyle,Mid (50K-1M),"{'data_shared': [{'category': 'Device or other IDs', 'sub_info': [{'data_type': 'Device or other IDs', 'purpose': 'Analytics - Advertising or marketing - Fraud prevention - security - and compliance', 'optional': False}]}], 'data_collected': [{'category': 'Device or other IDs', 'sub_info': [{'data_type': 'Device or other IDs', 'purpose': 'Analytics - Advertising or marketing - Fraud prevention - security - and compliance', 'optional': False}]}], 'security_practices': [{'category': 'Data is encrypted in transit', 'sub_info': []}, {'category': 'Data can’t be deleted', 'sub_info': []}]}","Notice. This page is a placeholder. The document that normally appears here is not available at this address. No statement about data handling, data collection, data sharing, tracking, storage, retention, disclosure or user rights is made on this page. Please check back later.",0,,1,null,privacy policy replaced by a contentless placeholder
854,com.wasticker.stickers.emoji,Stickers and emoji - WASticker,Communication,High (1M-50M),"{'data_shared': [], 'data_collected': [{'category': 'Device or other IDs', 'sub_info': [{'data_type': 'Device or other IDs', 'purpose': 'App functionality - Analytics - Fraud prevention - security - and compliance - Personalization - Account management', 'optional': False}]}, {'category': 'App info and performance', 'sub_info': [{'data_type': 'Crash logs', 'purpose': 'App functionality - Analytics', 'optional': False}, {'data_type': 'Diagnostics', 'purpose': 'App functionality - Analytics', 'optional': False}, {'data_type': 'Other app performance data', 'purpose': 'App functionality - Analytics', 'optional': False}]}, {'category': 'Financial info', 'sub_info': [{'data_type': 'Purchase history', 'purpose': 'App functionality - Fraud prevention - security - and compliance - Personalization', 'optional': False}]}, {'category': 'App activity', 'sub_info': [{'data_type': 'App interactions', 'purpose': 'Analytics - Advertising or marketing', 'optional': False}, {'data_type': 'Other actions', 'purpose': 'Analytics - Advertising or marketing', 'optional': False}]}], 'security_practices': [{'category': 'Data is encrypted in transit', 'sub_info': []}, {'category': 'You can request that data be deleted', 'sub_info': []}]}","Notice. This page is a placeholder. The document that normally appears here is not available at this address. No statement about data handling, data collection, data sharing, tracking, storage, retention, disclosure or user rights is made on this page. Please check back later.",0,,1,null,privacy policy replaced by a contentless placeholder
637,com.hthackney.hthportal,H.T. Hackney Portal,Business,Low (<50K),"{'data_shared': [], 'data_collected': [{'category': 'Personal info', 'sub_info': [{'data_type': 'Name', 'purpose': 'Account management', 'optional': False}, {'data_type': 'Email address', 'purpose': 'Account management', 'optional': False}, {'data_type': 'User IDs', 'purpose': 'App functionality - Account management', 'optional': False}, {'data_type': 'Phone number', 'purpose': 'Account management', 'optional': False}]}], 'security_practices': [{'category': 'Data is encrypted in transit', 'sub_info': []}, {'category': 'You can request that data be deleted', 'sub_info': []}]}","Notice. This page is a placeholder. The document that normally appears here is not available at this address. No statement about data handling, data collection, data sharing, tracking, storage, retention, disclosure or user rights is made on this page. Please check back later.",0,,1,null,privacy policy replaced by a contentless placeholder
279,com.anggadeveloper.africanwomenshorthairstyles,African Women Short Hairstyles,Beauty,Low (<50K),"{'data_shared': [{'category': 'Device or other IDs', 'sub_info': [{'data_type': 'Device or other IDs', 'purpose': 'Analytics - Advertising or marketing - Fraud prevention - security - and compliance', 'optional': False}]}, {'category': 'Location', 'sub_info': [{'data_type': 'Approximate location', 'purpose': 'Analytics - Advertising or marketing - Fraud prevention - security - and compliance', 'optional': False}]}], 'data_collected': [], 'security_practices': [{'category': 'Data is encrypted in transit', 'sub_info': []}, {'category': 'Data can’t be deleted', 'sub_info': []}]}","Notice. This page is a placeholder. The document that normally appears here is not available at this address. No statement about data handling, data collection, data sharing, tracking, storage, retention, disclosure or user rights is made on this page. Please check back later.",0,,1,null,privacy policy replaced by a contentless placeholder
2283,com.google.android.apps.tycho,Google Fi Wireless,Tools,High (1M-50M),"{'data_shared': [{'category': 'Device or other IDs', 'sub_info': [{'data_type': 'Device or other IDs', 'purpose': 'Fraud prevention - security - and compliance - Account management', 'optional': False}]}, {'category': 'App info and performance', 'sub_info': [{'data_type': 'Crash logs', 'purpose': 'Analytics', 'optional': False}]}], 'data_collected': [{'category': 'Financial info', 'sub_info': [{'data_type': 'User payment info', 'purpose': 'Fraud prevention - security - and compliance - Account management', 'optional': False}, {'data_type': 'Purchase history', 'purpose': 'App functionality - Analytics - Advertising or marketing - Fraud prevention - security - and compliance - Account management', 'optional': False}, {'data_type': 'Credit score', 'purpose': 'Fraud prevention - security - and compliance - Account management', 'optional': False}]}, {'category': 'Audio', 'sub_info': [{'data_type': 'Voice or sound recordings', 'purpose': 'App functionality', 'optional': True}]}, {'category': 'Location', 'sub_info': [{'data_type': 'Approximate location', 'purpose': 'App functionality - Analytics - Fraud prevention - security - and compliance - Personalization', 'optional': True}, {'data_type': 'Precise location', 'purpose': 'App functionality - Analytics - Fraud prevention - security - and compliance - Personalization', 'optional': True}]}, {'category': 'Device or other IDs', 'sub_info': [{'data_type': 'Device or other IDs', 'purpose': 'Fraud prevention - security - and compliance - Account management', 'optional': False}]}, {'category': 'Messages', 'sub_info': [{'data_type': 'SMS or MMS', 'purpose': 'App functionality', 'optional': False}, {'data_type': 'Other in-app messages', 'purpose': 'App functionality - Analytics', 'optional': True}]}, {'category': 'Files and docs', 'sub_info': [{'data_type': 'Files and docs', 'purpose': 'App functionality - Fraud prevention - security - and compliance', 'optional': False}]}, {'category': 'Personal info', 'sub_info': [{'data_type': 'Name', 'purpose': 'App functionality - Analytics - Account management', 'optional': False}, {'data_type': 'Email address', 'purpose': 'App functionality - Analytics - Fraud prevention - security - and compliance - Account management', 'optional': False}, {'data_type': 'User IDs', 'purpose': 'App functionality - Analytics - Fraud prevention - security - and compliance - Personalization - Account management', 'optional': False}, {'data_type': 'Address', 'purpose': 'Account management', 'optional': False}, {'data_type': 'Phone number', 'purpose': 'App functionality - Analytics - Account management', 'optional': False}, {'data_type': 'Other info', 'purpose': 'App functionality - Analytics - Advertising or marketing - Fraud prevention - security - and compliance', 'optional': False}]}, {'category': 'App activity', 'sub_info': [{'data_type': 'App interactions', 'purpose': 'App functionality - Analytics - Advertising or marketing', 'optional': False}, {'data_type': 'In-app search history', 'purpose': 'App functionality - Analytics', 'optional': True}, {'data_type': 'Other user-generated content', 'purpose': 'App functionality - Analytics', 'optional': True}, {'data_type': 'Other actions', 'purpose': 'Analytics', 'optional': False}]}, {'category': 'App info and performance', 'sub_info': [{'data_type': 'Crash logs', 'purpose': 'Analytics', 'optional': False}]}, {'category': 'Contacts', 'sub_info': [{'data_type': 'Contacts', 'purpose': 'App functionality', 'optional': True}]}], 'security_practices': [{'category': 'Data is encrypted in transit', 'sub_info': []}, {'category': 'You can request that data be deleted', 'sub_info': []}, {'category': 'Independent security review', 'sub_info': []}]}","Notice. This page is a placeholder. The document that normally appears here is not available at this address. No statement about data handling, data collection, data sharing, tracking, storage, retention, disclosure or user rights is made on this page. Please check back later.",0,,1,null,privacy policy replaced by a contentless placeholder
2060,us.nutson,NUTSon: video social network,Social,High (1M-50M),"{'data_shared': [{'category': 'App info and performance', 'sub_info': [{'data_type': 'Crash logs', 'purpose': 'Analytics', 'optional': False}, {'data_type': 'Diagnostics', 'purpose': 'Analytics', 'optional': False}]}, {'category': 'Device or other IDs', 'sub_info': [{'data_type': 'Device or other IDs', 'purpose': 'Analytics - Fraud prevention - security - and compliance', 'optional': False}]}, {'category': 'App activity', 'sub_info': [{'data_type': 'App interactions', 'purpose': 'Analytics - Fraud prevention - security - and compliance', 'optional': False}]}], 'data_collected': [{'category': 'Audio', 'sub_info': [{'data_type': 'Music files', 'purpose': 'App functionality', 'optional': True}]}, {'category': 'Financial info', 'sub_info': [{'data_type': 'User payment info', 'purpose': 'App functionality', 'optional': True}]}, {'category': 'Photos and videos', 'sub_info': [{'data_type': 'Videos', 'purpose': 'App functionality', 'optional': True}]}, {'category': 'Personal info', 'sub_info': [{'data_type': 'Email address', 'purpose': 'App functionality', 'optional': True}, {'data_type': 'User IDs', 'purpose': 'App functionality', 'optional': False}]}], 'security_practices': [{'category': 'Data is encrypted in transit', 'sub_info': []}, {'category': 'You can request that data be deleted', 'sub_info': []}]}","Notice. This page is a placeholder. The document that normally appears here is not available at this address. No statement about data handling, data collection, data sharing, tracking, storage, retention, disclosure or user rights is made on this page. Please check back later.",0,,1,null,privacy policy replaced by a contentless placeholder
2070,plus.honest,Honest+ Chat meet friends,Social,Mid (50K-1M),"{'data_shared': [{'category': 'App info and performance', 'sub_info': [{'data_type': 'Crash logs', 'purpose': 'Analytics', 'optional': False}]}], 'data_collected': [{'category': 'Personal info', 'sub_info': [{'data_type': 'Name', 'purpose': 'Fraud prevention - security - and compliance', 'optional': False}, {'data_type': 'Email address', 'purpose': 'App functionality - Account management', 'optional': False}, {'data_type': 'User IDs', 'purpose': 'App functionality - Account management', 'optional': False}]}, {'category': 'Device or other IDs', 'sub_info': [{'data_type': 'Device or other IDs', 'purpose': 'App functionality', 'optional': False}]}], 'security_practices': [{'category': 'Data is encrypted in transit', 'sub_info': []}, {'category': 'You can request that data be deleted', 'sub_info': []}]}","Notice. This page is a placeholder. The document that normally appears here is not available at this address. No statement about data handling, data collection, data sharing, tracking, storage, retention, disclosure or user rights is made on this page. Please check back later.",0,,1,null,privacy policy replaced by a contentless placeholder
690,com.mantra.rdservice,Mantra RD Service,Business,High (1M-50M),"{'data_shared': [], 'data_collected': [], 'security_practices': [{'category': 'Data is encrypted in transit', 'sub_info': []}, {'category': 'Data can’t be deleted', 'sub_info': []}]}","Notice. This page is a placeholder. The document that normally appears here is not available at this address. No statement about data handling, data collection, data sharing, tracking, storage, retention, disclosure or user rights is made on this page. Please check back later.",0,,1,null,privacy policy replaced by a contentless placeholder
223,com.slabs.sunbeds.android.userclient,Brun og blid solapp,Beauty,Mid (50K-1M),"{'data_shared': [], 'data_collected': [{'category': 'Device or other IDs', 'sub_info': [{'data_type': 'Device or other IDs', 'purpose': 'App functionality - Analytics', 'optional': False}]}, {'category': 'Financial info', 'sub_info': [{'data_type': 'Purchase history', 'purpose': 'Account management', 'optional': False}]}, {'category': 'Location', 'sub_info': [{'data_type': 'Precise location', 'purpose': 'App functionality', 'optional': True}]}, {'category': 'Personal info', 'sub_info': [{'data_type': 'Name', 'purpose': 'App functionality - Analytics - Account management', 'optional': True}, {'data_type': 'Email address', 'purpose': 'App functionality - Analytics - Account management', 'optional': True}, {'data_type': 'User IDs', 'purpose': 'App functionality - Account management', 'optional': False}, {'data_type': 'Address', 'purpose': 'App functionality', 'optional': True}, {'data_type': 'Phone number', 'purpose': 'Account management', 'optional': False}]}], 'security_practices': [{'category': 'Data is encrypted in transit', 'sub_info': []}, {'category': 'You can request that data be deleted', 'sub_info': []}]}","Notice. This page is a placeholder. The document that normally appears here is not available at this address. No statement about data handling, data collection, data sharing, tracking, storage, retention, disclosure or user rights is made on this page. Please check back later.",0,,2,null,privacy policy replaced by a contentless placeholder
818,com.irewardsindia.rasiseedapp,Rasi Connect,Communication,Mid (50K-1M),"{'data_shared': [], 'data_collected': [{'category': 'Location', 'sub_info': [{'data_type': 'Approximate location', 'purpose': 'App functionality', 'optional': False}, {'data_type': 'Precise location', 'purpose': 'App functionality', 'optional': False}]}, {'category': 'Personal info', 'sub_info': [{'data_type': 'Name', 'purpose': 'App functionality', 'optional': True}, {'data_type': 'Email address', 'purpose': 'App functionality', 'optional': True}, {'data_type': 'Phone number', 'purpose': 'App functionality', 'optional': False}]}], 'security_practices': [{'category': 'Data isn’t encrypted', 'sub_info': []}, {'category': 'Data can’t be deleted', 'sub_info': []}]}","Notice. This page is a placeholder. The document that normally appears here is not available at this address. No statement about data handling, data collection, data sharing, tracking, storage, retention, disclosure or user rights is made on this page. Please check back later.",0,,1,null,privacy policy replaced by a contentless placeholder
882,ellipi.messenger,TurboTel Pro,Communication,High (1M-50M),"{'data_shared': [{'category': 'Device or other IDs', 'sub_info': [{'data_type': 'Device or other IDs', 'purpose': 'Analytics - Advertising or marketing', 'optional': False}]}, {'category': 'Location', 'sub_info': [{'data_type': 'Approximate location', 'purpose': 'Analytics - Advertising or marketing', 'optional': False}]}], 'data_collected': [{'category': 'Audio', 'sub_info': [{'data_type': 'Voice or sound recordings', 'purpose': 'App functionality', 'optional': True}, {'data_type': 'Music files', 'purpose': 'App functionality', 'optional': True}, {'data_type': 'Other audio files', 'purpose': 'App functionality', 'optional': True}]}, {'category': 'Photos and videos', 'sub_info': [{'data_type': 'Photos', 'purpose': 'App functionality', 'optional': True}, {'data_type': 'Videos', 'purpose': 'App functionality', 'optional': True}]}, {'category': 'Messages', 'sub_info': [{'data_type': 'Other in-app messages', 'purpose': 'App functionality', 'optional': True}]}, {'category': 'Contacts', 'sub_info': [{'data_type': 'Contacts', 'purpose': 'App functionality', 'optional': True}]}, {'category': 'App activity', 'sub_info': [{'data_type': 'In-app search history', 'purpose': 'App functionality', 'optional': True}]}, {'category': 'Files and docs', 'sub_info': [{'data_type': 'Files and docs', 'purpose': 'App functionality', 'optional': True}]}, {'category': 'Personal info', 'sub_info': [{'data_type': 'User IDs', 'purpose': 'App functionality - Account management', 'optional': False}, {'data_type': 'Phone number', 'purpose': 'App functionality - Account management', 'optional': False}]}], 'security_practices': [{'category': 'Data is encrypted in transit', 'sub_info': []}, {'category': 'You can request that data be deleted', 'sub_info': []}]}","Notice. This page is a placeholder. The document that normally appears here is not available at this address. No statement about data handling, data collection, data sharing, tracking, storage, retention, disclosure or user rights is made on this page. Please check back later.",0,,1,null,privacy policy replaced by a contentless placeholder
2064,com.dk.bob,Boche Fans,Social,Mid (50K-1M),"{'data_shared': [{'category': 'Messages', 'sub_info': [{'data_type': 'Other in-app messages', 'purpose': 'App functionality', 'optional': False}]}, {'category': 'Audio', 'sub_info': [{'data_type': 'Voice or sound recordings', 'purpose': 'App functionality', 'optional': False}, {'data_type': 'Other audio files', 'purpose': 'App functionality', 'optional': False}]}, {'category': 'Photos and videos', 'sub_info': [{'data_type': 'Photos', 'purpose': 'App functionality', 'optional': False}, {'data_type': 'Videos', 'purpose': 'App functionality', 'optional': False}]}, {'category': 'Files and docs', 'sub_info': [{'data_type': 'Files and docs', 'purpose': 'App functionality', 'optional': False}]}], 'data_collected': [{'category': 'Messages', 'sub_info': [{'data_type': 'Other in-app messages', 'purpose': 'App functionality', 'optional': False}]}, {'category': 'Audio', 'sub_info': [{'data_type': 'Voice or sound recordings', 'purpose': 'App functionality', 'optional': False}, {'data_type': 'Other audio files', 'purpose': 'App functionality', 'optional': False}]}, {'category': 'Photos and videos', 'sub_info': [{'data_type': 'Photos', 'purpose': 'App functionality', 'optional': False}, {'data_type': 'Videos', 'purpose': 'App functionality', 'optional': False}]}, {'category': 'Files and docs', 'sub_info': [{'data_type': 'Files and docs', 'purpose': 'App functionality', 'optional': False}]}], 'security_practices': [{'category': 'Data isn’t encrypted', 'sub_info': []}, {'category': 'Data can’t be deleted', 'sub_info': []}]}","Notice. This page is a placeholder. The document that normally appears here is not available at this address. No statement about data handling, data collection, data sharing, tracking, storage, retention, disclosure or user rights is made on this page. Please check back later.",0,,1,null,privacy policy replaced by a contentless placeholder
2331,cn.xiaofengkj.fitpro,fitpro,Tools,Top (50M+),"{'data_shared': [{'category': 'Messages', 'sub_info': [{'data_type': 'SMS or MMS', 'purpose': 'App functionality', 'optional': False}, {'data_type': 'Other in-app messages', 'purpose': 'App functionality', 'optional': False}]}, {'category': 'App activity', 'sub_info': [{'data_type': 'App interactions', 'purpose': 'App functionality - Account management', 'optional': False}]}, {'category': 'Contacts', 'sub_info': [{'data_type': 'Contacts', 'purpose': 'App functionality', 'optional': False}]}], 'data_collected': [{'category': 'App info and performance', 'sub_info': [{'data_type': 'Crash logs', 'purpose': 'Analytics', 'optional': False}, {'data_type': 'Diagnostics', 'purpose': 'Analytics', 'optional': False}, {'data_type': 'Other app performance data', 'purpose': 'Analytics', 'optional': False}]}, {'category': 'Device or other IDs', 'sub_info': [{'data_type': 'Device or other IDs', 'purpose': 'Analytics', 'optional': True}]}], 'security_practices': [{'category': 'Data is encrypted in transit', 'sub_info': []}, {'category': 'You can request that data be deleted', 'sub_info': []}]}","Notice. This page is a placeholder. The document that normally appears here is not available at this address. No statement about data handling, data collection, data sharing, tracking, storage, retention, disclosure or user rights is made on this page. Please check back later.",0,,1,null,privacy policy replaced by a contentless placeholder
448,com.phedroquan.convert.epub.to.pdf,EPUB to PDF Converter,Books & Reference,Mid (50K-1M),"{'data_shared': [{'category': 'App info and performance', 'sub_info': [{'data_type': 'Diagnostics', 'purpose': 'Analytics - Advertising or marketing - Fraud prevention - security - and compliance', 'optional': False}]}, {'category': 'Device or other IDs', 'sub_info': [{'data_type': 'Device or other IDs', 'purpose': 'Analytics - Advertising or marketing - Fraud prevention - security - and compliance', 'optional': False}]}, {'category': 'App activity', 'sub_info': [{'data_type': 'App interactions', 'purpose': 'Analytics - Advertising or marketing - Fraud prevention - security - and compliance', 'optional': False}]}, {'category': 'Location', 'sub_info': [{'data_type': 'Approximate location', 'purpose': 'Analytics - Advertising or marketing - Fraud prevention - security - and compliance', 'optional': False}]}], 'data_collected': [{'category': 'App info and performance', 'sub_info': [{'data_type': 'Diagnostics', 'purpose': 'Analytics - Advertising or marketing - Fraud prevention - security - and compliance', 'optional': False}]}, {'category': 'Device or other IDs', 'sub_info': [{'data_type': 'Device or other IDs', 'purpose': 'Analytics - Advertising or marketing - Fraud prevention - security - and compliance', 'optional': False}]}, {'category': 'App activity', 'sub_info': [{'data_type': 'App interactions', 'purpose': 'Analytics - Advertising or marketing - Fraud prevention - security - and compliance', 'optional': False}]}, {'category': 'Location', 'sub_info': [{'data_type': 'Approximate location', 'purpose': 'Analytics - Advertising or marketing - Fraud prevention - security - and compliance', 'optional': False}]}], 'security_practices': [{'category': 'Data is encrypted in transit', 'sub_info': []}, {'category': 'Data can’t be deleted', 'sub_info': []}]}","Notice. This page is a placeholder. The document that normally appears here is not available at this address. No statement about data handling, data collection, data sharing, tracking, storage, retention, disclosure or user rights is made on this page. Please check back later.",0,,1,null,privacy policy replaced by a contentless placeholder
404,com.moonstarinc.tessera,Legion of Mary-Tessera,Books & Reference,Mid (50K-1M),"{'data_shared': [{'category': 'Location', 'sub_info': [{'data_type': 'Approximate location', 'purpose': 'Advertising or marketing', 'optional': False}, {'data_type': 'Precise location', 'purpose': 'Advertising or marketing', 'optional': False}]}, {'category': 'Device or other IDs', 'sub_info': [{'data_type': 'Device or other IDs', 'purpose': 'Advertising or marketing', 'optional': False}]}], 'data_collected': [], 'security_practices': [{'category': 'Data is encrypted in transit', 'sub_info': []}, {'category': 'You can request that data be deleted', 'sub_info': []}]}","Notice. This page is a placeholder. The document that normally appears here is not available at this address. No statement about data handling, data collection, data sharing, tracking, storage, retention, disclosure or user rights is made on this page. Please check back later.",0,,1,null,privacy policy replaced by a contentless placeholder
194,com.PrincessColoringPages.colorful,Princess Coloring Pages,Art & Design,Mid (50K-1M),"{'data_shared': [{'category': 'Location', 'sub_info': [{'data_type': 'Approximate location', 'purpose': 'Analytics - Advertising or marketing - Personalization', 'optional': False}, {'data_type': 'Precise location', 'purpose': 'Analytics - Advertising or marketing - Personalization', 'optional': False}]}, {'category': 'Device or other IDs', 'sub_info': [{'data_type': 'Device or other IDs', 'purpose': 'Analytics - Advertising or marketing - Personalization', 'optional': False}]}], 'data_collected': [], 'security_practices': [{'category': 'Data isn’t encrypted', 'sub_info': []}, {'category': 'Data can’t be deleted', 'sub_info': []}]}","Notice. This page is a placeholder. The document that normally appears here is not available at this address. No statement about data handling, data collection, data sharing, tracking, storage, retention, disclosure or user rights is made on this page. Please check back later.",0,,1,null,privacy policy replaced by a contentless placeholder
463,com.linguaapps.translator.spanish.th,Spanish-Thai Translator,Books & Reference,Low (<50K),"{'data_shared': [{'category': 'App activity', 'sub_info': [{'data_type': 'App interactions', 'purpose': 'Analytics - Advertising or marketing', 'optional': False}]}, {'category': 'Personal info', 'sub_info': [{'data_type': 'User IDs', 'purpose': 'Analytics - Advertising or marketing', 'optional': False}, {'data_type': 'Other info', 'purpose': 'Analytics - Advertising or marketing', 'optional': False}]}, {'category': 'Location', 'sub_info': [{'data_type': 'Approximate location', 'purpose': 'Analytics - Advertising or marketing', 'optional': False}, {'data_type': 'Precise location', 'purpose': 'Analytics - Advertising or marketing', 'optional': False}]}, {'category': 'Device or other IDs', 'sub_info': [{'data_type': 'Device or other IDs', 'purpose': 'Analytics - Advertising or marketing', 'optional': False}]}], 'data_collected': [{'category': 'Personal info', 'sub_info': [{'data_type': 'User IDs', 'purpose': 'Analytics - Advertising or marketing', 'optional': False}, {'data_type': 'Other info', 'purpose': 'Analytics - Advertising or marketing', 'optional': False}]}], 'security_practices': [{'category': 'Data is encrypted in transit', 'sub_info': []}, {'category': 'Data can’t be deleted', 'sub_info': []}]}","Notice. This page is a placeholder. The document that normally appears here is not available at this address. No statement about data handling, data collection, data sharing, tracking, storage, retention, disclosure or user rights is made on this page. Please check back later.",0,,1,null,privacy policy replaced by a contentless placeholder
2016,com.malayaleeshaadi.android,Kerala Matrimony by Shaadi.com,Social,Mid (50K-1M),"{'data_shared': [{'category': 'Photos and videos', 'sub_info': [{'data_type': 'Photos', 'purpose': 'App functionality - Fraud prevention - security - and compliance', 'optional': False}]}, {'category': 'Messages', 'sub_info': [{'data_type': 'Emails', 'purpose': 'App functionality - Fraud prevention - security - and compliance', 'optional': False}, {'data_type': 'SMS or MMS', 'purpose': 'App functionality - Fraud prevention - security - and compliance', 'optional': False}]}, {'category': 'Personal info', 'sub_info': [{'data_type': 'Name', 'purpose': 'App functionality - Fraud prevention - security - and compliance', 'optional': False}, {'data_type': 'Email address', 'purpose': 'App functionality - Fraud prevention - security - and compliance', 'optional': False}, {'data_type': 'Address', 'purpose': 'App functionality - Fraud prevention - security - and compliance', 'optional': False}, {'data_type': 'Phone number', 'purpose': 'App functionality - Fraud prevention - security - and compliance', 'optional': False}, {'data_type': 'Race and ethnicity', 'purpose': 'App functionality - Fraud prevention - security - and compliance - Personalization', 'optional': False}, {'data_type': 'Other info', 'purpose': 'App functionality - Fraud prevention - security - and compliance', 'optional': False}]}, {'category': 'Financial info', 'sub_info': [{'data_type': 'Other financial info', 'purpose': 'App functionality', 'optional': False}]}, {'category': 'Location', 'sub_info': [{'data_type': 'Approximate location', 'purpose': 'App functionality - Personalization', 'optional': False}, {'data_type': 'Precise location', 'purpose': 'App functionality - Personalization', 'optional': False}]}, {'category': 'App activity', 'sub_info': [{'data_type': 'Other user-generated content', 'purpose': 'App functionality', 'optional': False}]}, {'category': 'Health and fitness', 'sub_info': [{'data_type': 'Health info', 'purpose': 'App functionality', 'optional': False}]}], 'data_collected': [{'category': 'App info and performance', 'sub_info': [{'data_type': 'Crash logs', 'purpose': 'App functionality - Analytics - Developer communications', 'optional': False}, {'data_type': 'Diagnostics', 'purpose': 'App functionality - Analytics - Developer communications', 'optional': False}, {'data_type': 'Other app performance data', 'purpose': 'App functionality - Analytics - Developer communications', 'optional': False}]}, {'category': 'Photos and videos', 'sub_info': [{'data_type': 'Photos', 'purpose': 'App functionality - Fraud prevention - security - and compliance', 'optional': False}]}, {'category': 'Messages', 'sub_info': [{'data_type': 'Emails', 'purpose': 'App functionality - Fraud prevention - security - and compliance', 'optional': False}, {'data_type': 'SMS or MMS', 'purpose': 'App functionality - Fraud prevention - security - and compliance', 'optional': False}]}, {'category': 'Personal info', 'sub_info': [{'data_type': 'Name', 'purpose': 'App functionality - Fraud prevention - security - and compliance', 'optional': False}, {'data_type': 'Email address', 'purpose': 'App functionality - Fraud prevention - security - and compliance', 'optional': False}, {'data_type': 'Address', 'purpose': 'App functionality - Fraud prevention - security - and compliance', 'optional': False}, {'data_type': 'Phone number', 'purpose': 'App functionality - Fraud prevention - security - and compliance', 'optional': False}, {'data_type': 'Race and ethnicity', 'purpose': 'App functionality - Fraud prevention - security - and compliance - Personalization', 'optional': False}, {'data_type': 'Other info', 'purpose': 'App functionality - Fraud prevention - security - and compliance', 'optional': False}]}, {'category': 'Financial info', 'sub_info': [{'data_type': 'Other financial info', 'purpose': 'App functionality', 'optional': False}]}, {'category': 'Location', 'sub_info': [{'data_type': 'Approximate location', 'purpose': 'App functionality - Personalization', 'optional': False}, {'data_type': 'Precise location', 'purpose': 'App functionality - Personalization', 'optional': False}]}, {'category': 'Device or other IDs', 'sub_info': [{'data_type': 'Device or other IDs', 'purpose': 'App functionality - Analytics - Developer communications - Advertising or marketing - Fraud prevention - security - and compliance', 'optional': False}]}, {'category': 'App activity', 'sub_info': [{'data_type': 'Other user-generated content', 'purpose': 'App functionality', 'optional': False}]}, {'category': 'Files and docs', 'sub_info': [{'data_type': 'Files and docs', 'purpose': 'App functionality - Fraud prevention - security - and compliance - Account management', 'optional': False}]}, {'category': 'Health and fitness', 'sub_info': [{'data_type': 'Health info', 'purpose': 'App functionality', 'optional': False}]}], 'security_practices': [{'category': 'Data is encrypted in transit', 'sub_info': []}, {'category': 'You can request that data be deleted', 'sub_info': []}]}","Notice. This page is a placeholder. The document that normally appears here is not available at this address. No statement about data handling, data collection, data sharing, tracking, storage, retention, disclosure or user rights is made on this page. Please check back later.",0,,2,null,privacy policy replaced by a contentless placeholder
218,smartgr.curly.hairstyles,Curly Hairstyles,Beauty,Mid (50K-1M),"{'data_shared': [], 'data_collected': [], 'security_practices': [{'category': 'Data is encrypted in transit', 'sub_info': []}, {'category': 'Data can’t be deleted', 'sub_info': []}]}","Notice. This page is a placeholder. The document that normally appears here is not available at this address. No statement about data handling, data collection, data sharing, tracking, storage, retention, disclosure or user rights is made on this page. Please check back later.",0,,2,null,privacy policy replaced by a contentless placeholder
461,com.linguaapps.translator.english.bs,Englesko-Bosanski Prevodilac,Books & Reference,Low (<50K),"{'data_shared': [{'category': 'Personal info', 'sub_info': [{'data_type': 'User IDs', 'purpose': 'Analytics - Advertising or marketing', 'optional': False}, {'data_type': 'Other info', 'purpose': 'Analytics - Advertising or marketing', 'optional': False}]}, {'category': 'App activity', 'sub_info': [{'data_type': 'App interactions', 'purpose': 'Analytics - Advertising or marketing', 'optional': False}]}, {'category': 'Device or other IDs', 'sub_info': [{'data_type': 'Device or other IDs', 'purpose': 'Analytics - Advertising or marketing', 'optional': False}]}, {'category': 'Location', 'sub_info': [{'data_type': 'Approximate location', 'purpose': 'Analytics - Advertising or marketing', 'optional': False}, {'data_type': 'Precise location', 'purpose': 'Analytics - Advertising or marketing', 'optional': False}]}], 'data_collected': [{'category': 'Personal info', 'sub_info': [{'data_type': 'User IDs', 'purpose': 'Analytics - Advertising or marketing', 'optional': False}, {'data_type': 'Other info', 'purpose': 'Analytics - Advertising or marketing', 'optional': False}]}], 'security_practices': [{'category': 'Data is encrypted in transit', 'sub_info': []}, {'category': 'Data can’t be deleted', 'sub_info': []}]}","Notice. This page is a placeholder. The document that normally appears here is not available at this address. No statement about data handling, data collection, data sharing, tracking, storage, retention, disclosure or user rights is made on this page. Please check back later.",0,,1,null,privacy policy replaced by a contentless placeholder
2320,ace.jun.simplecontrol,Simple Control,Tools,High (1M-50M),"{'data_shared': [], 'data_collected': []}","Notice. This page is a placeholder. The document that normally appears here is not available at this address. No statement about data handling, data collection, data sharing, tracking, storage, retention, disclosure or user rights is made on this page. Please check back later.",0,,1,null,privacy policy replaced by a contentless placeholder
1901,com.dealdash,DealDash - Bid & Save Auctions,Shopping,High (1M-50M),"{'data_shared': [{'category': 'Personal info', 'sub_info': [{'data_type': 'Email address', 'purpose': 'Advertising or marketing', 'optional': False}, {'data_type': 'User IDs', 'purpose': 'Analytics', 'optional': False}]}, {'category': 'App activity', 'sub_info': [{'data_type': 'App interactions', 'purpose': 'Analytics', 'optional': False}, {'data_type': 'In-app search history', 'purpose': 'Analytics', 'optional': False}]}, {'category': 'Device or other IDs', 'sub_info': [{'data_type': 'Device or other IDs', 'purpose': 'Analytics - Advertising or marketing', 'optional': False}]}, {'category': 'App info and performance', 'sub_info': [{'data_type': 'Crash logs', 'purpose': 'Analytics', 'optional': False}, {'data_type': 'Diagnostics', 'purpose': 'Analytics', 'optional': False}, {'data_type': 'Other app performance data', 'purpose': 'Analytics', 'optional': False}]}], 'data_collected': [{'category': 'Personal info', 'sub_info': [{'data_type': 'Email address', 'purpose': 'Advertising or marketing', 'optional': False}, {'data_type': 'User IDs', 'purpose': 'Analytics', 'optional': False}]}, {'category': 'App activity', 'sub_info': [{'data_type': 'App interactions', 'purpose': 'Analytics', 'optional': False}, {'data_type': 'In-app search history', 'purpose': 'Analytics', 'optional': False}]}, {'category': 'Device or other IDs', 'sub_info': [{'data_type': 'Device or other IDs', 'purpose': 'Analytics - Advertising or marketing', 'optional': False}]}, {'category': 'App info and performance', 'sub_info': [{'data_type': 'Crash logs', 'purpose': 'Analytics', 'optional': False}, {'data_type': 'Diagnostics', 'purpose': 'Analytics', 'optional': False}, {'data_type': 'Other app performance data', 'purpose': 'Analytics', 'optional': False}]}, {'category': 'Financial info', 'sub_info': [{'data_type': 'User payment info', 'purpose': 'App functionality - Fraud prevention - security - and compliance', 'optional': False}, {'data_type': 'Purchase history', 'purpose': 'App functionality - Developer communications', 'optional': True}]}], 'security_practices': [{'category': 'Data is encrypted in transit', 'sub_info': []}, {'category': 'You can request that data be deleted', 'sub_info': []}]}","Notice. This page is a placeholder. The document that normally appears here is not available at this address. No statement about data handling, data collection, data sharing, tracking, storage, retention, disclosure or user rights is made on this page. Please check back later.",0,,1,null,privacy policy replaced by a contentless placeholder
1003,com.dyson.mobile.android,MyDyson™,Lifestyle,High (1M-50M),"{'data_shared': [{'category': 'App info and performance', 'sub_info': [{'data_type': 'Crash logs', 'purpose': 'Analytics', 'optional': False}, {'data_type': 'Diagnostics', 'purpose': 'Analytics', 'optional': False}, {'data_type': 'Other app performance data', 'purpose': 'Analytics', 'optional': False}]}, {'category': 'Device or other IDs', 'sub_info': [{'data_type': 'Device or other IDs', 'purpose': 'Analytics', 'optional': False}]}, {'category': 'App activity', 'sub_info': [{'data_type': 'App interactions', 'purpose': 'Analytics', 'optional': False}]}], 'data_collected': [{'category': 'App info and performance', 'sub_info': [{'data_type': 'Crash logs', 'purpose': 'Analytics', 'optional': False}, {'data_type': 'Diagnostics', 'purpose': 'Analytics', 'optional': False}, {'data_type': 'Other app performance data', 'purpose': 'Analytics', 'optional': False}]}, {'category': 'Personal info', 'sub_info': [{'data_type': 'Name', 'purpose': 'Personalization - Account management', 'optional': False}, {'data_type': 'Email address', 'purpose': 'App functionality - Advertising or marketing - Account management', 'optional': False}, {'data_type': 'User IDs', 'purpose': 'App functionality - Account management', 'optional': False}]}, {'category': 'Device or other IDs', 'sub_info': [{'data_type': 'Device or other IDs', 'purpose': 'Analytics', 'optional': False}]}, {'category': 'App activity', 'sub_info': [{'data_type': 'App interactions', 'purpose': 'Analytics', 'optional': False}]}], 'security_practices': [{'category': 'Data is encrypted in transit', 'sub_info': []}, {'category': 'You can request that data be deleted', 'sub_info': []}]}","Notice. This page is a placeholder. The document that normally appears here is not available at this address. No statement about data handling, data collection, data sharing, tracking, storage, retention, disclosure or user rights is made on this page. Please check back later.",0,,1,null,privacy policy replaced by a contentless placeholder
1880,com.bluelightcard.user,Blue Light Card: NHS Discounts,Shopping,High (1M-50M),"{'data_shared': [], 'data_collected': [{'category': 'Device or other IDs', 'sub_info': [{'data_type': 'Device or other IDs', 'purpose': 'App functionality - Developer communications', 'optional': True}]}], 'security_practices': [{'category': 'Data is encrypted in transit', 'sub_info': []}, {'category': 'You can request that data be deleted', 'sub_info': []}]}","Notice. This page is a placeholder. The document that normally appears here is not available at this address. No statement about data handling, data collection, data sharing, tracking, storage, retention, disclosure or user rights is made on this page. Please check back later.",0,,2,null,privacy policy replaced by a contentless placeholder
1015,com.bhaskararyal.mobile.horoscope,Daily Horoscope Pro & Tarot,Lifestyle,Mid (50K-1M),"{'data_shared': [{'category': 'App info and performance', 'sub_info': [{'data_type': 'Crash logs', 'purpose': 'App functionality - Analytics - Fraud prevention - security - and compliance', 'optional': False}, {'data_type': 'Diagnostics', 'purpose': 'App functionality - Analytics - Advertising or marketing - Fraud prevention - security - and compliance', 'optional': False}, {'data_type': 'Other app performance data', 'purpose': 'App functionality - Analytics - Advertising or marketing - Fraud prevention - security - and compliance', 'optional': False}]}, {'category': 'Location', 'sub_info': [{'data_type': 'Approximate location', 'purpose': 'App functionality - Analytics - Advertising or marketing - Fraud prevention - security - and compliance', 'optional': False}]}, {'category': 'Device or other IDs', 'sub_info': [{'data_type': 'Device or other IDs', 'purpose': 'App functionality - Analytics - Advertising or marketing - Fraud prevention - security - and compliance', 'optional': False}]}, {'category': 'Messages', 'sub_info': [{'data_type': 'Other in-app messages', 'purpose': 'App functionality - Analytics - Advertising or marketing - Fraud prevention - security - and compliance', 'optional': False}]}], 'data_collected': [{'category': 'App info and performance', 'sub_info': [{'data_type': 'Crash logs', 'purpose': 'App functionality - Analytics - Fraud prevention - security - and compliance', 'optional': False}, {'data_type': 'Diagnostics', 'purpose': 'App functionality - Analytics - Advertising or marketing - Fraud prevention - security - and compliance', 'optional': False}, {'data_type': 'Other app performance data', 'purpose': 'App functionality - Analytics - Advertising or marketing - Fraud prevention - security - and compliance', 'optional': False}]}, {'category': 'Location', 'sub_info': [{'data_type': 'Approximate location', 'purpose': 'App functionality - Analytics - Advertising or marketing - Fraud prevention - security - and compliance', 'optional': False}]}, {'category': 'Device or other IDs', 'sub_info': [{'data_type': 'Device or other IDs', 'purpose': 'App functionality - Analytics - Advertising or marketing - Fraud prevention - security - and compliance', 'optional': False}]}, {'category': 'Messages', 'sub_info': [{'data_type': 'Other in-app messages', 'purpose': 'App functionality - Analytics - Advertising or marketing - Fraud prevention - security - and compliance', 'optional': False}]}], 'security_practices': [{'category': 'Data is encrypted in transit', 'sub_info': []}, {'category': 'You can request that data be deleted', 'sub_info': []}]}","Notice. This page is a placeholder. The document that normally appears here is not available at this address. No statement about data handling, data collection, data sharing, tracking, storage, retention, disclosure or user rights is made on this page. Please check back later.",0,,1,null,privacy policy replaced by a contentless placeholder
498,com.acamue.aduanadecuba,Cuban Customs Regulations,Books & Reference,Mid (50K-1M),"{'data_shared': [{'category': 'Device or other IDs', 'sub_info': [{'data_type': 'Device or other IDs', 'purpose': 'App functionality - Analytics - Advertising or marketing', 'optional': False}]}], 'data_collected': [{'category': 'Device or other IDs', 'sub_info': [{'data_type': 'Device or other IDs', 'purpose': 'App functionality - Analytics - Advertising or marketing', 'optional': False}]}], 'security_practices': [{'category': 'Data is encrypted in transit', 'sub_info': []}, {'category': 'Data can’t be deleted', 'sub_info': []}]}","Notice. This page is a placeholder. The document that normally appears here is not available at this address. No statement about data handling, data collection, data sharing, tracking, storage, retention, disclosure or user rights is made on this page. Please check back later.",0,,1,null,privacy policy replaced by a contentless placeholder
2012,com.tamilshaadi.android,Tamil Matrimony by Shaadi.com,Social,High (1M-50M),"{'data_shared': [{'category': 'Messages', 'sub_info': [{'data_type': 'Emails', 'purpose': 'App functionality - Fraud prevention - security - and compliance', 'optional': False}, {'data_type': 'SMS or MMS', 'purpose': 'App functionality - Fraud prevention - security - and compliance', 'optional': False}]}, {'category': 'Photos and videos', 'sub_info': [{'data_type': 'Photos', 'purpose': 'App functionality - Fraud prevention - security - and compliance', 'optional': False}]}, {'category': 'Location', 'sub_info': [{'data_type': 'Approximate location', 'purpose': 'App functionality - Personalization', 'optional': False}, {'data_type': 'Precise location', 'purpose': 'App functionality - Personalization', 'optional': False}]}, {'category': 'Financial info', 'sub_info': [{'data_type': 'Other financial info', 'purpose': 'App functionality', 'optional': False}]}, {'category': 'App activity', 'sub_info': [{'data_type': 'Other user-generated content', 'purpose': 'App functionality', 'optional': False}]}, {'category': 'Personal info', 'sub_info': [{'data_type': 'Name', 'purpose': 'App functionality - Fraud prevention - security - and compliance', 'optional': False}, {'data_type': 'Email address', 'purpose': 'App functionality - Fraud prevention - security - and compliance', 'optional': False}, {'data_type': 'Address', 'purpose': 'App functionality - Fraud prevention - security - and compliance', 'optional': False}, {'data_type': 'Phone number', 'purpose': 'App functionality - Fraud prevention - security - and compliance', 'optional': False}, {'data_type': 'Race and ethnicity', 'purpose': 'App functionality - Fraud prevention - security - and compliance - Personalization', 'optional': False}, {'data_type': 'Other info', 'purpose': 'App functionality - Fraud prevention - security - and compliance', 'optional': False}]}, {'category': 'Health and fitness', 'sub_info': [{'data_type': 'Health info', 'purpose': 'App functionality', 'optional': False}]}], 'data_collected': [{'category': 'Messages', 'sub_info': [{'data_type': 'Emails', 'purpose': 'App functionality - Fraud prevention - security - and compliance', 'optional': False}, {'data_type': 'SMS or MMS', 'purpose': 'App functionality - Fraud prevention - security - and compliance', 'optional': False}]}, {'category': 'Photos and videos', 'sub_info': [{'data_type': 'Photos', 'purpose': 'App functionality - Fraud prevention - security - and compliance', 'optional': False}]}, {'category': 'Location', 'sub_info': [{'data_type': 'Approximate location', 'purpose': 'App functionality - Personalization', 'optional': False}, {'data_type': 'Precise location', 'purpose': 'App functionality - Personalization', 'optional': False}]}, {'category': 'Device or other IDs', 'sub_info': [{'data_type': 'Device or other IDs', 'purpose': 'App functionality - Analytics - Developer communications - Advertising or marketing - Fraud prevention - security - and compliance', 'optional': False}]}, {'category': 'App info and performance', 'sub_info': [{'data_type': 'Crash logs', 'purpose': 'App functionality - Analytics - Developer communications', 'optional': False}, {'data_type': 'Diagnostics', 'purpose': 'App functionality - Analytics - Developer communications', 'optional': False}, {'data_type': 'Other app performance data', 'purpose': 'App functionality - Analytics - Developer communications', 'optional': False}]}, {'category': 'Financial info', 'sub_info': [{'data_type': 'Other financial info', 'purpose': 'App functionality', 'optional': False}]}, {'category': 'App activity', 'sub_info': [{'data_type': 'Other user-generated content', 'purpose': 'App functionality', 'optional': False}]}, {'category': 'Personal info', 'sub_info': [{'data_type': 'Name', 'purpose': 'App functionality - Fraud prevention - security - and compliance', 'optional': False}, {'data_type': 'Email address', 'purpose': 'App functionality - Fraud prevention - security - and compliance', 'optional': False}, {'data_type': 'Address', 'purpose': 'App functionality - Fraud prevention - security - and compliance', 'optional': False}, {'data_type': 'Phone number', 'purpose': 'App functionality - Fraud prevention - security - and compliance', 'optional': False}, {'data_type': 'Race and ethnicity', 'purpose': 'App functionality - Fraud prevention - security - and compliance - Personalization', 'optional': False}, {'data_type': 'Other info', 'purpose': 'App functionality - Fraud prevention - security - and compliance', 'optional': False}]}, {'category': 'Files and docs', 'sub_info': [{'data_type': 'Files and docs', 'purpose': 'App functionality - Fraud prevention - security - and compliance - Account management', 'optional': False}]}, {'category': 'Health and fitness', 'sub_info': [{'data_type': 'Health info', 'purpose': 'App functionality', 'optional': False}]}], 'security_practices': [{'category': 'Data is encrypted in transit', 'sub_info': []}, {'category': 'You can request that data be deleted', 'sub_info': []}]}","Notice. This page is a placeholder. The document that normally appears here is not available at this address. No statement about data handling, data collection, data sharing, tracking, storage, retention, disclosure or user rights is made on this page. Please check back later.",0,,2,null,privacy policy replaced by a contentless placeholder
308,com.luckystars.haircolorchanger,Hair Color Changer - Hair Dye,Beauty,High (1M-50M),"{'data_shared': [{'category': 'Location', 'sub_info': [{'data_type': 'Approximate location', 'purpose': 'Analytics - Advertising or marketing - Fraud prevention - security - and compliance', 'optional': False}]}, {'category': 'App info and performance', 'sub_info': [{'data_type': 'Diagnostics', 'purpose': 'Analytics - Advertising or marketing - Fraud prevention - security - and compliance', 'optional': False}]}, {'category': 'App activity', 'sub_info': [{'data_type': 'App interactions', 'purpose': 'Analytics - Advertising or marketing - Fraud prevention - security - and compliance', 'optional': False}]}, {'category': 'Device or other IDs', 'sub_info': [{'data_type': 'Device or other IDs', 'purpose': 'Analytics - Advertising or marketing - Fraud prevention - security - and compliance', 'optional': False}]}], 'data_collected': [{'category': 'Personal info', 'sub_info': [{'data_type': 'User IDs', 'purpose': 'Analytics', 'optional': False}]}, {'category': 'Location', 'sub_info': [{'data_type': 'Approximate location', 'purpose': 'Analytics - Advertising or marketing - Fraud prevention - security - and compliance', 'optional': False}]}, {'category': 'App info and performance', 'sub_info': [{'data_type': 'Diagnostics', 'purpose': 'Analytics - Advertising or marketing - Fraud prevention - security - and compliance', 'optional': False}]}, {'category': 'App activity', 'sub_info': [{'data_type': 'App interactions', 'purpose': 'Analytics - Advertising or marketing - Fraud prevention - security - and compliance', 'optional': False}]}, {'category': 'Device or other IDs', 'sub_info': [{'data_type': 'Device or other IDs', 'purpose': 'Analytics - Advertising or marketing - Fraud prevention - security - and compliance', 'optional': False}]}], 'security_practices': [{'category': 'Data is encrypted in transit', 'sub_info': []}, {'category': 'Data can’t be deleted', 'sub_info': []}]}","Notice. This page is a placeholder. The document that normally appears here is not available at this address. No statement about data handling, data collection, data sharing, tracking, storage, retention, disclosure or user rights is made on this page. Please check back later.",0,,1,null,privacy policy replaced by a contentless placeholder
657,com.piksoft.turboscan.free,TurboScan™: PDF scanner,Business,High (1M-50M),"{'data_shared': [{'category': 'App info and performance', 'sub_info': [{'data_type': 'Crash logs', 'purpose': 'Analytics', 'optional': False}, {'data_type': 'Diagnostics', 'purpose': 'Analytics', 'optional': False}]}, {'category': 'Device or other IDs', 'sub_info': [{'data_type': 'Device or other IDs', 'purpose': 'Analytics', 'optional': False}]}, {'category': 'App activity', 'sub_info': [{'data_type': 'App interactions', 'purpose': 'Analytics', 'optional': False}]}], 'data_collected': [{'category': 'Device or other IDs', 'sub_info': [{'data_type': 'Device or other IDs', 'purpose': 'Analytics', 'optional': False}]}], 'security_practices': [{'category': 'Data is encrypted in transit', 'sub_info': []}, {'category': 'Data can’t be deleted', 'sub_info': []}]}","Notice. This page is a placeholder. The document that normally appears here is not available at this address. No statement about data handling, data collection, data sharing, tracking, storage, retention, disclosure or user rights is made on this page. Please check back later.",0,,1,null,privacy policy replaced by a contentless placeholder
1016,com.hyperdimsoft.rosary,The Holy Rosary,Lifestyle,Mid (50K-1M),"{'data_shared': [{'category': 'App info and performance', 'sub_info': [{'data_type': 'Crash logs', 'purpose': 'Advertising or marketing', 'optional': False}, {'data_type': 'Diagnostics', 'purpose': 'Advertising or marketing', 'optional': False}, {'data_type': 'Other app performance data', 'purpose': 'Advertising or marketing', 'optional': False}]}, {'category': 'App activity', 'sub_info': [{'data_type': 'App interactions', 'purpose': 'Advertising or marketing', 'optional': False}]}, {'category': 'Device or other IDs', 'sub_info': [{'data_type': 'Device or other IDs', 'purpose': 'Advertising or marketing', 'optional': False}]}, {'category': 'Location', 'sub_info': [{'data_type': 'Approximate location', 'purpose': 'Advertising or marketing', 'optional': False}]}], 'data_collected': [{'category': 'App info and performance', 'sub_info': [{'data_type': 'Crash logs', 'purpose': 'Advertising or marketing', 'optional': False}, {'data_type': 'Diagnostics', 'purpose': 'Advertising or marketing', 'optional': False}, {'data_type': 'Other app performance data', 'purpose': 'Advertising or marketing', 'optional': False}]}, {'category': 'Device or other IDs', 'sub_info': [{'data_type': 'Device or other IDs', 'purpose': 'Advertising or marketing', 'optional': False}]}], 'security_practices': [{'category': 'Data is encrypted in transit', 'sub_info': []}, {'category': 'Data can’t be deleted', 'sub_info': []}]}","Notice. This page is a placeholder. The document that normally appears here is not available at this address. No statement about data handling, data collection, data sharing, tracking, storage, retention, disclosure or user rights is made on this page. Please check back later.",0,,1,null,privacy policy replaced by a contentless placeholder
127,smartgr.rose.tattoos,Rose Tattoos,Art & Design,Mid (50K-1M),"{'data_shared': [], 'data_collected': [], 'security_practices': [{'category': 'Data is encrypted in transit', 'sub_info': []}, {'category': 'Data can’t be deleted', 'sub_info': []}]}","Notice. This page is a placeholder. The document that normally appears here is not available at this address. No statement about data handling, data collection, data sharing, tracking, storage, retention, disclosure or user rights is made on this page. Please check back later.",0,,1,null,privacy policy replaced by a contentless placeholder
1426,com.km.photogridbuilder,Picture Grid Builder,Photography,High (1M-50M),"{'data_shared': [{'category': 'App info and performance', 'sub_info': [{'data_type': 'Crash logs', 'purpose': 'Analytics - Advertising or marketing', 'optional': False}, {'data_type': 'Diagnostics', 'purpose': 'Analytics - Advertising or marketing', 'optional': False}]}, {'category': 'App activity', 'sub_info': [{'data_type': 'App interactions', 'purpose': 'Analytics - Advertising or marketing', 'optional': False}]}, {'category': 'Device or other IDs', 'sub_info': [{'data_type': 'Device or other IDs', 'purpose': 'Analytics - Advertising or marketing', 'optional': False}]}], 'data_collected': [{'category': 'App info and performance', 'sub_info': [{'data_type': 'Crash logs', 'purpose': 'Analytics - Advertising or marketing', 'optional': False}, {'data_type': 'Diagnostics', 'purpose': 'Analytics - Advertising or marketing', 'optional': False}]}, {'category': 'App activity', 'sub_info': [{'data_type': 'App interactions', 'purpose': 'Analytics - Advertising or marketing', 'optional': False}]}], 'security_practices': [{'category': 'Data is encrypted in transit', 'sub_info': []}, {'category': 'Data can’t be deleted', 'sub_info': []}]}","Notice. This page is a placeholder. The document that normally appears here is not available at this address. No statement about data handling, data collection, data sharing, tracking, storage, retention, disclosure or user rights is made on this page. Please check back later.",0,,1,null,privacy policy replaced by a contentless placeholder
2046,com.chatomaat.chatomat,چت و مت,Social,Mid (50K-1M),"{'data_shared': [{'category': 'Photos and videos', 'sub_info': [{'data_type': 'Photos', 'purpose': 'App functionality', 'optional': False}, {'data_type': 'Videos', 'purpose': 'App functionality', 'optional': False}]}, {'category': 'Personal info', 'sub_info': [{'data_type': 'Name', 'purpose': 'App functionality', 'optional': False}, {'data_type': 'User IDs', 'purpose': 'App functionality - Account management', 'optional': False}]}, {'category': 'Audio', 'sub_info': [{'data_type': 'Voice or sound recordings', 'purpose': 'App functionality', 'optional': False}]}, {'category': 'App info and performance', 'sub_info': [{'data_type': 'Crash logs', 'purpose': 'Analytics', 'optional': False}, {'data_type': 'Other app performance data', 'purpose': 'Analytics', 'optional': False}]}, {'category': 'App activity', 'sub_info': [{'data_type': 'App interactions', 'purpose': 'Analytics', 'optional': False}]}], 'data_collected': [{'category': 'Device or other IDs', 'sub_info': [{'data_type': 'Device or other IDs', 'purpose': 'App functionality - Personalization', 'optional': False}]}, {'category': 'Personal info', 'sub_info': [{'data_type': 'Name', 'purpose': 'App functionality', 'optional': False}, {'data_type': 'User IDs', 'purpose': 'App functionality - Account management', 'optional': False}]}], 'security_practices': [{'category': 'Data is encrypted in transit', 'sub_info': []}, {'category': 'You can request that data be deleted', 'sub_info': []}]}","Notice. This page is a placeholder. The document that normally appears here is not available at this address. No statement about data handling, data collection, data sharing, tracking, storage, retention, disclosure or user rights is made on this page. Please check back later.",0,,1,null,privacy policy replaced by a contentless placeholder
620,com.xero.authenticator,Xero Verify,Business,High (1M-50M),"{'data_shared': [{'category': 'App activity', 'sub_info': [{'data_type': 'App interactions', 'purpose': 'Analytics', 'optional': False}]}, {'category': 'Location', 'sub_info': [{'data_type': 'Approximate location', 'purpose': 'Analytics', 'optional': False}]}, {'category': 'App info and performance', 'sub_info': [{'data_type': 'Crash logs', 'purpose': 'Analytics', 'optional': False}, {'data_type': 'Diagnostics', 'purpose': 'Analytics', 'optional': False}]}], 'data_collected': [{'category': 'App activity', 'sub_info': [{'data_type': 'App interactions', 'purpose': 'Analytics', 'optional': False}]}, {'category': 'Personal info', 'sub_info': [{'data_type': 'Email address', 'purpose': 'App functionality - Account management', 'optional': False}]}, {'category': 'Device or other IDs', 'sub_info': [{'data_type': 'Device or other IDs', 'purpose': 'App functionality - Analytics - Account management', 'optional': False}]}, {'category': 'App info and performance', 'sub_info': [{'data_type': 'Crash logs', 'purpose': 'Analytics', 'optional': False}, {'data_type': 'Diagnostics', 'purpose': 'Analytics', 'optional': False}]}], 'security_practices': [{'category': 'Data is encrypted in transit', 'sub_info': []}, {'category': 'You can request that data be deleted', 'sub_info': []}]}","Notice. This page is a placeholder. The document that normally appears here is not available at this address. No statement about data handling, data collection, data sharing, tracking, storage, retention, disclosure or user rights is made on this page. Please check back later.",0,,1,null,privacy policy replaced by a contentless placeholder
278,codingstudiopixels.vintage.camera.lomograph,Filters Camera app and Effects,Beauty,Mid (50K-1M),"{'data_shared': [], 'data_collected': [], 'security_practices': [{'category': 'Data is encrypted in transit', 'sub_info': []}, {'category': 'Data can’t be deleted', 'sub_info': []}]}","Notice. This page is a placeholder. The document that normally appears here is not available at this address. No statement about data handling, data collection, data sharing, tracking, storage, retention, disclosure or user rights is made on this page. Please check back later.",0,,1,null,privacy policy replaced by a contentless placeholder
181,com.gpinfo.marathivideoinvitation,Marathi Wedding Video Invite,Art & Design,Mid (50K-1M),"{'data_shared': [], 'data_collected': [], 'security_practices': [{'category': 'Data is encrypted in transit', 'sub_info': []}]}","Notice. This page is a placeholder. The document that normally appears here is not available at this address. No statement about data handling, data collection, data sharing, tracking, storage, retention, disclosure or user rights is made on this page. Please check back later.",0,,1,null,privacy policy replaced by a contentless placeholder
2039,com.limor.app,LIMOR,Social,Mid (50K-1M),"{'data_shared': [{'category': 'Audio', 'sub_info': [{'data_type': 'Voice or sound recordings', 'purpose': 'App functionality', 'optional': False}]}, {'category': 'Device or other IDs', 'sub_info': [{'data_type': 'Device or other IDs', 'purpose': 'Analytics', 'optional': False}]}], 'data_collected': [{'category': 'Audio', 'sub_info': [{'data_type': 'Voice or sound recordings', 'purpose': 'App functionality', 'optional': False}]}, {'category': 'Device or other IDs', 'sub_info': [{'data_type': 'Device or other IDs', 'purpose': 'Analytics', 'optional': False}]}, {'category': 'Location', 'sub_info': [{'data_type': 'Precise location', 'purpose': 'App functionality', 'optional': False}]}], 'security_practices': [{'category': 'Data is encrypted in transit', 'sub_info': []}, {'category': 'You can request that data be deleted', 'sub_info': []}]}","Notice. This page is a placeholder. The document that normally appears here is not available at this address. No statement about data handling, data collection, data sharing, tracking, storage, retention, disclosure or user rights is made on this page. Please check back later.",0,,2,null,privacy policy replaced by a contentless placeholder
184,com.burabura.FlyingLogo,FLYING LOGO BUILDER,Art & Design,High (1M-50M),"{'data_shared': [], 'data_collected': [], 'security_practices': [{'category': 'Data is encrypted in transit', 'sub_info': []}, {'category': 'Data can’t be deleted', 'sub_info': []}]}","Notice. This page is a placeholder. The document that normally appears here is not available at this address. No statement about data handling, data collection, data sharing, tracking, storage, retention, disclosure or user rights is made on this page. Please check back later.",0,,1,null,privacy policy replaced by a contentless placeholder
125,smartgr.lion.tattoos,Lion Tattoo,Art & Design,Mid (50K-1M),"{'data_shared': [], 'data_collected': [], 'security_practices': [{'category': 'Data is encrypted in transit', 'sub_info': []}, {'category': 'Data can’t be deleted', 'sub_info': []}]}","Notice. This page is a placeholder. The document that normally appears here is not available at this address. No statement about data handling, data collection, data sharing, tracking, storage, retention, disclosure or user rights is made on this page. Please check back later.",0,,1,null,privacy policy replaced by a contentless placeholder
450,an.MexicanTranslate,Mexican English Translator,Books & Reference,High (1M-50M),"{'data_shared': [{'category': 'App activity', 'sub_info': [{'data_type': 'Installed apps', 'purpose': 'Analytics - Advertising or marketing', 'optional': False}]}, {'category': 'Device or other IDs', 'sub_info': [{'data_type': 'Device or other IDs', 'purpose': 'Analytics - Advertising or marketing', 'optional': False}]}], 'data_collected': [], 'security_practices': [{'category': 'Data is encrypted in transit', 'sub_info': []}, {'category': 'Data can’t be deleted', 'sub_info': []}]}","Notice. This page is a placeholder. The document that normally appears here is not available at this address. No statement about data handling, data collection, data sharing, tracking, storage, retention, disclosure or user rights is made on this page. Please check back later.",0,,1,null,privacy policy replaced by a contentless placeholder
1402,com.motioncam,MotionCam Pro (Demo),Photography,Mid (50K-1M),"{'data_shared': [], 'data_collected': []}","Notice. This page is a placeholder. The document that normally appears here is not available at this address. No statement about data handling, data collection, data sharing, tracking, storage, retention, disclosure or user rights is made on this page. Please check back later.",0,,1,null,privacy policy replaced by a contentless placeholder
1044,jp.co.yamahamotor.myyamahamotor,My Yamaha Motor,Lifestyle,High (1M-50M),"{'data_shared': [{'category': 'Device or other IDs', 'sub_info': [{'data_type': 'Device or other IDs', 'purpose': 'Developer communications', 'optional': False}]}, {'category': 'Personal info', 'sub_info': [{'data_type': 'Name', 'purpose': 'Advertising or marketing', 'optional': False}, {'data_type': 'Email address', 'purpose': 'Analytics - Advertising or marketing', 'optional': False}, {'data_type': 'User IDs', 'purpose': 'Advertising or marketing', 'optional': False}, {'data_type': 'Address', 'purpose': 'Advertising or marketing', 'optional': False}, {'data_type': 'Phone number', 'purpose': 'Advertising or marketing', 'optional': False}, {'data_type': 'Other info', 'purpose': 'Advertising or marketing', 'optional': False}]}, {'category': 'App activity', 'sub_info': [{'data_type': 'App interactions', 'purpose': 'Analytics - Developer communications', 'optional': False}]}, {'category': 'App info and performance', 'sub_info': [{'data_type': 'Crash logs', 'purpose': 'Analytics', 'optional': False}]}], 'data_collected': [{'category': 'Device or other IDs', 'sub_info': [{'data_type': 'Device or other IDs', 'purpose': 'Developer communications', 'optional': False}]}, {'category': 'Photos and videos', 'sub_info': [{'data_type': 'Photos', 'purpose': 'App functionality - Fraud prevention - security - and compliance', 'optional': False}]}, {'category': 'Personal info', 'sub_info': [{'data_type': 'Name', 'purpose': 'Advertising or marketing', 'optional': False}, {'data_type': 'Email address', 'purpose': 'Analytics - Advertising or marketing', 'optional': False}, {'data_type': 'User IDs', 'purpose': 'Advertising or marketing', 'optional': False}, {'data_type': 'Address', 'purpose': 'Advertising or marketing', 'optional': False}, {'data_type': 'Phone number', 'purpose': 'Advertising or marketing', 'optional': False}, {'data_type': 'Other info', 'purpose': 'Advertising or marketing', 'optional': False}]}, {'category': 'App activity', 'sub_info': [{'data_type': 'App interactions', 'purpose': 'Analytics - Developer communications', 'optional': False}]}, {'category': 'App info and performance', 'sub_info': [{'data_type': 'Crash logs', 'purpose': 'Analytics', 'optional': False}]}], 'security_practices': [{'category': 'Data is encrypted in transit', 'sub_info': []}, {'category': 'You can request that data be deleted', 'sub_info': []}]}","Notice. This page is a placeholder. The document that normally appears here is not available at this address. No statement about data handling, data collection, data sharing, tracking, storage, retention, disclosure or user rights is made on this page. Please check back later.",0,,1,null,privacy policy replaced by a contentless placeholder
2081,com.xiuxin.instagram.follow.unfollow,Unfollow Analyzer - Unfollower,Social,Mid (50K-1M),"{'data_shared': [{'category': 'Location', 'sub_info': [{'data_type': 'Approximate location', 'purpose': 'App functionality - Analytics - Advertising or marketing - Fraud prevention - security - and compliance - Personalization', 'optional': False}]}, {'category': 'App info and performance', 'sub_info': [{'data_type': 'Crash logs', 'purpose': 'Analytics', 'optional': False}, {'data_type': 'Diagnostics', 'purpose': 'Analytics', 'optional': False}, {'data_type': 'Other app performance data', 'purpose': 'Analytics', 'optional': False}]}, {'category': 'Device or other IDs', 'sub_info': [{'data_type': 'Device or other IDs', 'purpose': 'App functionality - Analytics - Advertising or marketing - Fraud prevention - security - and compliance - Personalization', 'optional': False}]}, {'category': 'App activity', 'sub_info': [{'data_type': 'App interactions', 'purpose': 'Analytics - Advertising or marketing - Fraud prevention - security - and compliance - Personalization', 'optional': False}]}], 'data_collected': [{'category': 'Location', 'sub_info': [{'data_type': 'Approximate location', 'purpose': 'App functionality - Analytics - Advertising or marketing - Fraud prevention - security - and compliance - Personalization', 'optional': False}]}, {'category': 'App info and performance', 'sub_info': [{'data_type': 'Crash logs', 'purpose': 'Analytics', 'optional': False}, {'data_type': 'Diagnostics', 'purpose': 'Analytics', 'optional': False}, {'data_type': 'Other app performance data', 'purpose': 'Analytics', 'optional': False}]}, {'category': 'Personal info', 'sub_info': [{'data_type': 'User IDs', 'purpose': 'App functionality - Fraud prevention - security - and compliance - Account management', 'optional': False}]}, {'category': 'Device or other IDs', 'sub_info': [{'data_type': 'Device or other IDs', 'purpose': 'App functionality - Analytics - Advertising or marketing - Fraud prevention - security - and compliance - Personalization', 'optional': False}]}, {'category': 'App activity', 'sub_info': [{'data_type': 'App interactions', 'purpose': 'Analytics - Advertising or marketing - Fraud prevention - security - and compliance - Personalization', 'optional': False}]}], 'security_practices': [{'category': 'Data is encrypted in transit', 'sub_info': []}, {'category': 'You can request that data be deleted', 'sub_info': []}]}","Notice. This page is a placeholder. The document that normally appears here is not available at this address. No statement about data handling, data collection, data sharing, tracking, storage, retention, disclosure or user rights is made on this page. Please check back later.",0,,1,null,privacy policy replaced by a contentless placeholder
1885,com.macomaboutique.android,Macoma Boutique,Shopping,Low (<50K),"{'data_shared': [{'category': 'Location', 'sub_info': [{'data_type': 'Approximate location', 'purpose': 'App functionality - Fraud prevention - security - and compliance', 'optional': False}]}, {'category': 'Personal info', 'sub_info': [{'data_type': 'Name', 'purpose': 'Developer communications - Fraud prevention - security - and compliance - Personalization', 'optional': False}, {'data_type': 'Email address', 'purpose': 'Fraud prevention - security - and compliance', 'optional': False}, {'data_type': 'Address', 'purpose': 'App functionality - Fraud prevention - security - and compliance', 'optional': False}]}, {'category': 'Device or other IDs', 'sub_info': [{'data_type': 'Device or other IDs', 'purpose': 'App functionality - Analytics - Fraud prevention - security - and compliance', 'optional': False}]}], 'data_collected': [{'category': 'Location', 'sub_info': [{'data_type': 'Approximate location', 'purpose': 'App functionality - Fraud prevention - security - and compliance', 'optional': False}]}, {'category': 'Financial info', 'sub_info': [{'data_type': 'User payment info', 'purpose': 'App functionality - Fraud prevention - security - and compliance', 'optional': False}, {'data_type': 'Purchase history', 'purpose': 'App functionality - Fraud prevention - security - and compliance', 'optional': False}]}, {'category': 'Personal info', 'sub_info': [{'data_type': 'Name', 'purpose': 'Developer communications - Fraud prevention - security - and compliance - Personalization', 'optional': False}, {'data_type': 'Email address', 'purpose': 'Fraud prevention - security - and compliance', 'optional': False}, {'data_type': 'Address', 'purpose': 'App functionality - Fraud prevention - security - and compliance', 'optional': False}]}, {'category': 'Messages', 'sub_info': [{'data_type': 'Other in-app messages', 'purpose': 'App functionality - Account management', 'optional': True}]}, {'category': 'Device or other IDs', 'sub_info': [{'data_type': 'Device or other IDs', 'purpose': 'App functionality - Analytics - Fraud prevention - security - and compliance', 'optional': False}]}], 'security_practices': [{'category': 'Data is encrypted in transit', 'sub_info': []}, {'category': 'You can request that data be deleted', 'sub_info': []}]}","Notice. This page is a placeholder. The document that normally appears here is not available at this address. No statement about data handling, data collection, data sharing, tracking, storage, retention, disclosure or user rights is made on this page. Please check back later.",0,,2,null,privacy policy replaced by a contentless placeholder
2349,ru.androidtools.basicpdfviewerreader,PDF Reader & Viewer,Tools,High (1M-50M),"{'data_shared': [{'category': 'App info and performance', 'sub_info': [{'data_type': 'Crash logs', 'purpose': 'Analytics - Advertising or marketing', 'optional': False}]}, {'category': 'Device or other IDs', 'sub_info': [{'data_type': 'Device or other IDs', 'purpose': 'Analytics - Advertising or marketing', 'optional': False}]}], 'data_collected': [{'category': 'App info and performance', 'sub_info': [{'data_type': 'Crash logs', 'purpose': 'Analytics - Advertising or marketing', 'optional': False}]}, {'category': 'Device or other IDs', 'sub_info': [{'data_type': 'Device or other IDs', 'purpose': 'Analytics - Advertising or marketing', 'optional': False}]}], 'security_practices': [{'category': 'Data is encrypted in transit', 'sub_info': []}, {'category': 'Data can’t be deleted', 'sub_info': []}]}","Notice. This page is a placeholder. The document that normally appears here is not available at this address. No statement about data handling, data collection, data sharing, tracking, storage, retention, disclosure or user rights is made on this page. Please check back later.",0,,1,null,privacy policy replaced by a contentless placeholder
890,mianolab.wastickerapp.sad.stickersforwhatsapp,Sad Stickers For Whatsapp,Communication,Mid (50K-1M),"{'data_shared': [{'category': 'Device or other IDs', 'sub_info': [{'data_type': 'Device or other IDs', 'purpose': 'Advertising or marketing', 'optional': False}]}], 'data_collected': [], 'security_practices': [{'category': 'Data is encrypted in transit', 'sub_info': []}, {'category': 'Data can’t be deleted', 'sub_info': []}]}","Notice. This page is a placeholder. The document that normally appears here is not available at this address. No statement about data handling, data collection, data sharing, tracking, storage, retention, disclosure or user rights is made on this page. Please check back later.",0,,1,null,privacy policy replaced by a contentless placeholder
1425,com.inglesdivino.pictureextractor,Picture Extractor,Photography,Mid (50K-1M),"{'data_shared': [], 'data_collected': [{'category': 'Device or other IDs', 'sub_info': [{'data_type': 'Device or other IDs', 'purpose': 'Analytics - Advertising or marketing', 'optional': True}]}, {'category': 'App info and performance', 'sub_info': [{'data_type': 'Diagnostics', 'purpose': 'Analytics - Advertising or marketing - Fraud prevention - security - and compliance', 'optional': False}]}, {'category': 'App activity', 'sub_info': [{'data_type': 'App interactions', 'purpose': 'Analytics - Advertising or marketing - Fraud prevention - security - and compliance', 'optional': False}]}], 'security_practices': [{'category': 'Data is encrypted in transit', 'sub_info': []}, {'category': 'You can request that data be deleted', 'sub_info': []}]}","Notice. This page is a placeholder. The document that normally appears here is not available at this address. No statement about data handling, data collection, data sharing, tracking, storage, retention, disclosure or user rights is made on this page. Please check back later.",0,,1,null,privacy policy replaced by a contentless placeholder
137,com.inkboard.animatic,Animatic,Art & Design,Mid (50K-1M),"{'data_shared': [], 'data_collected': [], 'security_practices': [{'category': 'Committed to follow the Play Families Policy', 'sub_info': []}]}","Notice. This page is a placeholder. The document that normally appears here is not available at this address. No statement about data handling, data collection, data sharing, tracking, storage, retention, disclosure or user rights is made on this page. Please check back later.",0,,1,null,privacy policy replaced by a contentless placeholder
469,com.adalsoft.trns.frtr,Fransızca Türkçe Çeviri,Books & Reference,Low (<50K),"{'data_shared': [{'category': 'App activity', 'sub_info': [{'data_type': 'App interactions', 'purpose': 'Analytics - Advertising or marketing - Fraud prevention - security - and compliance', 'optional': False}]}, {'category': 'Location', 'sub_info': [{'data_type': 'Approximate location', 'purpose': 'Analytics - Advertising or marketing - Fraud prevention - security - and compliance', 'optional': False}]}, {'category': 'Device or other IDs', 'sub_info': [{'data_type': 'Device or other IDs', 'purpose': 'Analytics - Advertising or marketing - Fraud prevention - security - and compliance', 'optional': False}]}, {'category': 'App info and performance', 'sub_info': [{'data_type': 'Crash logs', 'purpose': 'Analytics - Advertising or marketing - Fraud prevention - security - and compliance', 'optional': False}, {'data_type': 'Diagnostics', 'purpose': 'Analytics - Advertising or marketing - Fraud prevention - security - and compliance', 'optional': False}]}], 'data_collected': [], 'security_practices': [{'category': 'Data is encrypted in transit', 'sub_info': []}, {'category': 'Data can’t be deleted', 'sub_info': []}]}","Notice. This page is a placeholder. The document that normally appears here is not available at this address. No statement about data handling, data collection, data sharing, tracking, storage, retention, disclosure or user rights is made on this page. Please check back later.",0,,1,null,privacy policy replaced by a contentless placeholder
430,org.exchangemessage,Exchange Message,Books & Reference,Low (<50K),"{'data_shared': [], 'data_collected': [{'category': 'App info and performance', 'sub_info': [{'data_type': 'Diagnostics', 'purpose': 'Fraud prevention - security - and compliance - Account management', 'optional': False}]}, {'category': 'App activity', 'sub_info': [{'data_type': 'Other user-generated content', 'purpose': 'App functionality', 'optional': False}]}, {'category': 'Device or other IDs', 'sub_info': [{'data_type': 'Device or other IDs', 'purpose': 'Fraud prevention - security - and compliance - Account management', 'optional': False}]}, {'category': 'Personal info', 'sub_info': [{'data_type': 'Name', 'purpose': 'App functionality - Fraud prevention - security - and compliance - Account management', 'optional': True}, {'data_type': 'Email address', 'purpose': 'App functionality - Fraud prevention - security - and compliance - Account management', 'optional': True}]}], 'security_practices': [{'category': 'Data is encrypted in transit', 'sub_info': []}, {'category': 'You can request that data be deleted', 'sub_info': []}]}","Notice. This page is a placeholder. The document that normally appears here is not available at this address. No statement about data handling, data collection, data sharing, tracking, storage, retention, disclosure or user rights is made on this page. Please check back later.",0,,1,null,privacy policy replaced by a contentless placeholder
134,com.socialmedia.socialmediapostmaker,Social Media Post Maker,Art & Design,Mid (50K-1M),"{'data_shared': [], 'data_collected': [{'category': 'App info and performance', 'sub_info': [{'data_type': 'Crash logs', 'purpose': 'Analytics', 'optional': False}]}, {'category': 'Device or other IDs', 'sub_info': [{'data_type': 'Device or other IDs', 'purpose': 'Analytics', 'optional': False}]}], 'security_practices': [{'category': 'Data isn’t encrypted', 'sub_info': []}, {'category': 'Data can’t be deleted', 'sub_info': []}]}","Notice. This page is a placeholder. The document that normally appears here is not available at this address. No statement about data handling, data collection, data sharing, tracking, storage, retention, disclosure or user rights is made on this page. Please check back later.",0,,1,null,privacy policy replaced by a contentless placeholder
180,com.codeway.wonder,Wonder - AI Art Generator,Art & Design,High (1M-50M),"{'data_shared': [{'category': 'Messages', 'sub_info': [{'data_type': 'Emails', 'purpose': 'App functionality - Analytics', 'optional': False}]}, {'category': 'Location', 'sub_info': [{'data_type': 'Approximate location', 'purpose': 'App functionality - Analytics - Advertising or marketing', 'optional': False}]}, {'category': 'Personal info', 'sub_info': [{'data_type': 'Email address', 'purpose': 'App functionality - Analytics', 'optional': False}, {'data_type': 'User IDs', 'purpose': 'App functionality - Analytics', 'optional': False}]}, {'category': 'Financial info', 'sub_info': [{'data_type': 'Purchase history', 'purpose': 'App functionality - Analytics - Fraud prevention - security - and compliance', 'optional': False}]}, {'category': 'App info and performance', 'sub_info': [{'data_type': 'Crash logs', 'purpose': 'App functionality - Analytics - Developer communications - Account management', 'optional': False}, {'data_type': 'Diagnostics', 'purpose': 'App functionality - Analytics - Developer communications', 'optional': False}]}, {'category': 'Device or other IDs', 'sub_info': [{'data_type': 'Device or other IDs', 'purpose': 'App functionality - Analytics - Personalization - Account management', 'optional': False}]}], 'data_collected': [{'category': 'Messages', 'sub_info': [{'data_type': 'Emails', 'purpose': 'App functionality - Analytics', 'optional': False}]}, {'category': 'Location', 'sub_info': [{'data_type': 'Approximate location', 'purpose': 'App functionality - Analytics - Advertising or marketing', 'optional': False}]}, {'category': 'Photos and videos', 'sub_info': [{'data_type': 'Photos', 'purpose': 'App functionality - Analytics', 'optional': True}]}, {'category': 'Personal info', 'sub_info': [{'data_type': 'Email address', 'purpose': 'App functionality - Analytics', 'optional': False}, {'data_type': 'User IDs', 'purpose': 'App functionality - Analytics', 'optional': False}]}, {'category': 'App activity', 'sub_info': [{'data_type': 'App interactions', 'purpose': 'App functionality - Analytics - Personalization - Account management', 'optional': False}, {'data_type': 'In-app search history', 'purpose': 'App functionality - Analytics - Developer communications', 'optional': False}, {'data_type': 'Other user-generated content', 'purpose': 'App functionality - Analytics - Developer communications - Personalization - Account management', 'optional': False}]}, {'category': 'Financial info', 'sub_info': [{'data_type': 'Purchase history', 'purpose': 'App functionality - Analytics - Fraud prevention - security - and compliance', 'optional': False}]}, {'category': 'App info and performance', 'sub_info': [{'data_type': 'Crash logs', 'purpose': 'App functionality - Analytics - Developer communications - Account management', 'optional': False}, {'data_type': 'Diagnostics', 'purpose': 'App functionality - Analytics - Developer communications', 'optional': False}]}, {'category': 'Device or other IDs', 'sub_info': [{'data_type': 'Device or other IDs', 'purpose': 'App functionality - Analytics - Personalization - Account management', 'optional': False}]}], 'security_practices': [{'category': 'Data is encrypted in transit', 'sub_info': []}, {'category': 'You can request that data be deleted', 'sub_info': []}]}","Notice. This page is a placeholder. The document that normally appears here is not available at this address. No statement about data handling, data collection, data sharing, tracking, storage, retention, disclosure or user rights is made on this page. Please check back later.",0,,1,null,privacy policy replaced by a contentless placeholder
863,com.free.call.walkie.talkie.ptt.walkie.talkie,Walkie Talkie App: video call,Communication,Mid (50K-1M),"{'data_shared': [{'category': 'App info and performance', 'sub_info': [{'data_type': 'Crash logs', 'purpose': 'Analytics', 'optional': False}, {'data_type': 'Other app performance data', 'purpose': 'Analytics', 'optional': False}]}], 'data_collected': [{'category': 'Audio', 'sub_info': [{'data_type': 'Voice or sound recordings', 'purpose': 'App functionality', 'optional': True}, {'data_type': 'Music files', 'purpose': 'App functionality', 'optional': True}, {'data_type': 'Other audio files', 'purpose': 'App functionality', 'optional': True}]}, {'category': 'App info and performance', 'sub_info': [{'data_type': 'Crash logs', 'purpose': 'Analytics', 'optional': False}, {'data_type': 'Other app performance data', 'purpose': 'Analytics', 'optional': False}]}], 'security_practices': [{'category': 'Data is encrypted in transit', 'sub_info': []}, {'category': 'Data can’t be deleted', 'sub_info': []}]}","Notice. This page is a placeholder. The document that normally appears here is not available at this address. No statement about data handling, data collection, data sharing, tracking, storage, retention, disclosure or user rights is made on this page. Please check back later.",0,,1,null,privacy policy replaced by a contentless placeholder
2254,com.rarlab.rar,RAR,Tools,Top (50M+),"{'data_shared': [], 'data_collected': []}","Notice. This page is a placeholder. The document that normally appears here is not available at this address. No statement about data handling, data collection, data sharing, tracking, storage, retention, disclosure or user rights is made on this page. Please check back later.",0,,1,null,privacy policy replaced by a contentless placeholder
647,com.GijimaMobile.BoardViewProfessional,BoardView Professional,Business,Low (<50K),"{'data_shared': [{'category': 'Device or other IDs', 'sub_info': [{'data_type': 'Device or other IDs', 'purpose': 'App functionality', 'optional': False}]}, {'category': 'App info and performance', 'sub_info': [{'data_type': 'Crash logs', 'purpose': 'App functionality', 'optional': False}]}, {'category': 'Calendar', 'sub_info': [{'data_type': 'Calendar events', 'purpose': 'App functionality', 'optional': False}]}], 'data_collected': [], 'security_practices': [{'category': 'Data is encrypted in transit', 'sub_info': []}, {'category': 'Data can’t be deleted', 'sub_info': []}]}","Notice. This page is a placeholder. The document that normally appears here is not available at this address. No statement about data handling, data collection, data sharing, tracking, storage, retention, disclosure or user rights is made on this page. Please check back later.",0,,1,null,privacy policy replaced by a contentless placeholder
